0 verbose cli /opt/homebrew/Cellar/node/23.11.0/bin/node /opt/homebrew/bin/npm
1 info using npm@10.9.2
2 info using node@v23.11.0
3 silly config load:file:/opt/homebrew/lib/node_modules/npm/npmrc
4 silly config load:file:/Users/mitchellengare/Downloads/african-gbv-tracker/.npmrc
5 silly config load:file:/Users/mitchellengare/.npmrc
6 silly config load:file:/opt/homebrew/etc/npmrc
7 verbose title npm install
8 verbose argv "install"
9 verbose logfile logs-max:10 dir:/Users/mitchellengare/.npm/_logs/2026-01-25T22_42_47_922Z-
10 verbose logfile /Users/mitchellengare/.npm/_logs/2026-01-25T22_42_47_922Z-debug-0.log
11 silly logfile start cleaning logs, removing 1 files
12 silly packumentCache heap:2197815296 maxSize:549453824 maxEntrySize:274726912
13 silly logfile done cleaning log files
14 silly idealTree buildDeps
15 silly fetch manifest @supabase/supabase-js@^2.49.1
16 silly packumentCache full:https://registry.npmjs.org/@supabase%2fsupabase-js cache-miss
17 http fetch GET 200 https://registry.npmjs.org/npm 160ms
18 http fetch GET 200 https://registry.npmjs.org/@supabase%2fsupabase-js 157ms (cache miss)
19 silly packumentCache full:https://registry.npmjs.org/@supabase%2fsupabase-js set size:undefined disposed:false
20 silly fetch manifest clsx@^2.1.1
21 silly packumentCache full:https://registry.npmjs.org/clsx cache-miss
22 http fetch GET 200 https://registry.npmjs.org/clsx 39ms (cache revalidated)
23 silly packumentCache full:https://registry.npmjs.org/clsx set size:42506 disposed:false
24 silly fetch manifest lucide-react@^0.469.0
25 silly packumentCache full:https://registry.npmjs.org/lucide-react cache-miss
26 http fetch GET 200 https://registry.npmjs.org/lucide-react 213ms (cache updated)
27 silly packumentCache full:https://registry.npmjs.org/lucide-react set size:undefined disposed:false
28 silly fetch manifest react@^18.3.1
29 silly packumentCache full:https://registry.npmjs.org/react cache-miss
30 http fetch GET 200 https://registry.npmjs.org/react 113ms (cache updated)
31 silly packumentCache full:https://registry.npmjs.org/react set size:undefined disposed:false
32 silly fetch manifest react-dom@^18.3.1
33 silly packumentCache full:https://registry.npmjs.org/react-dom cache-miss
34 http fetch GET 200 https://registry.npmjs.org/react-dom 131ms (cache updated)
35 silly packumentCache full:https://registry.npmjs.org/react-dom set size:undefined disposed:false
36 silly fetch manifest @eslint/js@^9.17.0
37 silly packumentCache full:https://registry.npmjs.org/@eslint%2fjs cache-miss
38 http fetch GET 200 https://registry.npmjs.org/@eslint%2fjs 152ms (cache updated)
39 silly packumentCache full:https://registry.npmjs.org/@eslint%2fjs set size:undefined disposed:false
40 silly fetch manifest @types/react@^18.3.18
41 silly packumentCache full:https://registry.npmjs.org/@types%2freact cache-miss
42 http fetch GET 200 https://registry.npmjs.org/@types%2freact 42ms (cache revalidated)
43 silly packumentCache full:https://registry.npmjs.org/@types%2freact set size:2551060 disposed:false
44 silly fetch manifest @types/react-dom@^18.3.5
45 silly packumentCache full:https://registry.npmjs.org/@types%2freact-dom cache-miss
46 http fetch GET 200 https://registry.npmjs.org/@types%2freact-dom 44ms (cache revalidated)
47 silly packumentCache full:https://registry.npmjs.org/@types%2freact-dom set size:429026 disposed:false
48 silly fetch manifest @vitejs/plugin-react@^4.3.4
49 silly packumentCache full:https://registry.npmjs.org/@vitejs%2fplugin-react cache-miss
50 http fetch GET 200 https://registry.npmjs.org/@vitejs%2fplugin-react 121ms (cache revalidated)
51 silly packumentCache full:https://registry.npmjs.org/@vitejs%2fplugin-react set size:244931 disposed:false
52 silly fetch manifest vite@^6.0.7
53 silly packumentCache full:https://registry.npmjs.org/vite cache-miss
54 http fetch GET 200 https://registry.npmjs.org/vite 850ms (cache updated)
55 silly packumentCache full:https://registry.npmjs.org/vite set size:undefined disposed:false
56 silly fetch manifest @types/node@^18.0.0 || ^20.0.0 || >=22.0.0
57 silly packumentCache full:https://registry.npmjs.org/@types%2fnode cache-miss
58 http fetch GET 200 https://registry.npmjs.org/@types%2fnode 115ms (cache updated)
59 silly packumentCache full:https://registry.npmjs.org/@types%2fnode set size:undefined disposed:false
60 silly fetch manifest jiti@>=1.21.0
61 silly packumentCache full:https://registry.npmjs.org/jiti cache-miss
62 http fetch GET 200 https://registry.npmjs.org/jiti 33ms (cache revalidated)
63 silly packumentCache full:https://registry.npmjs.org/jiti set size:382310 disposed:false
64 silly fetch manifest less@*
65 silly packumentCache full:https://registry.npmjs.org/less cache-miss
66 http fetch GET 200 https://registry.npmjs.org/less 27ms (cache revalidated)
67 silly packumentCache full:https://registry.npmjs.org/less set size:430648 disposed:false
68 silly fetch manifest lightningcss@^1.21.0
69 silly packumentCache full:https://registry.npmjs.org/lightningcss cache-miss
70 http fetch GET 200 https://registry.npmjs.org/lightningcss 122ms (cache updated)
71 silly packumentCache full:https://registry.npmjs.org/lightningcss set size:undefined disposed:false
72 silly fetch manifest sass@*
73 silly packumentCache full:https://registry.npmjs.org/sass cache-miss
74 http fetch GET 200 https://registry.npmjs.org/sass 47ms (cache updated)
75 silly packumentCache full:https://registry.npmjs.org/sass set size:undefined disposed:false
76 silly fetch manifest sass-embedded@*
77 silly packumentCache full:https://registry.npmjs.org/sass-embedded cache-miss
78 http fetch GET 200 https://registry.npmjs.org/sass-embedded 43ms (cache updated)
79 silly packumentCache full:https://registry.npmjs.org/sass-embedded set size:undefined disposed:false
80 silly fetch manifest stylus@*
81 silly packumentCache full:https://registry.npmjs.org/stylus cache-miss
82 http fetch GET 200 https://registry.npmjs.org/stylus 34ms (cache revalidated)
83 silly packumentCache full:https://registry.npmjs.org/stylus set size:286766 disposed:false
84 silly fetch manifest sugarss@*
85 silly packumentCache full:https://registry.npmjs.org/sugarss cache-miss
86 http fetch GET 200 https://registry.npmjs.org/sugarss 107ms (cache revalidated)
87 silly packumentCache full:https://registry.npmjs.org/sugarss set size:44975 disposed:false
88 silly fetch manifest postcss@^8.4.49
89 silly packumentCache full:https://registry.npmjs.org/postcss cache-miss
90 http fetch GET 200 https://registry.npmjs.org/postcss 31ms (cache revalidated)
91 silly packumentCache full:https://registry.npmjs.org/postcss set size:696248 disposed:false
92 silly fetch manifest terser@^5.16.0
93 silly packumentCache full:https://registry.npmjs.org/terser cache-miss
94 http fetch GET 200 https://registry.npmjs.org/terser 45ms (cache revalidated)
95 silly packumentCache full:https://registry.npmjs.org/terser set size:786629 disposed:false
96 silly fetch manifest tsx@^4.8.1
97 silly packumentCache full:https://registry.npmjs.org/tsx cache-miss
98 http fetch GET 200 https://registry.npmjs.org/tsx 29ms (cache revalidated)
99 silly packumentCache full:https://registry.npmjs.org/tsx set size:289592 disposed:false
100 silly fetch manifest yaml@^2.4.2
101 silly packumentCache full:https://registry.npmjs.org/yaml cache-miss
102 http fetch GET 200 https://registry.npmjs.org/yaml 29ms (cache revalidated)
103 silly packumentCache full:https://registry.npmjs.org/yaml set size:364997 disposed:false
104 silly fetch manifest autoprefixer@^10.4.20
105 silly packumentCache full:https://registry.npmjs.org/autoprefixer cache-miss
106 http fetch GET 200 https://registry.npmjs.org/autoprefixer 116ms (cache revalidated)
107 silly packumentCache full:https://registry.npmjs.org/autoprefixer set size:1261581 disposed:false
108 silly fetch manifest eslint@^9.17.0
109 silly packumentCache full:https://registry.npmjs.org/eslint cache-miss
110 http fetch GET 200 https://registry.npmjs.org/eslint 65ms (cache updated)
111 silly packumentCache full:https://registry.npmjs.org/eslint set size:undefined disposed:false
112 silly fetch manifest jiti@*
113 silly packumentCache full:https://registry.npmjs.org/jiti cache-hit
114 silly fetch manifest eslint-plugin-react-hooks@^5.1.0
115 silly packumentCache full:https://registry.npmjs.org/eslint-plugin-react-hooks cache-miss
116 http fetch GET 200 https://registry.npmjs.org/eslint-plugin-react-hooks 94ms (cache updated)
117 silly packumentCache full:https://registry.npmjs.org/eslint-plugin-react-hooks set size:undefined disposed:false
118 silly fetch manifest eslint-plugin-react-refresh@^0.4.16
119 silly packumentCache full:https://registry.npmjs.org/eslint-plugin-react-refresh cache-miss
120 http fetch GET 200 https://registry.npmjs.org/eslint-plugin-react-refresh 33ms (cache miss)
121 silly packumentCache full:https://registry.npmjs.org/eslint-plugin-react-refresh set size:undefined disposed:false
122 silly fetch manifest globals@^15.14.0
123 silly packumentCache full:https://registry.npmjs.org/globals cache-miss
124 http fetch GET 200 https://registry.npmjs.org/globals 36ms (cache updated)
125 silly packumentCache full:https://registry.npmjs.org/globals set size:undefined disposed:false
126 silly fetch manifest tailwindcss@^3.4.17
127 silly packumentCache full:https://registry.npmjs.org/tailwindcss cache-miss
128 http fetch GET 200 https://registry.npmjs.org/tailwindcss 46ms (cache revalidated)
129 silly packumentCache full:https://registry.npmjs.org/tailwindcss set size:10106959 disposed:false
130 silly fetch manifest typescript@^5.6.3
131 silly packumentCache full:https://registry.npmjs.org/typescript cache-miss
132 http fetch GET 200 https://registry.npmjs.org/typescript 197ms (cache updated)
133 silly packumentCache full:https://registry.npmjs.org/typescript set size:undefined disposed:false
134 silly fetch manifest typescript-eslint@^8.19.0
135 silly packumentCache full:https://registry.npmjs.org/typescript-eslint cache-miss
136 http fetch GET 200 https://registry.npmjs.org/typescript-eslint 63ms (cache miss)
137 silly packumentCache full:https://registry.npmjs.org/typescript-eslint set size:undefined disposed:false
138 silly placeDep ROOT @eslint/js@9.39.2 OK for: african-gbv-tracker@0.1.0 want: ^9.17.0
139 silly placeDep ROOT @supabase/supabase-js@2.91.1 OK for: african-gbv-tracker@0.1.0 want: ^2.49.1
140 silly placeDep ROOT @types/react@18.3.27 OK for: african-gbv-tracker@0.1.0 want: ^18.3.18
141 silly placeDep ROOT @types/react-dom@18.3.7 OK for: african-gbv-tracker@0.1.0 want: ^18.3.5
142 silly placeDep ROOT @vitejs/plugin-react@4.7.0 OK for: african-gbv-tracker@0.1.0 want: ^4.3.4
143 silly placeDep ROOT vite@6.4.1 OK for: @vitejs/plugin-react@4.7.0 want: ^4.2.0 || ^5.0.0 || ^6.0.0 || ^7.0.0
144 silly placeDep ROOT autoprefixer@10.4.23 OK for: african-gbv-tracker@0.1.0 want: ^10.4.20
145 silly placeDep ROOT postcss@8.5.6 OK for: autoprefixer@10.4.23 want: ^8.1.0
146 silly placeDep ROOT clsx@2.1.1 OK for: african-gbv-tracker@0.1.0 want: ^2.1.1
147 silly placeDep ROOT eslint@9.39.2 OK for: african-gbv-tracker@0.1.0 want: ^9.17.0
148 silly placeDep ROOT eslint-plugin-react-hooks@5.2.0 OK for: african-gbv-tracker@0.1.0 want: ^5.1.0
149 silly placeDep ROOT eslint-plugin-react-refresh@0.4.26 OK for: african-gbv-tracker@0.1.0 want: ^0.4.16
150 silly placeDep ROOT globals@15.15.0 OK for: african-gbv-tracker@0.1.0 want: ^15.14.0
151 silly placeDep ROOT lucide-react@0.469.0 OK for: african-gbv-tracker@0.1.0 want: ^0.469.0
152 silly placeDep ROOT react@18.3.1 OK for: lucide-react@0.469.0 want: ^16.5.1 || ^17.0.0 || ^18.0.0 || ^19.0.0
153 silly placeDep ROOT react-dom@18.3.1 OK for: african-gbv-tracker@0.1.0 want: ^18.3.1
154 silly placeDep ROOT tailwindcss@3.4.19 OK for: african-gbv-tracker@0.1.0 want: ^3.4.17
155 silly placeDep ROOT typescript@5.9.3 OK for: african-gbv-tracker@0.1.0 want: ^5.6.3
156 silly placeDep ROOT typescript-eslint@8.53.1 OK for: african-gbv-tracker@0.1.0 want: ^8.19.0
157 silly fetch manifest @supabase/auth-js@2.91.1
158 silly packumentCache full:https://registry.npmjs.org/@supabase%2fauth-js cache-miss
159 silly fetch manifest @supabase/storage-js@2.91.1
160 silly packumentCache full:https://registry.npmjs.org/@supabase%2fstorage-js cache-miss
161 silly fetch manifest @supabase/realtime-js@2.91.1
162 silly packumentCache full:https://registry.npmjs.org/@supabase%2frealtime-js cache-miss
163 silly fetch manifest @supabase/functions-js@2.91.1
164 silly packumentCache full:https://registry.npmjs.org/@supabase%2ffunctions-js cache-miss
165 silly fetch manifest @supabase/postgrest-js@2.91.1
166 silly packumentCache full:https://registry.npmjs.org/@supabase%2fpostgrest-js cache-miss
167 silly fetch manifest csstype@^3.2.2
168 silly packumentCache full:https://registry.npmjs.org/csstype cache-miss
169 silly fetch manifest @types/prop-types@*
170 silly packumentCache full:https://registry.npmjs.org/@types%2fprop-types cache-miss
171 http fetch GET 200 https://registry.npmjs.org/csstype 67ms (cache revalidated)
172 silly packumentCache full:https://registry.npmjs.org/csstype set size:274189 disposed:false
173 silly fetch manifest @babel/core@^7.28.0
174 silly packumentCache full:https://registry.npmjs.org/@babel%2fcore cache-miss
175 http fetch GET 200 https://registry.npmjs.org/@types%2fprop-types 91ms (cache updated)
176 silly packumentCache full:https://registry.npmjs.org/@types%2fprop-types set size:undefined disposed:false
177 silly fetch manifest react-refresh@^0.17.0
178 silly packumentCache full:https://registry.npmjs.org/react-refresh cache-miss
179 http fetch GET 200 https://registry.npmjs.org/@supabase%2fpostgrest-js 92ms (cache miss)
180 silly packumentCache full:https://registry.npmjs.org/@supabase%2fpostgrest-js set size:undefined disposed:false
181 silly fetch manifest @types/babel__core@^7.20.5
182 silly packumentCache full:https://registry.npmjs.org/@types%2fbabel__core cache-miss
183 http fetch GET 200 https://registry.npmjs.org/@babel%2fcore 36ms (cache revalidated)
184 silly packumentCache full:https://registry.npmjs.org/@babel%2fcore set size:745002 disposed:false
185 silly fetch manifest @rolldown/pluginutils@1.0.0-beta.27
186 silly packumentCache full:https://registry.npmjs.org/@rolldown%2fpluginutils cache-miss
187 http fetch GET 200 https://registry.npmjs.org/@supabase%2fstorage-js 107ms (cache miss)
188 silly packumentCache full:https://registry.npmjs.org/@supabase%2fstorage-js set size:undefined disposed:false
189 silly fetch manifest @babel/plugin-transform-react-jsx-self@^7.27.1
190 silly packumentCache full:https://registry.npmjs.org/@babel%2fplugin-transform-react-jsx-self cache-miss
191 http fetch GET 200 https://registry.npmjs.org/@types%2fbabel__core 38ms (cache revalidated)
192 silly packumentCache full:https://registry.npmjs.org/@types%2fbabel__core set size:88676 disposed:false
193 silly fetch manifest @babel/plugin-transform-react-jsx-source@^7.27.1
194 silly packumentCache full:https://registry.npmjs.org/@babel%2fplugin-transform-react-jsx-source cache-miss
195 http fetch GET 200 https://registry.npmjs.org/@supabase%2ffunctions-js 146ms (cache miss)
196 silly packumentCache full:https://registry.npmjs.org/@supabase%2ffunctions-js set size:undefined disposed:false
197 silly fetch manifest fdir@^6.4.4
198 silly packumentCache full:https://registry.npmjs.org/fdir cache-miss
199 http fetch GET 200 https://registry.npmjs.org/@babel%2fplugin-transform-react-jsx-self 43ms (cache revalidated)
200 silly packumentCache full:https://registry.npmjs.org/@babel%2fplugin-transform-react-jsx-self set size:198119 disposed:false
201 silly fetch manifest rollup@^4.34.9
202 silly packumentCache full:https://registry.npmjs.org/rollup cache-miss
203 http fetch GET 200 https://registry.npmjs.org/@supabase%2fauth-js 166ms (cache miss)
204 silly packumentCache full:https://registry.npmjs.org/@supabase%2fauth-js set size:undefined disposed:false
205 silly fetch manifest esbuild@^0.25.0
206 silly packumentCache full:https://registry.npmjs.org/esbuild cache-miss
207 http fetch GET 200 https://registry.npmjs.org/@babel%2fplugin-transform-react-jsx-source 46ms (cache revalidated)
208 silly packumentCache full:https://registry.npmjs.org/@babel%2fplugin-transform-react-jsx-source set size:203114 disposed:false
209 silly fetch manifest postcss@^8.5.3
210 silly packumentCache full:https://registry.npmjs.org/postcss cache-hit
211 silly fetch manifest picomatch@^4.0.2
212 silly packumentCache full:https://registry.npmjs.org/picomatch cache-miss
213 http fetch GET 200 https://registry.npmjs.org/fdir 46ms (cache revalidated)
214 silly packumentCache full:https://registry.npmjs.org/fdir set size:136182 disposed:false
215 silly fetch manifest tinyglobby@^0.2.13
216 silly packumentCache full:https://registry.npmjs.org/tinyglobby cache-miss
217 http fetch GET 200 https://registry.npmjs.org/@rolldown%2fpluginutils 89ms (cache updated)
218 silly packumentCache full:https://registry.npmjs.org/@rolldown%2fpluginutils set size:undefined disposed:false
219 silly fetch manifest fsevents@~2.3.3
220 silly packumentCache full:https://registry.npmjs.org/fsevents cache-miss
221 http fetch GET 200 https://registry.npmjs.org/esbuild 34ms (cache revalidated)
222 silly packumentCache full:https://registry.npmjs.org/esbuild set size:1239695 disposed:false
223 silly fetch manifest browserslist@^4.28.1
224 silly packumentCache full:https://registry.npmjs.org/browserslist cache-miss
225 http fetch GET 200 https://registry.npmjs.org/react-refresh 125ms (cache updated)
226 silly packumentCache full:https://registry.npmjs.org/react-refresh set size:undefined disposed:false
227 silly fetch manifest caniuse-lite@^1.0.30001760
228 silly packumentCache full:https://registry.npmjs.org/caniuse-lite cache-miss
229 http fetch GET 200 https://registry.npmjs.org/picomatch 120ms (cache revalidated)
230 silly packumentCache full:https://registry.npmjs.org/picomatch set size:118818 disposed:false
231 silly fetch manifest fraction.js@^5.3.4
232 silly packumentCache full:https://registry.npmjs.org/fraction.js cache-miss
233 http fetch GET 200 https://registry.npmjs.org/tinyglobby 121ms (cache revalidated)
234 silly packumentCache full:https://registry.npmjs.org/tinyglobby set size:49812 disposed:false
235 silly fetch manifest picocolors@^1.1.1
236 silly packumentCache full:https://registry.npmjs.org/picocolors cache-miss
237 http fetch GET 200 https://registry.npmjs.org/fsevents 119ms (cache revalidated)
238 silly packumentCache full:https://registry.npmjs.org/fsevents set size:182472 disposed:false
239 silly fetch manifest postcss-value-parser@^4.2.0
240 silly packumentCache full:https://registry.npmjs.org/postcss-value-parser cache-miss
241 http fetch GET 200 https://registry.npmjs.org/@supabase%2frealtime-js 318ms (cache miss)
242 silly packumentCache full:https://registry.npmjs.org/@supabase%2frealtime-js set size:undefined disposed:false
243 silly fetch manifest nanoid@^3.3.11
244 silly packumentCache full:https://registry.npmjs.org/nanoid cache-miss
245 http fetch GET 200 https://registry.npmjs.org/browserslist 120ms (cache revalidated)
246 silly packumentCache full:https://registry.npmjs.org/browserslist set size:502989 disposed:false
247 silly fetch manifest picocolors@^1.1.1
248 silly packumentCache full:https://registry.npmjs.org/picocolors cache-miss
249 http fetch GET 200 https://registry.npmjs.org/fraction.js 26ms (cache revalidated)
250 silly packumentCache full:https://registry.npmjs.org/fraction.js set size:149386 disposed:false
251 silly fetch manifest source-map-js@^1.2.1
252 silly packumentCache full:https://registry.npmjs.org/source-map-js cache-miss
253 http fetch GET 200 https://registry.npmjs.org/rollup 181ms (cache updated)
254 silly packumentCache full:https://registry.npmjs.org/rollup set size:undefined disposed:false
255 silly fetch manifest ajv@^6.12.4
256 silly packumentCache full:https://registry.npmjs.org/ajv cache-miss
257 http fetch GET 200 https://registry.npmjs.org/picocolors 32ms (cache revalidated)
258 silly packumentCache full:https://registry.npmjs.org/picocolors set size:16648 disposed:false
259 silly fetch manifest chalk@^4.0.0
260 silly packumentCache full:https://registry.npmjs.org/chalk cache-miss
261 http fetch GET 200 https://registry.npmjs.org/picocolors 45ms (cache revalidated)
262 silly packumentCache full:https://registry.npmjs.org/picocolors set size:16648 disposed:false
263 silly packumentCache full:https://registry.npmjs.org/picocolors dispose
264 silly fetch manifest debug@^4.3.2
265 silly packumentCache full:https://registry.npmjs.org/debug cache-miss
266 http fetch GET 200 https://registry.npmjs.org/nanoid 39ms (cache revalidated)
267 silly packumentCache full:https://registry.npmjs.org/nanoid set size:298419 disposed:false
268 silly fetch manifest espree@^10.4.0
269 silly packumentCache full:https://registry.npmjs.org/espree cache-miss
270 http fetch GET 200 https://registry.npmjs.org/postcss-value-parser 45ms (cache revalidated)
271 silly packumentCache full:https://registry.npmjs.org/postcss-value-parser set size:73484 disposed:false
272 silly fetch manifest ignore@^5.2.0
273 silly packumentCache full:https://registry.npmjs.org/ignore cache-miss
274 http fetch GET 200 https://registry.npmjs.org/source-map-js 44ms (cache revalidated)
275 silly packumentCache full:https://registry.npmjs.org/source-map-js set size:62640 disposed:false
276 silly fetch manifest esquery@^1.5.0
277 silly packumentCache full:https://registry.npmjs.org/esquery cache-miss
278 http fetch GET 200 https://registry.npmjs.org/debug 27ms (cache revalidated)
279 silly packumentCache full:https://registry.npmjs.org/debug set size:195840 disposed:false
280 silly fetch manifest esutils@^2.0.2
281 silly packumentCache full:https://registry.npmjs.org/esutils cache-miss
282 http fetch GET 200 https://registry.npmjs.org/ignore 27ms (cache revalidated)
283 silly packumentCache full:https://registry.npmjs.org/ignore set size:237380 disposed:false
284 silly fetch manifest find-up@^5.0.0
285 silly packumentCache full:https://registry.npmjs.org/find-up cache-miss
286 http fetch GET 200 https://registry.npmjs.org/ajv 35ms (cache revalidated)
287 silly packumentCache full:https://registry.npmjs.org/ajv set size:1126055 disposed:false
288 silly fetch manifest is-glob@^4.0.0
289 silly packumentCache full:https://registry.npmjs.org/is-glob cache-miss
290 http fetch GET 200 https://registry.npmjs.org/chalk 36ms (cache revalidated)
291 silly packumentCache full:https://registry.npmjs.org/chalk set size:117861 disposed:false
292 silly fetch manifest minimatch@^3.1.2
293 silly packumentCache full:https://registry.npmjs.org/minimatch cache-miss
294 http fetch GET 200 https://registry.npmjs.org/espree 38ms (cache updated)
295 silly packumentCache full:https://registry.npmjs.org/espree set size:undefined disposed:false
296 silly fetch manifest optionator@^0.9.3
297 silly packumentCache full:https://registry.npmjs.org/optionator cache-miss
298 http fetch GET 200 https://registry.npmjs.org/esquery 35ms (cache updated)
299 silly packumentCache full:https://registry.npmjs.org/esquery set size:undefined disposed:false
300 silly fetch manifest cross-spawn@^7.0.6
301 silly packumentCache full:https://registry.npmjs.org/cross-spawn cache-miss
302 http fetch GET 200 https://registry.npmjs.org/find-up 31ms (cache revalidated)
303 silly packumentCache full:https://registry.npmjs.org/find-up set size:42620 disposed:false
304 silly fetch manifest glob-parent@^6.0.2
305 silly packumentCache full:https://registry.npmjs.org/glob-parent cache-miss
306 http fetch GET 200 https://registry.npmjs.org/is-glob 28ms (cache revalidated)
307 silly packumentCache full:https://registry.npmjs.org/is-glob set size:40530 disposed:false
308 silly fetch manifest imurmurhash@^0.1.4
309 silly packumentCache full:https://registry.npmjs.org/imurmurhash cache-miss
310 http fetch GET 200 https://registry.npmjs.org/caniuse-lite 192ms (cache updated)
311 silly packumentCache full:https://registry.npmjs.org/caniuse-lite set size:undefined disposed:false
312 silly fetch manifest @eslint/core@^0.17.0
313 silly packumentCache full:https://registry.npmjs.org/@eslint%2fcore cache-miss
314 http fetch GET 200 https://registry.npmjs.org/minimatch 35ms (cache revalidated)
315 silly packumentCache full:https://registry.npmjs.org/minimatch set size:303959 disposed:false
316 silly fetch manifest eslint-scope@^8.4.0
317 silly packumentCache full:https://registry.npmjs.org/eslint-scope cache-miss
318 http fetch GET 200 https://registry.npmjs.org/optionator 32ms (cache revalidated)
319 silly packumentCache full:https://registry.npmjs.org/optionator set size:49651 disposed:false
320 silly fetch manifest lodash.merge@^4.6.2
321 silly packumentCache full:https://registry.npmjs.org/lodash.merge cache-miss
322 http fetch GET 200 https://registry.npmjs.org/esutils 46ms (cache revalidated)
323 silly packumentCache full:https://registry.npmjs.org/esutils set size:29522 disposed:false
324 silly fetch manifest @humanfs/node@^0.16.6
325 silly packumentCache full:https://registry.npmjs.org/@humanfs%2fnode cache-miss
326 http fetch GET 200 https://registry.npmjs.org/glob-parent 26ms (cache revalidated)
327 silly packumentCache full:https://registry.npmjs.org/glob-parent set size:42445 disposed:false
328 silly fetch manifest @types/estree@^1.0.6
329 silly packumentCache full:https://registry.npmjs.org/@types%2festree cache-miss
330 http fetch GET 200 https://registry.npmjs.org/imurmurhash 28ms (cache revalidated)
331 silly packumentCache full:https://registry.npmjs.org/imurmurhash set size:35819 disposed:false
332 silly fetch manifest fast-deep-equal@^3.1.3
333 silly packumentCache full:https://registry.npmjs.org/fast-deep-equal cache-miss
334 http fetch GET 200 https://registry.npmjs.org/cross-spawn 45ms (cache revalidated)
335 silly packumentCache full:https://registry.npmjs.org/cross-spawn set size:109066 disposed:false
336 silly fetch manifest natural-compare@^1.4.0
337 silly packumentCache full:https://registry.npmjs.org/natural-compare cache-miss
338 http fetch GET 200 https://registry.npmjs.org/lodash.merge 29ms (cache revalidated)
339 silly packumentCache full:https://registry.npmjs.org/lodash.merge set size:78575 disposed:false
340 silly fetch manifest @eslint/eslintrc@^3.3.1
341 silly packumentCache full:https://registry.npmjs.org/@eslint%2feslintrc cache-miss
342 http fetch GET 200 https://registry.npmjs.org/@eslint%2fcore 39ms (cache updated)
343 silly packumentCache full:https://registry.npmjs.org/@eslint%2fcore set size:undefined disposed:false
344 silly fetch manifest file-entry-cache@^8.0.0
345 silly packumentCache full:https://registry.npmjs.org/file-entry-cache cache-miss
346 http fetch GET 200 https://registry.npmjs.org/@humanfs%2fnode 37ms (cache revalidated)
347 silly packumentCache full:https://registry.npmjs.org/@humanfs%2fnode set size:37704 disposed:false
348 silly fetch manifest @eslint/plugin-kit@^0.4.1
349 silly packumentCache full:https://registry.npmjs.org/@eslint%2fplugin-kit cache-miss
350 http fetch GET 200 https://registry.npmjs.org/eslint-scope 40ms (cache updated)
351 silly packumentCache full:https://registry.npmjs.org/eslint-scope set size:undefined disposed:false
352 silly fetch manifest eslint-visitor-keys@^4.2.1
353 silly packumentCache full:https://registry.npmjs.org/eslint-visitor-keys cache-miss
354 http fetch GET 200 https://registry.npmjs.org/natural-compare 31ms (cache revalidated)
355 silly packumentCache full:https://registry.npmjs.org/natural-compare set size:7852 disposed:false
356 silly fetch manifest @eslint/config-array@^0.21.1
357 silly packumentCache full:https://registry.npmjs.org/@eslint%2fconfig-array cache-miss
358 http fetch GET 200 https://registry.npmjs.org/fast-deep-equal 50ms (cache revalidated)
359 silly packumentCache full:https://registry.npmjs.org/fast-deep-equal set size:48634 disposed:false
360 silly fetch manifest @humanwhocodes/retry@^0.4.2
361 silly packumentCache full:https://registry.npmjs.org/@humanwhocodes%2fretry cache-miss
362 http fetch GET 200 https://registry.npmjs.org/eslint-visitor-keys 28ms (cache revalidated)
363 silly packumentCache full:https://registry.npmjs.org/eslint-visitor-keys set size:67352 disposed:false
364 silly fetch manifest escape-string-regexp@^4.0.0
365 silly packumentCache full:https://registry.npmjs.org/escape-string-regexp cache-miss
366 http fetch GET 200 https://registry.npmjs.org/@eslint%2feslintrc 39ms (cache revalidated)
367 silly packumentCache full:https://registry.npmjs.org/@eslint%2feslintrc set size:163118 disposed:false
368 silly fetch manifest @eslint/config-helpers@^0.4.2
369 silly packumentCache full:https://registry.npmjs.org/@eslint%2fconfig-helpers cache-miss
370 http fetch GET 200 https://registry.npmjs.org/file-entry-cache 34ms (cache updated)
371 silly packumentCache full:https://registry.npmjs.org/file-entry-cache set size:undefined disposed:false
372 silly fetch manifest @eslint-community/regexpp@^4.12.1
373 silly packumentCache full:https://registry.npmjs.org/@eslint-community%2fregexpp cache-miss
374 http fetch GET 200 https://registry.npmjs.org/@eslint%2fplugin-kit 47ms (cache updated)
375 silly packumentCache full:https://registry.npmjs.org/@eslint%2fplugin-kit set size:undefined disposed:false
376 silly fetch manifest @eslint-community/eslint-utils@^4.8.0
377 silly packumentCache full:https://registry.npmjs.org/@eslint-community%2feslint-utils cache-miss
378 http fetch GET 200 https://registry.npmjs.org/@eslint%2fconfig-array 43ms (cache revalidated)
379 silly packumentCache full:https://registry.npmjs.org/@eslint%2fconfig-array set size:56420 disposed:false
380 silly fetch manifest @humanwhocodes/module-importer@^1.0.1
381 silly packumentCache full:https://registry.npmjs.org/@humanwhocodes%2fmodule-importer cache-miss
382 http fetch GET 200 https://registry.npmjs.org/escape-string-regexp 29ms (cache revalidated)
383 silly packumentCache full:https://registry.npmjs.org/escape-string-regexp set size:22244 disposed:false
384 silly fetch manifest json-stable-stringify-without-jsonify@^1.0.1
385 silly packumentCache full:https://registry.npmjs.org/json-stable-stringify-without-jsonify cache-miss
386 http fetch GET 200 https://registry.npmjs.org/@humanwhocodes%2fretry 36ms (cache revalidated)
387 silly packumentCache full:https://registry.npmjs.org/@humanwhocodes%2fretry set size:42348 disposed:false
388 silly fetch manifest loose-envify@^1.1.0
389 silly packumentCache full:https://registry.npmjs.org/loose-envify cache-miss
390 http fetch GET 200 https://registry.npmjs.org/@eslint-community%2fregexpp 43ms (cache revalidated)
391 silly packumentCache full:https://registry.npmjs.org/@eslint-community%2fregexpp set size:106609 disposed:false
392 silly fetch manifest scheduler@^0.23.2
393 silly packumentCache full:https://registry.npmjs.org/scheduler cache-miss
394 http fetch GET 200 https://registry.npmjs.org/@eslint%2fconfig-helpers 45ms (cache updated)
395 silly packumentCache full:https://registry.npmjs.org/@eslint%2fconfig-helpers set size:undefined disposed:false
396 silly fetch manifest loose-envify@^1.1.0
397 silly packumentCache full:https://registry.npmjs.org/loose-envify cache-miss
398 http fetch GET 200 https://registry.npmjs.org/json-stable-stringify-without-jsonify 27ms (cache revalidated)
399 silly packumentCache full:https://registry.npmjs.org/json-stable-stringify-without-jsonify set size:5808 disposed:false
400 silly fetch manifest arg@^5.0.2
401 silly packumentCache full:https://registry.npmjs.org/arg cache-miss
402 http fetch GET 200 https://registry.npmjs.org/loose-envify 27ms (cache revalidated)
403 silly packumentCache full:https://registry.npmjs.org/loose-envify set size:12559 disposed:false
404 silly fetch manifest dlv@^1.1.3
405 silly packumentCache full:https://registry.npmjs.org/dlv cache-miss
406 http fetch GET 200 https://registry.npmjs.org/@types%2festree 119ms (cache revalidated)
407 silly packumentCache full:https://registry.npmjs.org/@types%2festree set size:74091 disposed:false
408 silly fetch manifest jiti@^1.21.7
409 silly packumentCache full:https://registry.npmjs.org/jiti cache-hit
410 silly fetch manifest is-glob@^4.0.3
411 silly packumentCache full:https://registry.npmjs.org/is-glob cache-hit
412 silly fetch manifest resolve@^1.22.8
413 silly packumentCache full:https://registry.npmjs.org/resolve cache-miss
414 http fetch GET 200 https://registry.npmjs.org/loose-envify 24ms (cache revalidated)
415 silly packumentCache full:https://registry.npmjs.org/loose-envify set size:12559 disposed:false
416 silly packumentCache full:https://registry.npmjs.org/loose-envify dispose
417 silly fetch manifest sucrase@^3.35.0
418 silly packumentCache full:https://registry.npmjs.org/sucrase cache-miss
419 http fetch GET 200 https://registry.npmjs.org/@humanwhocodes%2fmodule-importer 45ms (cache revalidated)
420 silly packumentCache full:https://registry.npmjs.org/@humanwhocodes%2fmodule-importer set size:9516 disposed:false
421 silly fetch manifest chokidar@^3.6.0
422 silly packumentCache full:https://registry.npmjs.org/chokidar cache-miss
423 http fetch GET 200 https://registry.npmjs.org/dlv 28ms (cache revalidated)
424 silly packumentCache full:https://registry.npmjs.org/dlv set size:16709 disposed:false
425 silly fetch manifest fast-glob@^3.3.2
426 silly packumentCache full:https://registry.npmjs.org/fast-glob cache-miss
427 http fetch GET 200 https://registry.npmjs.org/resolve 31ms (cache revalidated)
428 silly packumentCache full:https://registry.npmjs.org/resolve set size:246681 disposed:false
429 silly fetch manifest lilconfig@^3.1.3
430 silly packumentCache full:https://registry.npmjs.org/lilconfig cache-miss
431 http fetch GET 200 https://registry.npmjs.org/fast-glob 30ms (cache revalidated)
432 silly packumentCache full:https://registry.npmjs.org/fast-glob set size:220556 disposed:false
433 silly fetch manifest didyoumean@^1.2.2
434 silly packumentCache full:https://registry.npmjs.org/didyoumean cache-miss
435 http fetch GET 200 https://registry.npmjs.org/chokidar 49ms (cache revalidated)
436 silly packumentCache full:https://registry.npmjs.org/chokidar set size:255902 disposed:false
437 silly fetch manifest micromatch@^4.0.8
438 silly packumentCache full:https://registry.npmjs.org/micromatch cache-miss
439 http fetch GET 200 https://registry.npmjs.org/lilconfig 27ms (cache revalidated)
440 silly packumentCache full:https://registry.npmjs.org/lilconfig set size:45636 disposed:false
441 silly fetch manifest postcss-js@^4.0.1
442 silly packumentCache full:https://registry.npmjs.org/postcss-js cache-miss
443 http fetch GET 200 https://registry.npmjs.org/scheduler 85ms (cache updated)
444 silly packumentCache full:https://registry.npmjs.org/scheduler set size:undefined disposed:false
445 silly fetch manifest object-hash@^3.0.0
446 silly packumentCache full:https://registry.npmjs.org/object-hash cache-miss
447 http fetch GET 200 https://registry.npmjs.org/@eslint-community%2feslint-utils 137ms (cache updated)
448 silly packumentCache full:https://registry.npmjs.org/@eslint-community%2feslint-utils set size:undefined disposed:false
449 silly fetch manifest normalize-path@^3.0.0
450 silly packumentCache full:https://registry.npmjs.org/normalize-path cache-miss
451 http fetch GET 200 https://registry.npmjs.org/didyoumean 35ms (cache revalidated)
452 silly packumentCache full:https://registry.npmjs.org/didyoumean set size:11446 disposed:false
453 silly fetch manifest postcss-import@^15.1.0
454 silly packumentCache full:https://registry.npmjs.org/postcss-import cache-miss
455 http fetch GET 200 https://registry.npmjs.org/postcss-js 35ms (cache revalidated)
456 silly packumentCache full:https://registry.npmjs.org/postcss-js set size:49438 disposed:false
457 silly fetch manifest postcss-nested@^6.2.0
458 silly packumentCache full:https://registry.npmjs.org/postcss-nested cache-miss
459 http fetch GET 200 https://registry.npmjs.org/micromatch 43ms (cache revalidated)
460 silly packumentCache full:https://registry.npmjs.org/micromatch set size:240630 disposed:false
461 silly fetch manifest @alloc/quick-lru@^5.2.0
462 silly packumentCache full:https://registry.npmjs.org/@alloc%2fquick-lru cache-miss
463 http fetch GET 200 https://registry.npmjs.org/arg 115ms (cache revalidated)
464 silly packumentCache full:https://registry.npmjs.org/arg set size:67204 disposed:false
465 silly fetch manifest postcss-load-config@^4.0.2 || ^5.0 || ^6.0
466 silly packumentCache full:https://registry.npmjs.org/postcss-load-config cache-miss
467 http fetch GET 200 https://registry.npmjs.org/sucrase 110ms (cache revalidated)
468 silly packumentCache full:https://registry.npmjs.org/sucrase set size:449399 disposed:false
469 silly fetch manifest postcss-selector-parser@^6.1.2
470 silly packumentCache full:https://registry.npmjs.org/postcss-selector-parser cache-miss
471 http fetch GET 200 https://registry.npmjs.org/object-hash 33ms (cache revalidated)
472 silly packumentCache full:https://registry.npmjs.org/object-hash set size:100564 disposed:false
473 silly fetch manifest @typescript-eslint/utils@8.53.1
474 silly packumentCache full:https://registry.npmjs.org/@typescript-eslint%2futils cache-miss
475 http fetch GET 200 https://registry.npmjs.org/normalize-path 31ms (cache revalidated)
476 silly packumentCache full:https://registry.npmjs.org/normalize-path set size:28713 disposed:false
477 silly fetch manifest @typescript-eslint/parser@8.53.1
478 silly packumentCache full:https://registry.npmjs.org/@typescript-eslint%2fparser cache-miss
479 http fetch GET 200 https://registry.npmjs.org/postcss-import 30ms (cache revalidated)
480 silly packumentCache full:https://registry.npmjs.org/postcss-import set size:120971 disposed:false
481 silly fetch manifest @typescript-eslint/eslint-plugin@8.53.1
482 silly packumentCache full:https://registry.npmjs.org/@typescript-eslint%2feslint-plugin cache-miss
483 http fetch GET 200 https://registry.npmjs.org/@alloc%2fquick-lru 38ms (cache revalidated)
484 silly packumentCache full:https://registry.npmjs.org/@alloc%2fquick-lru set size:7269 disposed:false
485 silly fetch manifest @typescript-eslint/typescript-estree@8.53.1
486 silly packumentCache full:https://registry.npmjs.org/@typescript-eslint%2ftypescript-estree cache-miss
487 http fetch GET 200 https://registry.npmjs.org/postcss-selector-parser 31ms (cache revalidated)
488 silly packumentCache full:https://registry.npmjs.org/postcss-selector-parser set size:177140 disposed:false
489 http fetch GET 200 https://registry.npmjs.org/postcss-nested 233ms (cache revalidated)
490 silly packumentCache full:https://registry.npmjs.org/postcss-nested set size:79120 disposed:false
491 http fetch GET 200 https://registry.npmjs.org/postcss-load-config 226ms (cache revalidated)
492 silly packumentCache full:https://registry.npmjs.org/postcss-load-config set size:86425 disposed:false
493 http fetch GET 200 https://registry.npmjs.org/@typescript-eslint%2ftypescript-estree 422ms (cache updated)
494 silly packumentCache full:https://registry.npmjs.org/@typescript-eslint%2ftypescript-estree set size:undefined disposed:false
495 http fetch GET 200 https://registry.npmjs.org/@typescript-eslint%2futils 521ms (cache updated)
496 silly packumentCache full:https://registry.npmjs.org/@typescript-eslint%2futils set size:undefined disposed:false
497 http fetch GET 200 https://registry.npmjs.org/@typescript-eslint%2feslint-plugin 555ms (cache updated)
498 silly packumentCache full:https://registry.npmjs.org/@typescript-eslint%2feslint-plugin set size:undefined disposed:false
499 http fetch GET 200 https://registry.npmjs.org/@typescript-eslint%2fparser 758ms (cache updated)
500 silly packumentCache full:https://registry.npmjs.org/@typescript-eslint%2fparser set size:undefined disposed:false
501 silly placeDep ROOT @supabase/auth-js@2.91.1 OK for: @supabase/supabase-js@2.91.1 want: 2.91.1
502 silly placeDep ROOT @supabase/functions-js@2.91.1 OK for: @supabase/supabase-js@2.91.1 want: 2.91.1
503 silly placeDep ROOT @supabase/postgrest-js@2.91.1 OK for: @supabase/supabase-js@2.91.1 want: 2.91.1
504 silly placeDep ROOT @supabase/realtime-js@2.91.1 OK for: @supabase/supabase-js@2.91.1 want: 2.91.1
505 silly placeDep ROOT @supabase/storage-js@2.91.1 OK for: @supabase/supabase-js@2.91.1 want: 2.91.1
506 silly fetch manifest tslib@2.8.1
507 silly packumentCache full:https://registry.npmjs.org/tslib cache-miss
508 silly fetch manifest tslib@2.8.1
509 silly packumentCache full:https://registry.npmjs.org/tslib cache-miss
510 silly fetch manifest tslib@2.8.1
511 silly packumentCache full:https://registry.npmjs.org/tslib cache-miss
512 silly fetch manifest ws@^8.18.2
513 silly packumentCache full:https://registry.npmjs.org/ws cache-miss
514 silly fetch manifest tslib@2.8.1
515 silly packumentCache full:https://registry.npmjs.org/tslib cache-miss
516 silly fetch manifest @types/ws@^8.18.1
517 silly packumentCache full:https://registry.npmjs.org/@types%2fws cache-miss
518 silly fetch manifest @types/phoenix@^1.6.6
519 silly packumentCache full:https://registry.npmjs.org/@types%2fphoenix cache-miss
520 http fetch GET 200 https://registry.npmjs.org/tslib 29ms (cache revalidated)
521 silly packumentCache full:https://registry.npmjs.org/tslib set size:108760 disposed:false
522 silly fetch manifest iceberg-js@^0.8.1
523 silly packumentCache full:https://registry.npmjs.org/iceberg-js cache-miss
524 http fetch GET 200 https://registry.npmjs.org/tslib 31ms (cache revalidated)
525 silly packumentCache full:https://registry.npmjs.org/tslib set size:108760 disposed:false
526 silly packumentCache full:https://registry.npmjs.org/tslib dispose
527 http fetch GET 200 https://registry.npmjs.org/tslib 32ms (cache revalidated)
528 silly packumentCache full:https://registry.npmjs.org/tslib set size:108760 disposed:true
529 silly packumentCache full:https://registry.npmjs.org/tslib dispose
530 http fetch GET 200 https://registry.npmjs.org/@types%2fphoenix 33ms (cache miss)
531 silly packumentCache full:https://registry.npmjs.org/@types%2fphoenix set size:undefined disposed:false
532 http fetch GET 200 https://registry.npmjs.org/ws 40ms (cache updated)
533 silly packumentCache full:https://registry.npmjs.org/ws set size:undefined disposed:false
534 http fetch GET 200 https://registry.npmjs.org/tslib 47ms (cache revalidated)
535 silly packumentCache full:https://registry.npmjs.org/tslib set size:108760 disposed:true
536 silly packumentCache full:https://registry.npmjs.org/tslib dispose
537 http fetch GET 200 https://registry.npmjs.org/@types%2fws 48ms (cache updated)
538 silly packumentCache full:https://registry.npmjs.org/@types%2fws set size:undefined disposed:false
539 http fetch GET 200 https://registry.npmjs.org/iceberg-js 32ms (cache miss)
540 silly packumentCache full:https://registry.npmjs.org/iceberg-js set size:undefined disposed:false
541 silly placeDep ROOT tslib@2.8.1 OK for: @supabase/auth-js@2.91.1 want: 2.8.1
542 silly fetch manifest bufferutil@^4.0.1
543 silly packumentCache full:https://registry.npmjs.org/bufferutil cache-miss
544 http fetch GET 200 https://registry.npmjs.org/bufferutil 32ms (cache updated)
545 silly packumentCache full:https://registry.npmjs.org/bufferutil set size:undefined disposed:false
546 silly fetch manifest utf-8-validate@>=5.0.2
547 silly packumentCache full:https://registry.npmjs.org/utf-8-validate cache-miss
548 http fetch GET 200 https://registry.npmjs.org/utf-8-validate 33ms (cache updated)
549 silly packumentCache full:https://registry.npmjs.org/utf-8-validate set size:undefined disposed:false
550 silly placeDep ROOT @types/phoenix@1.6.7 OK for: @supabase/realtime-js@2.91.1 want: ^1.6.6
551 silly placeDep ROOT @types/ws@8.18.1 OK for: @supabase/realtime-js@2.91.1 want: ^8.18.1
552 silly placeDep ROOT ws@8.19.0 OK for: @supabase/realtime-js@2.91.1 want: ^8.18.2
553 silly fetch manifest @types/node@*
554 silly packumentCache full:https://registry.npmjs.org/@types%2fnode cache-miss
555 http cache https://registry.npmjs.org/@types%2fnode 17ms (cache hit)
556 silly packumentCache full:https://registry.npmjs.org/@types%2fnode set size:10801274 disposed:false
557 silly placeDep ROOT iceberg-js@0.8.1 OK for: @supabase/storage-js@2.91.1 want: ^0.8.1
558 silly placeDep ROOT @types/prop-types@15.7.15 OK for: @types/react@18.3.27 want: *
559 silly placeDep ROOT csstype@3.2.3 OK for: @types/react@18.3.27 want: ^3.2.2
560 silly placeDep ROOT @types/node@25.0.10 OK for: @types/ws@8.18.1 want: *
561 silly fetch manifest undici-types@~7.16.0
562 silly packumentCache full:https://registry.npmjs.org/undici-types cache-miss
563 http fetch GET 200 https://registry.npmjs.org/undici-types 31ms (cache updated)
564 silly packumentCache full:https://registry.npmjs.org/undici-types set size:undefined disposed:false
565 silly placeDep ROOT undici-types@7.16.0 OK for: @types/node@25.0.10 want: ~7.16.0
566 silly placeDep ROOT @babel/core@7.28.6 OK for: @vitejs/plugin-react@4.7.0 want: ^7.28.0
567 silly placeDep ROOT @babel/plugin-transform-react-jsx-self@7.27.1 OK for: @vitejs/plugin-react@4.7.0 want: ^7.27.1
568 silly placeDep ROOT @babel/plugin-transform-react-jsx-source@7.27.1 OK for: @vitejs/plugin-react@4.7.0 want: ^7.27.1
569 silly placeDep ROOT @rolldown/pluginutils@1.0.0-beta.27 OK for: @vitejs/plugin-react@4.7.0 want: 1.0.0-beta.27
570 silly placeDep ROOT @types/babel__core@7.20.5 OK for: @vitejs/plugin-react@4.7.0 want: ^7.20.5
571 silly placeDep ROOT react-refresh@0.17.0 OK for: @vitejs/plugin-react@4.7.0 want: ^0.17.0
572 silly fetch manifest @babel/code-frame@^7.28.6
573 silly packumentCache full:https://registry.npmjs.org/@babel%2fcode-frame cache-miss
574 silly fetch manifest @babel/generator@^7.28.6
575 silly packumentCache full:https://registry.npmjs.org/@babel%2fgenerator cache-miss
576 silly fetch manifest @babel/helper-compilation-targets@^7.28.6
577 silly packumentCache full:https://registry.npmjs.org/@babel%2fhelper-compilation-targets cache-miss
578 silly fetch manifest @babel/helper-module-transforms@^7.28.6
579 silly packumentCache full:https://registry.npmjs.org/@babel%2fhelper-module-transforms cache-miss
580 silly fetch manifest @babel/helpers@^7.28.6
581 silly packumentCache full:https://registry.npmjs.org/@babel%2fhelpers cache-miss
582 silly fetch manifest @babel/parser@^7.28.6
583 silly packumentCache full:https://registry.npmjs.org/@babel%2fparser cache-miss
584 silly fetch manifest @babel/template@^7.28.6
585 silly packumentCache full:https://registry.npmjs.org/@babel%2ftemplate cache-miss
586 http fetch GET 200 https://registry.npmjs.org/@babel%2fcode-frame 122ms (cache revalidated)
587 silly packumentCache full:https://registry.npmjs.org/@babel%2fcode-frame set size:188246 disposed:false
588 silly fetch manifest @babel/traverse@^7.28.6
589 silly packumentCache full:https://registry.npmjs.org/@babel%2ftraverse cache-miss
590 http fetch GET 200 https://registry.npmjs.org/@babel%2fhelper-module-transforms 124ms (cache revalidated)
591 silly packumentCache full:https://registry.npmjs.org/@babel%2fhelper-module-transforms set size:327322 disposed:false
592 silly fetch manifest @babel/types@^7.28.6
593 silly packumentCache full:https://registry.npmjs.org/@babel%2ftypes cache-miss
594 http fetch GET 200 https://registry.npmjs.org/@babel%2fparser 126ms (cache revalidated)
595 silly packumentCache full:https://registry.npmjs.org/@babel%2fparser set size:707345 disposed:false
596 silly fetch manifest @jridgewell/remapping@^2.3.5
597 silly packumentCache full:https://registry.npmjs.org/@jridgewell%2fremapping cache-miss
598 http fetch GET 200 https://registry.npmjs.org/@babel%2fgenerator 130ms (cache revalidated)
599 silly packumentCache full:https://registry.npmjs.org/@babel%2fgenerator set size:496498 disposed:false
600 silly fetch manifest convert-source-map@^2.0.0
601 silly packumentCache full:https://registry.npmjs.org/convert-source-map cache-miss
602 http fetch GET 200 https://registry.npmjs.org/@babel%2fhelpers 142ms (cache revalidated)
603 silly packumentCache full:https://registry.npmjs.org/@babel%2fhelpers set size:380578 disposed:false
604 silly fetch manifest debug@^4.1.0
605 silly packumentCache full:https://registry.npmjs.org/debug cache-hit
606 silly fetch manifest gensync@^1.0.0-beta.2
607 silly packumentCache full:https://registry.npmjs.org/gensync cache-miss
608 http fetch GET 200 https://registry.npmjs.org/convert-source-map 26ms (cache revalidated)
609 silly packumentCache full:https://registry.npmjs.org/convert-source-map set size:66997 disposed:false
610 silly fetch manifest json5@^2.2.3
611 silly packumentCache full:https://registry.npmjs.org/json5 cache-miss
612 http fetch GET 200 https://registry.npmjs.org/gensync 23ms (cache revalidated)
613 silly packumentCache full:https://registry.npmjs.org/gensync set size:15068 disposed:false
614 silly fetch manifest semver@^6.3.1
615 silly packumentCache full:https://registry.npmjs.org/semver cache-miss
616 http fetch GET 200 https://registry.npmjs.org/@jridgewell%2fremapping 40ms (cache revalidated)
617 silly packumentCache full:https://registry.npmjs.org/@jridgewell%2fremapping set size:23809 disposed:false
618 silly fetch manifest @babel/helper-plugin-utils@^7.27.1
619 silly packumentCache full:https://registry.npmjs.org/@babel%2fhelper-plugin-utils cache-miss
620 http fetch GET 200 https://registry.npmjs.org/json5 23ms (cache revalidated)
621 silly packumentCache full:https://registry.npmjs.org/json5 set size:86136 disposed:false
622 silly fetch manifest @babel/helper-plugin-utils@^7.27.1
623 silly packumentCache full:https://registry.npmjs.org/@babel%2fhelper-plugin-utils cache-miss
624 http fetch GET 200 https://registry.npmjs.org/@babel%2ftypes 59ms (cache revalidated)
625 silly packumentCache full:https://registry.npmjs.org/@babel%2ftypes set size:479758 disposed:false
626 silly fetch manifest @babel/types@^7.20.7
627 silly packumentCache full:https://registry.npmjs.org/@babel%2ftypes cache-hit
628 silly fetch manifest @babel/parser@^7.20.7
629 silly packumentCache full:https://registry.npmjs.org/@babel%2fparser cache-hit
630 silly fetch manifest @types/babel__template@*
631 silly packumentCache full:https://registry.npmjs.org/@types%2fbabel__template cache-miss
632 http fetch GET 200 https://registry.npmjs.org/semver 26ms (cache revalidated)
633 silly packumentCache full:https://registry.npmjs.org/semver set size:226907 disposed:false
634 silly fetch manifest @types/babel__traverse@*
635 silly packumentCache full:https://registry.npmjs.org/@types%2fbabel__traverse cache-miss
636 http fetch GET 200 https://registry.npmjs.org/@babel%2fhelper-plugin-utils 34ms (cache revalidated)
637 silly packumentCache full:https://registry.npmjs.org/@babel%2fhelper-plugin-utils set size:158351 disposed:false
638 silly fetch manifest @types/babel__generator@*
639 silly packumentCache full:https://registry.npmjs.org/@types%2fbabel__generator cache-miss
640 http fetch GET 200 https://registry.npmjs.org/@babel%2fhelper-plugin-utils 31ms (cache revalidated)
641 silly packumentCache full:https://registry.npmjs.org/@babel%2fhelper-plugin-utils set size:158351 disposed:false
642 silly packumentCache full:https://registry.npmjs.org/@babel%2fhelper-plugin-utils dispose
643 http fetch GET 200 https://registry.npmjs.org/@babel%2fhelper-compilation-targets 213ms (cache revalidated)
644 silly packumentCache full:https://registry.npmjs.org/@babel%2fhelper-compilation-targets set size:212538 disposed:false
645 http fetch GET 200 https://registry.npmjs.org/@types%2fbabel__traverse 29ms (cache revalidated)
646 silly packumentCache full:https://registry.npmjs.org/@types%2fbabel__traverse set size:107819 disposed:false
647 http fetch GET 200 https://registry.npmjs.org/@types%2fbabel__template 40ms (cache revalidated)
648 silly packumentCache full:https://registry.npmjs.org/@types%2fbabel__template set size:22631 disposed:false
649 http fetch GET 200 https://registry.npmjs.org/@babel%2ftemplate 231ms (cache revalidated)
650 silly packumentCache full:https://registry.npmjs.org/@babel%2ftemplate set size:221398 disposed:false
651 http fetch GET 200 https://registry.npmjs.org/@types%2fbabel__generator 30ms (cache revalidated)
652 silly packumentCache full:https://registry.npmjs.org/@types%2fbabel__generator set size:31587 disposed:false
653 http fetch GET 200 https://registry.npmjs.org/@babel%2ftraverse 268ms (cache revalidated)
654 silly packumentCache full:https://registry.npmjs.org/@babel%2ftraverse set size:540005 disposed:false
655 silly fetch manifest @babel/core@^7.0.0
656 silly packumentCache full:https://registry.npmjs.org/@babel%2fcore cache-hit
657 silly placeDep ROOT @babel/code-frame@7.28.6 OK for: @babel/core@7.28.6 want: ^7.28.6
658 silly placeDep ROOT @babel/generator@7.28.6 OK for: @babel/core@7.28.6 want: ^7.28.6
659 silly placeDep ROOT @babel/helper-compilation-targets@7.28.6 OK for: @babel/core@7.28.6 want: ^7.28.6
660 silly placeDep ROOT @babel/helper-module-transforms@7.28.6 OK for: @babel/core@7.28.6 want: ^7.28.6
661 silly placeDep ROOT @babel/helpers@7.28.6 OK for: @babel/core@7.28.6 want: ^7.28.6
662 silly placeDep ROOT @babel/parser@7.28.6 OK for: @babel/core@7.28.6 want: ^7.28.6
663 silly placeDep ROOT @babel/template@7.28.6 OK for: @babel/core@7.28.6 want: ^7.28.6
664 silly placeDep ROOT @babel/traverse@7.28.6 OK for: @babel/core@7.28.6 want: ^7.28.6
665 silly placeDep ROOT @babel/types@7.28.6 OK for: @babel/core@7.28.6 want: ^7.28.6
666 silly placeDep ROOT @jridgewell/remapping@2.3.5 OK for: @babel/core@7.28.6 want: ^2.3.5
667 silly placeDep ROOT convert-source-map@2.0.0 OK for: @babel/core@7.28.6 want: ^2.0.0
668 silly placeDep ROOT debug@4.4.3 OK for: @babel/core@7.28.6 want: ^4.1.0
669 silly placeDep ROOT gensync@1.0.0-beta.2 OK for: @babel/core@7.28.6 want: ^1.0.0-beta.2
670 silly placeDep ROOT json5@2.2.3 OK for: @babel/core@7.28.6 want: ^2.2.3
671 silly placeDep ROOT semver@6.3.1 OK for: @babel/core@7.28.6 want: ^6.3.1
672 silly fetch manifest @babel/helper-validator-identifier@^7.28.5
673 silly packumentCache full:https://registry.npmjs.org/@babel%2fhelper-validator-identifier cache-miss
674 silly fetch manifest js-tokens@^4.0.0
675 silly packumentCache full:https://registry.npmjs.org/js-tokens cache-miss
676 silly fetch manifest @jridgewell/gen-mapping@^0.3.12
677 silly packumentCache full:https://registry.npmjs.org/@jridgewell%2fgen-mapping cache-miss
678 silly fetch manifest @jridgewell/trace-mapping@^0.3.28
679 silly packumentCache full:https://registry.npmjs.org/@jridgewell%2ftrace-mapping cache-miss
680 silly fetch manifest jsesc@^3.0.2
681 silly packumentCache full:https://registry.npmjs.org/jsesc cache-miss
682 silly fetch manifest @babel/compat-data@^7.28.6
683 silly packumentCache full:https://registry.npmjs.org/@babel%2fcompat-data cache-miss
684 silly fetch manifest @babel/helper-validator-option@^7.27.1
685 silly packumentCache full:https://registry.npmjs.org/@babel%2fhelper-validator-option cache-miss
686 http fetch GET 200 https://registry.npmjs.org/js-tokens 42ms (cache revalidated)
687 silly packumentCache full:https://registry.npmjs.org/js-tokens set size:41947 disposed:false
688 silly fetch manifest browserslist@^4.24.0
689 silly packumentCache full:https://registry.npmjs.org/browserslist cache-hit
690 silly fetch manifest lru-cache@^5.1.1
691 silly packumentCache full:https://registry.npmjs.org/lru-cache cache-miss
692 http fetch GET 200 https://registry.npmjs.org/@jridgewell%2fgen-mapping 43ms (cache revalidated)
693 silly packumentCache full:https://registry.npmjs.org/@jridgewell%2fgen-mapping set size:80719 disposed:false
694 silly fetch manifest @babel/helper-module-imports@^7.28.6
695 silly packumentCache full:https://registry.npmjs.org/@babel%2fhelper-module-imports cache-miss
696 http fetch GET 200 https://registry.npmjs.org/jsesc 44ms (cache revalidated)
697 silly packumentCache full:https://registry.npmjs.org/jsesc set size:61512 disposed:false
698 silly fetch manifest @babel/helper-validator-identifier@^7.28.5
699 silly packumentCache full:https://registry.npmjs.org/@babel%2fhelper-validator-identifier cache-miss
700 http fetch GET 200 https://registry.npmjs.org/@babel%2fcompat-data 46ms (cache revalidated)
701 silly packumentCache full:https://registry.npmjs.org/@babel%2fcompat-data set size:297216 disposed:false
702 silly fetch manifest @babel/helper-globals@^7.28.0
703 silly packumentCache full:https://registry.npmjs.org/@babel%2fhelper-globals cache-miss
704 http fetch GET 200 https://registry.npmjs.org/@babel%2fhelper-validator-identifier 51ms (cache revalidated)
705 silly packumentCache full:https://registry.npmjs.org/@babel%2fhelper-validator-identifier set size:110831 disposed:false
706 silly fetch manifest debug@^4.3.1
707 silly packumentCache full:https://registry.npmjs.org/debug cache-hit
708 silly fetch manifest @babel/helper-string-parser@^7.27.1
709 silly packumentCache full:https://registry.npmjs.org/@babel%2fhelper-string-parser cache-miss
710 http fetch GET 200 https://registry.npmjs.org/@jridgewell%2ftrace-mapping 52ms (cache revalidated)
711 silly packumentCache full:https://registry.npmjs.org/@jridgewell%2ftrace-mapping set size:170909 disposed:false
712 silly fetch manifest @jridgewell/gen-mapping@^0.3.5
713 silly packumentCache full:https://registry.npmjs.org/@jridgewell%2fgen-mapping cache-hit
714 silly fetch manifest @jridgewell/trace-mapping@^0.3.24
715 silly packumentCache full:https://registry.npmjs.org/@jridgewell%2ftrace-mapping cache-hit
716 silly fetch manifest ms@^2.1.3
717 silly packumentCache full:https://registry.npmjs.org/ms cache-miss
718 http fetch GET 200 https://registry.npmjs.org/@babel%2fhelper-module-imports 37ms (cache revalidated)
719 silly packumentCache full:https://registry.npmjs.org/@babel%2fhelper-module-imports set size:187679 disposed:false
720 http fetch GET 200 https://registry.npmjs.org/lru-cache 41ms (cache revalidated)
721 silly packumentCache full:https://registry.npmjs.org/lru-cache set size:406394 disposed:false
722 http fetch GET 200 https://registry.npmjs.org/@babel%2fhelper-string-parser 37ms (cache revalidated)
723 silly packumentCache full:https://registry.npmjs.org/@babel%2fhelper-string-parser set size:76579 disposed:false
724 http fetch GET 200 https://registry.npmjs.org/ms 36ms (cache revalidated)
725 silly packumentCache full:https://registry.npmjs.org/ms set size:92208 disposed:false
726 http fetch GET 200 https://registry.npmjs.org/@babel%2fhelper-validator-identifier 51ms (cache revalidated)
727 silly packumentCache full:https://registry.npmjs.org/@babel%2fhelper-validator-identifier set size:110831 disposed:false
728 silly packumentCache full:https://registry.npmjs.org/@babel%2fhelper-validator-identifier dispose
729 http fetch GET 200 https://registry.npmjs.org/@babel%2fhelper-globals 49ms (cache revalidated)
730 silly packumentCache full:https://registry.npmjs.org/@babel%2fhelper-globals set size:9927 disposed:false
731 http fetch GET 200 https://registry.npmjs.org/@babel%2fhelper-validator-option 295ms (cache revalidated)
732 silly packumentCache full:https://registry.npmjs.org/@babel%2fhelper-validator-option set size:87094 disposed:false
733 silly placeDep ROOT @babel/helper-validator-identifier@7.28.5 OK for: @babel/code-frame@7.28.6 want: ^7.28.5
734 silly placeDep ROOT js-tokens@4.0.0 OK for: @babel/code-frame@7.28.6 want: ^4.0.0
735 silly placeDep ROOT picocolors@1.1.1 OK for: @babel/code-frame@7.28.6 want: ^1.1.1
736 silly placeDep ROOT @jridgewell/gen-mapping@0.3.13 OK for: @babel/generator@7.28.6 want: ^0.3.12
737 silly placeDep ROOT @jridgewell/trace-mapping@0.3.31 OK for: @babel/generator@7.28.6 want: ^0.3.28
738 silly placeDep ROOT jsesc@3.1.0 OK for: @babel/generator@7.28.6 want: ^3.0.2
739 silly fetch manifest @jridgewell/sourcemap-codec@^1.5.0
740 silly packumentCache full:https://registry.npmjs.org/@jridgewell%2fsourcemap-codec cache-miss
741 silly fetch manifest @jridgewell/resolve-uri@^3.1.0
742 silly packumentCache full:https://registry.npmjs.org/@jridgewell%2fresolve-uri cache-miss
743 silly fetch manifest @jridgewell/sourcemap-codec@^1.4.14
744 silly packumentCache full:https://registry.npmjs.org/@jridgewell%2fsourcemap-codec cache-miss
745 http fetch GET 200 https://registry.npmjs.org/@jridgewell%2fresolve-uri 47ms (cache revalidated)
746 silly packumentCache full:https://registry.npmjs.org/@jridgewell%2fresolve-uri set size:57361 disposed:false
747 http fetch GET 200 https://registry.npmjs.org/@jridgewell%2fsourcemap-codec 48ms (cache revalidated)
748 silly packumentCache full:https://registry.npmjs.org/@jridgewell%2fsourcemap-codec set size:59275 disposed:false
749 http fetch GET 200 https://registry.npmjs.org/@jridgewell%2fsourcemap-codec 49ms (cache revalidated)
750 silly packumentCache full:https://registry.npmjs.org/@jridgewell%2fsourcemap-codec set size:59275 disposed:false
751 silly packumentCache full:https://registry.npmjs.org/@jridgewell%2fsourcemap-codec dispose
752 silly placeDep ROOT @babel/compat-data@7.28.6 OK for: @babel/helper-compilation-targets@7.28.6 want: ^7.28.6
753 silly placeDep ROOT @babel/helper-validator-option@7.27.1 OK for: @babel/helper-compilation-targets@7.28.6 want: ^7.27.1
754 silly placeDep ROOT browserslist@4.28.1 OK for: @babel/helper-compilation-targets@7.28.6 want: ^4.24.0
755 silly placeDep ROOT lru-cache@5.1.1 OK for: @babel/helper-compilation-targets@7.28.6 want: ^5.1.1
756 silly fetch manifest baseline-browser-mapping@^2.9.0
757 silly packumentCache full:https://registry.npmjs.org/baseline-browser-mapping cache-miss
758 silly fetch manifest caniuse-lite@^1.0.30001759
759 silly packumentCache full:https://registry.npmjs.org/caniuse-lite cache-miss
760 silly fetch manifest electron-to-chromium@^1.5.263
761 silly packumentCache full:https://registry.npmjs.org/electron-to-chromium cache-miss
762 silly fetch manifest node-releases@^2.0.27
763 silly packumentCache full:https://registry.npmjs.org/node-releases cache-miss
764 silly fetch manifest update-browserslist-db@^1.2.0
765 silly packumentCache full:https://registry.npmjs.org/update-browserslist-db cache-miss
766 silly fetch manifest yallist@^3.0.2
767 silly packumentCache full:https://registry.npmjs.org/yallist cache-miss
768 http cache https://registry.npmjs.org/caniuse-lite 8ms (cache hit)
769 silly packumentCache full:https://registry.npmjs.org/caniuse-lite set size:2246509 disposed:false
770 http fetch GET 200 https://registry.npmjs.org/update-browserslist-db 30ms (cache revalidated)
771 silly packumentCache full:https://registry.npmjs.org/update-browserslist-db set size:62000 disposed:false
772 http fetch GET 200 https://registry.npmjs.org/yallist 35ms (cache revalidated)
773 silly packumentCache full:https://registry.npmjs.org/yallist set size:34610 disposed:false
774 http fetch GET 200 https://registry.npmjs.org/node-releases 38ms (cache revalidated)
775 silly packumentCache full:https://registry.npmjs.org/node-releases set size:269192 disposed:false
776 http fetch GET 200 https://registry.npmjs.org/baseline-browser-mapping 42ms (cache updated)
777 silly packumentCache full:https://registry.npmjs.org/baseline-browser-mapping set size:undefined disposed:false
778 http fetch GET 200 https://registry.npmjs.org/electron-to-chromium 83ms (cache updated)
779 silly packumentCache full:https://registry.npmjs.org/electron-to-chromium set size:undefined disposed:false
780 silly placeDep ROOT @babel/helper-module-imports@7.28.6 OK for: @babel/helper-module-transforms@7.28.6 want: ^7.28.6
781 silly placeDep ROOT @babel/helper-plugin-utils@7.28.6 OK for: @babel/plugin-transform-react-jsx-self@7.27.1 want: ^7.27.1
782 silly placeDep ROOT @babel/helper-globals@7.28.0 OK for: @babel/traverse@7.28.6 want: ^7.28.0
783 silly placeDep ROOT @babel/helper-string-parser@7.27.1 OK for: @babel/types@7.28.6 want: ^7.27.1
784 silly placeDep ROOT @jridgewell/sourcemap-codec@1.5.5 OK for: @jridgewell/gen-mapping@0.3.13 want: ^1.5.0
785 silly placeDep ROOT @jridgewell/resolve-uri@3.1.2 OK for: @jridgewell/trace-mapping@0.3.31 want: ^3.1.0
786 silly placeDep ROOT @types/babel__generator@7.27.0 OK for: @types/babel__core@7.20.5 want: *
787 silly placeDep ROOT @types/babel__template@7.4.4 OK for: @types/babel__core@7.20.5 want: *
788 silly placeDep ROOT @types/babel__traverse@7.28.0 OK for: @types/babel__core@7.20.5 want: *
789 silly placeDep ROOT caniuse-lite@1.0.30001766 OK for: autoprefixer@10.4.23 want: ^1.0.30001760
790 silly placeDep ROOT fraction.js@5.3.4 OK for: autoprefixer@10.4.23 want: ^5.3.4
791 silly placeDep ROOT postcss-value-parser@4.2.0 OK for: autoprefixer@10.4.23 want: ^4.2.0
792 silly fetch manifest browserslist@>= 4.21.0
793 silly packumentCache full:https://registry.npmjs.org/browserslist cache-hit
794 silly placeDep ROOT baseline-browser-mapping@2.9.18 OK for: browserslist@4.28.1 want: ^2.9.0
795 silly placeDep ROOT electron-to-chromium@1.5.278 OK for: browserslist@4.28.1 want: ^1.5.263
796 silly placeDep ROOT node-releases@2.0.27 OK for: browserslist@4.28.1 want: ^2.0.27
797 silly placeDep ROOT update-browserslist-db@1.2.3 OK for: browserslist@4.28.1 want: ^1.2.0
798 silly fetch manifest escalade@^3.2.0
799 silly packumentCache full:https://registry.npmjs.org/escalade cache-miss
800 http fetch GET 200 https://registry.npmjs.org/escalade 26ms (cache revalidated)
801 silly packumentCache full:https://registry.npmjs.org/escalade set size:33724 disposed:false
802 silly placeDep ROOT ms@2.1.3 OK for: debug@4.4.3 want: ^2.1.3
803 silly fetch manifest eslint@^6.0.0 || ^7.0.0 || >=8.0.0
804 silly packumentCache full:https://registry.npmjs.org/eslint cache-miss
805 http cache https://registry.npmjs.org/eslint 4ms (cache hit)
806 silly packumentCache full:https://registry.npmjs.org/eslint set size:1893750 disposed:false
807 silly placeDep ROOT @eslint-community/eslint-utils@4.9.1 OK for: eslint@9.39.2 want: ^4.8.0
808 silly placeDep ROOT @eslint-community/regexpp@4.12.2 OK for: eslint@9.39.2 want: ^4.12.1
809 silly placeDep ROOT @eslint/config-array@0.21.1 OK for: eslint@9.39.2 want: ^0.21.1
810 silly placeDep ROOT @eslint/config-helpers@0.4.2 OK for: eslint@9.39.2 want: ^0.4.2
811 silly placeDep ROOT @eslint/core@0.17.0 OK for: eslint@9.39.2 want: ^0.17.0
812 silly placeDep ROOT @eslint/eslintrc@3.3.3 OK for: eslint@9.39.2 want: ^3.3.1
813 silly placeDep ROOT @eslint/plugin-kit@0.4.1 OK for: eslint@9.39.2 want: ^0.4.1
814 silly placeDep ROOT @humanfs/node@0.16.7 OK for: eslint@9.39.2 want: ^0.16.6
815 silly placeDep ROOT @humanwhocodes/module-importer@1.0.1 OK for: eslint@9.39.2 want: ^1.0.1
816 silly placeDep ROOT @humanwhocodes/retry@0.4.3 OK for: eslint@9.39.2 want: ^0.4.2
817 silly placeDep ROOT @types/estree@1.0.8 OK for: eslint@9.39.2 want: ^1.0.6
818 silly placeDep ROOT ajv@6.12.6 OK for: eslint@9.39.2 want: ^6.12.4
819 silly placeDep ROOT chalk@4.1.2 OK for: eslint@9.39.2 want: ^4.0.0
820 silly placeDep ROOT cross-spawn@7.0.6 OK for: eslint@9.39.2 want: ^7.0.6
821 silly placeDep ROOT escape-string-regexp@4.0.0 OK for: eslint@9.39.2 want: ^4.0.0
822 silly placeDep ROOT eslint-scope@8.4.0 OK for: eslint@9.39.2 want: ^8.4.0
823 silly placeDep ROOT eslint-visitor-keys@4.2.1 OK for: eslint@9.39.2 want: ^4.2.1
824 silly placeDep ROOT espree@10.4.0 OK for: eslint@9.39.2 want: ^10.4.0
825 silly placeDep ROOT esquery@1.7.0 OK for: eslint@9.39.2 want: ^1.5.0
826 silly placeDep ROOT esutils@2.0.3 OK for: eslint@9.39.2 want: ^2.0.2
827 silly placeDep ROOT fast-deep-equal@3.1.3 OK for: eslint@9.39.2 want: ^3.1.3
828 silly placeDep ROOT file-entry-cache@8.0.0 OK for: eslint@9.39.2 want: ^8.0.0
829 silly placeDep ROOT find-up@5.0.0 OK for: eslint@9.39.2 want: ^5.0.0
830 silly placeDep ROOT glob-parent@6.0.2 OK for: eslint@9.39.2 want: ^6.0.2
831 silly placeDep ROOT ignore@5.3.2 OK for: eslint@9.39.2 want: ^5.2.0
832 silly placeDep ROOT imurmurhash@0.1.4 OK for: eslint@9.39.2 want: ^0.1.4
833 silly placeDep ROOT is-glob@4.0.3 OK for: eslint@9.39.2 want: ^4.0.0
834 silly placeDep ROOT json-stable-stringify-without-jsonify@1.0.1 OK for: eslint@9.39.2 want: ^1.0.1
835 silly placeDep ROOT lodash.merge@4.6.2 OK for: eslint@9.39.2 want: ^4.6.2
836 silly placeDep ROOT minimatch@3.1.2 OK for: eslint@9.39.2 want: ^3.1.2
837 silly placeDep ROOT natural-compare@1.4.0 OK for: eslint@9.39.2 want: ^1.4.0
838 silly placeDep ROOT optionator@0.9.4 OK for: eslint@9.39.2 want: ^0.9.3
839 silly fetch manifest eslint-visitor-keys@^3.4.3
840 silly packumentCache full:https://registry.npmjs.org/eslint-visitor-keys cache-hit
841 silly fetch manifest @eslint/object-schema@^2.1.7
842 silly packumentCache full:https://registry.npmjs.org/@eslint%2fobject-schema cache-miss
843 silly fetch manifest @types/json-schema@^7.0.15
844 silly packumentCache full:https://registry.npmjs.org/@types%2fjson-schema cache-miss
845 silly fetch manifest espree@^10.0.1
846 silly packumentCache full:https://registry.npmjs.org/espree cache-miss
847 silly fetch manifest globals@^14.0.0
848 silly packumentCache full:https://registry.npmjs.org/globals cache-miss
849 silly fetch manifest import-fresh@^3.2.1
850 silly packumentCache full:https://registry.npmjs.org/import-fresh cache-miss
851 silly fetch manifest js-yaml@^4.1.1
852 silly packumentCache full:https://registry.npmjs.org/js-yaml cache-miss
853 silly fetch manifest strip-json-comments@^3.1.1
854 silly packumentCache full:https://registry.npmjs.org/strip-json-comments cache-miss
855 http cache https://registry.npmjs.org/globals 4ms (cache hit)
856 silly packumentCache full:https://registry.npmjs.org/globals set size:297546 disposed:false
857 silly fetch manifest levn@^0.4.1
858 silly packumentCache full:https://registry.npmjs.org/levn cache-miss
859 http cache https://registry.npmjs.org/espree 6ms (cache hit)
860 silly packumentCache full:https://registry.npmjs.org/espree set size:320553 disposed:false
861 silly fetch manifest @humanwhocodes/retry@^0.4.0
862 silly packumentCache full:https://registry.npmjs.org/@humanwhocodes%2fretry cache-hit
863 silly fetch manifest @humanfs/core@^0.19.1
864 silly packumentCache full:https://registry.npmjs.org/@humanfs%2fcore cache-miss
865 http fetch GET 200 https://registry.npmjs.org/@types%2fjson-schema 34ms (cache updated)
866 silly packumentCache full:https://registry.npmjs.org/@types%2fjson-schema set size:undefined disposed:false
867 silly fetch manifest uri-js@^4.2.2
868 silly packumentCache full:https://registry.npmjs.org/uri-js cache-miss
869 http fetch GET 200 https://registry.npmjs.org/levn 31ms (cache revalidated)
870 silly packumentCache full:https://registry.npmjs.org/levn set size:28223 disposed:false
871 silly fetch manifest fast-deep-equal@^3.1.1
872 silly packumentCache full:https://registry.npmjs.org/fast-deep-equal cache-hit
873 silly fetch manifest json-schema-traverse@^0.4.1
874 silly packumentCache full:https://registry.npmjs.org/json-schema-traverse cache-miss
875 http fetch GET 200 https://registry.npmjs.org/@eslint%2fobject-schema 43ms (cache revalidated)
876 silly packumentCache full:https://registry.npmjs.org/@eslint%2fobject-schema set size:23821 disposed:false
877 silly fetch manifest fast-json-stable-stringify@^2.0.0
878 silly packumentCache full:https://registry.npmjs.org/fast-json-stable-stringify cache-miss
879 http fetch GET 200 https://registry.npmjs.org/strip-json-comments 44ms (cache revalidated)
880 silly packumentCache full:https://registry.npmjs.org/strip-json-comments set size:43569 disposed:false
881 silly fetch manifest ansi-styles@^4.1.0
882 silly packumentCache full:https://registry.npmjs.org/ansi-styles cache-miss
883 http fetch GET 200 https://registry.npmjs.org/@humanfs%2fcore 37ms (cache revalidated)
884 silly packumentCache full:https://registry.npmjs.org/@humanfs%2fcore set size:35472 disposed:false
885 silly fetch manifest supports-color@^7.1.0
886 silly packumentCache full:https://registry.npmjs.org/supports-color cache-miss
887 http fetch GET 200 https://registry.npmjs.org/json-schema-traverse 27ms (cache revalidated)
888 silly packumentCache full:https://registry.npmjs.org/json-schema-traverse set size:23537 disposed:false
889 silly fetch manifest which@^2.0.1
890 silly packumentCache full:https://registry.npmjs.org/which cache-miss
891 http fetch GET 200 https://registry.npmjs.org/uri-js 30ms (cache revalidated)
892 silly packumentCache full:https://registry.npmjs.org/uri-js set size:42559 disposed:false
893 silly fetch manifest path-key@^3.1.0
894 silly packumentCache full:https://registry.npmjs.org/path-key cache-miss
895 http fetch GET 200 https://registry.npmjs.org/ansi-styles 26ms (cache revalidated)
896 silly packumentCache full:https://registry.npmjs.org/ansi-styles set size:63233 disposed:false
897 silly fetch manifest shebang-command@^2.0.0
898 silly packumentCache full:https://registry.npmjs.org/shebang-command cache-miss
899 http fetch GET 200 https://registry.npmjs.org/supports-color 28ms (cache revalidated)
900 silly packumentCache full:https://registry.npmjs.org/supports-color set size:118680 disposed:false
901 silly fetch manifest esrecurse@^4.3.0
902 silly packumentCache full:https://registry.npmjs.org/esrecurse cache-miss
903 http fetch GET 200 https://registry.npmjs.org/fast-json-stable-stringify 32ms (cache revalidated)
904 silly packumentCache full:https://registry.npmjs.org/fast-json-stable-stringify set size:11337 disposed:false
905 silly fetch manifest estraverse@^5.2.0
906 silly packumentCache full:https://registry.npmjs.org/estraverse cache-miss
907 http fetch GET 200 https://registry.npmjs.org/path-key 23ms (cache revalidated)
908 silly packumentCache full:https://registry.npmjs.org/path-key set size:16975 disposed:false
909 silly fetch manifest acorn@^8.15.0
910 silly packumentCache full:https://registry.npmjs.org/acorn cache-miss
911 http fetch GET 200 https://registry.npmjs.org/which 26ms (cache revalidated)
912 silly packumentCache full:https://registry.npmjs.org/which set size:65264 disposed:false
913 silly fetch manifest acorn-jsx@^5.3.2
914 silly packumentCache full:https://registry.npmjs.org/acorn-jsx cache-miss
915 http fetch GET 200 https://registry.npmjs.org/shebang-command 27ms (cache revalidated)
916 silly packumentCache full:https://registry.npmjs.org/shebang-command set size:8525 disposed:false
917 silly fetch manifest estraverse@^5.1.0
918 silly packumentCache full:https://registry.npmjs.org/estraverse cache-miss
919 http fetch GET 200 https://registry.npmjs.org/estraverse 27ms (cache revalidated)
920 silly packumentCache full:https://registry.npmjs.org/estraverse set size:62412 disposed:false
921 silly fetch manifest flat-cache@^4.0.0
922 silly packumentCache full:https://registry.npmjs.org/flat-cache cache-miss
923 http fetch GET 200 https://registry.npmjs.org/esrecurse 33ms (cache revalidated)
924 silly packumentCache full:https://registry.npmjs.org/esrecurse set size:29005 disposed:false
925 silly fetch manifest locate-path@^6.0.0
926 silly packumentCache full:https://registry.npmjs.org/locate-path cache-miss
927 http fetch GET 200 https://registry.npmjs.org/acorn-jsx 25ms (cache revalidated)
928 silly packumentCache full:https://registry.npmjs.org/acorn-jsx set size:71068 disposed:false
929 silly fetch manifest path-exists@^4.0.0
930 silly packumentCache full:https://registry.npmjs.org/path-exists cache-miss
931 http fetch GET 200 https://registry.npmjs.org/import-fresh 116ms (cache revalidated)
932 silly packumentCache full:https://registry.npmjs.org/import-fresh set size:21461 disposed:false
933 silly fetch manifest is-extglob@^2.1.1
934 silly packumentCache full:https://registry.npmjs.org/is-extglob cache-miss
935 http fetch GET 200 https://registry.npmjs.org/acorn 29ms (cache revalidated)
936 silly packumentCache full:https://registry.npmjs.org/acorn set size:377362 disposed:false
937 silly fetch manifest brace-expansion@^1.1.7
938 silly packumentCache full:https://registry.npmjs.org/brace-expansion cache-miss
939 http fetch GET 200 https://registry.npmjs.org/estraverse 31ms (cache revalidated)
940 silly packumentCache full:https://registry.npmjs.org/estraverse set size:62412 disposed:false
941 silly packumentCache full:https://registry.npmjs.org/estraverse dispose
942 silly fetch manifest prelude-ls@^1.2.1
943 silly packumentCache full:https://registry.npmjs.org/prelude-ls cache-miss
944 http fetch GET 200 https://registry.npmjs.org/flat-cache 28ms (cache updated)
945 silly packumentCache full:https://registry.npmjs.org/flat-cache set size:undefined disposed:false
946 silly fetch manifest deep-is@^0.1.3
947 silly packumentCache full:https://registry.npmjs.org/deep-is cache-miss
948 http fetch GET 200 https://registry.npmjs.org/locate-path 125ms (cache revalidated)
949 silly packumentCache full:https://registry.npmjs.org/locate-path set size:31329 disposed:false
950 silly fetch manifest word-wrap@^1.2.5
951 silly packumentCache full:https://registry.npmjs.org/word-wrap cache-miss
952 http fetch GET 200 https://registry.npmjs.org/prelude-ls 104ms (cache revalidated)
953 silly packumentCache full:https://registry.npmjs.org/prelude-ls set size:25777 disposed:false
954 silly fetch manifest type-check@^0.4.0
955 silly packumentCache full:https://registry.npmjs.org/type-check cache-miss
956 http fetch GET 200 https://registry.npmjs.org/path-exists 118ms (cache revalidated)
957 silly packumentCache full:https://registry.npmjs.org/path-exists set size:13704 disposed:false
958 silly fetch manifest fast-levenshtein@^2.0.6
959 silly packumentCache full:https://registry.npmjs.org/fast-levenshtein cache-miss
960 http fetch GET 200 https://registry.npmjs.org/is-extglob 119ms (cache revalidated)
961 silly packumentCache full:https://registry.npmjs.org/is-extglob set size:11766 disposed:false
962 http fetch GET 200 https://registry.npmjs.org/deep-is 104ms (cache revalidated)
963 silly packumentCache full:https://registry.npmjs.org/deep-is set size:10205 disposed:false
964 http fetch GET 200 https://registry.npmjs.org/brace-expansion 116ms (cache revalidated)
965 silly packumentCache full:https://registry.npmjs.org/brace-expansion set size:46250 disposed:false
966 http fetch GET 200 https://registry.npmjs.org/js-yaml 237ms (cache revalidated)
967 silly packumentCache full:https://registry.npmjs.org/js-yaml set size:152232 disposed:false
968 http fetch GET 200 https://registry.npmjs.org/fast-levenshtein 29ms (cache revalidated)
969 silly packumentCache full:https://registry.npmjs.org/fast-levenshtein set size:39317 disposed:false
970 http fetch GET 200 https://registry.npmjs.org/type-check 31ms (cache revalidated)
971 silly packumentCache full:https://registry.npmjs.org/type-check set size:21221 disposed:false
972 http fetch GET 200 https://registry.npmjs.org/word-wrap 37ms (cache revalidated)
973 silly packumentCache full:https://registry.npmjs.org/word-wrap set size:37835 disposed:false
974 silly placeDep node_modules/@eslint-community/eslint-utils eslint-visitor-keys@3.4.3 OK for: @eslint-community/eslint-utils@4.9.1 want: ^3.4.3
975 silly placeDep ROOT @eslint/object-schema@2.1.7 OK for: @eslint/config-array@0.21.1 want: ^2.1.7
976 silly placeDep ROOT @types/json-schema@7.0.15 OK for: @eslint/core@0.17.0 want: ^7.0.15
977 silly placeDep node_modules/@eslint/eslintrc globals@14.0.0 OK for: @eslint/eslintrc@3.3.3 want: ^14.0.0
978 silly placeDep ROOT import-fresh@3.3.1 OK for: @eslint/eslintrc@3.3.3 want: ^3.2.1
979 silly placeDep ROOT js-yaml@4.1.1 OK for: @eslint/eslintrc@3.3.3 want: ^4.1.1
980 silly placeDep ROOT strip-json-comments@3.1.1 OK for: @eslint/eslintrc@3.3.3 want: ^3.1.1
981 silly fetch manifest parent-module@^1.0.0
982 silly packumentCache full:https://registry.npmjs.org/parent-module cache-miss
983 silly fetch manifest resolve-from@^4.0.0
984 silly packumentCache full:https://registry.npmjs.org/resolve-from cache-miss
985 silly fetch manifest argparse@^2.0.1
986 silly packumentCache full:https://registry.npmjs.org/argparse cache-miss
987 http fetch GET 200 https://registry.npmjs.org/argparse 32ms (cache revalidated)
988 silly packumentCache full:https://registry.npmjs.org/argparse set size:49266 disposed:false
989 http fetch GET 200 https://registry.npmjs.org/resolve-from 34ms (cache revalidated)
990 silly packumentCache full:https://registry.npmjs.org/resolve-from set size:12911 disposed:false
991 http fetch GET 200 https://registry.npmjs.org/parent-module 39ms (cache revalidated)
992 silly packumentCache full:https://registry.npmjs.org/parent-module set size:18255 disposed:false
993 silly placeDep ROOT levn@0.4.1 OK for: @eslint/plugin-kit@0.4.1 want: ^0.4.1
994 silly fetch manifest type-check@~0.4.0
995 silly packumentCache full:https://registry.npmjs.org/type-check cache-hit
996 silly placeDep ROOT @humanfs/core@0.19.1 OK for: @humanfs/node@0.16.7 want: ^0.19.1
997 silly placeDep ROOT fast-json-stable-stringify@2.1.0 OK for: ajv@6.12.6 want: ^2.0.0
998 silly placeDep ROOT json-schema-traverse@0.4.1 OK for: ajv@6.12.6 want: ^0.4.1
999 silly placeDep ROOT uri-js@4.4.1 OK for: ajv@6.12.6 want: ^4.2.2
1000 silly fetch manifest punycode@^2.1.0
1001 silly packumentCache full:https://registry.npmjs.org/punycode cache-miss
1002 http fetch GET 200 https://registry.npmjs.org/punycode 28ms (cache revalidated)
1003 silly packumentCache full:https://registry.npmjs.org/punycode set size:61302 disposed:false
1004 silly placeDep ROOT ansi-styles@4.3.0 OK for: chalk@4.1.2 want: ^4.1.0
1005 silly placeDep ROOT supports-color@7.2.0 OK for: chalk@4.1.2 want: ^7.1.0
1006 silly fetch manifest color-convert@^2.0.1
1007 silly packumentCache full:https://registry.npmjs.org/color-convert cache-miss
1008 silly fetch manifest has-flag@^4.0.0
1009 silly packumentCache full:https://registry.npmjs.org/has-flag cache-miss
1010 http fetch GET 200 https://registry.npmjs.org/has-flag 24ms (cache revalidated)
1011 silly packumentCache full:https://registry.npmjs.org/has-flag set size:15180 disposed:false
1012 http fetch GET 200 https://registry.npmjs.org/color-convert 28ms (cache revalidated)
1013 silly packumentCache full:https://registry.npmjs.org/color-convert set size:72663 disposed:false
1014 silly placeDep ROOT color-convert@2.0.1 OK for: ansi-styles@4.3.0 want: ^2.0.1
1015 silly fetch manifest color-name@~1.1.4
1016 silly packumentCache full:https://registry.npmjs.org/color-name cache-miss
1017 http fetch GET 200 https://registry.npmjs.org/color-name 29ms (cache revalidated)
1018 silly packumentCache full:https://registry.npmjs.org/color-name set size:19467 disposed:false
1019 silly placeDep ROOT color-name@1.1.4 OK for: color-convert@2.0.1 want: ~1.1.4
1020 silly placeDep ROOT path-key@3.1.1 OK for: cross-spawn@7.0.6 want: ^3.1.0
1021 silly placeDep ROOT shebang-command@2.0.0 OK for: cross-spawn@7.0.6 want: ^2.0.0
1022 silly placeDep ROOT which@2.0.2 OK for: cross-spawn@7.0.6 want: ^2.0.1
1023 silly fetch manifest shebang-regex@^3.0.0
1024 silly packumentCache full:https://registry.npmjs.org/shebang-regex cache-miss
1025 silly fetch manifest isexe@^2.0.0
1026 silly packumentCache full:https://registry.npmjs.org/isexe cache-miss
1027 http fetch GET 200 https://registry.npmjs.org/shebang-regex 27ms (cache revalidated)
1028 silly packumentCache full:https://registry.npmjs.org/shebang-regex set size:9763 disposed:false
1029 http fetch GET 200 https://registry.npmjs.org/isexe 28ms (cache revalidated)
1030 silly packumentCache full:https://registry.npmjs.org/isexe set size:19340 disposed:false
1031 silly placeDep ROOT esrecurse@4.3.0 OK for: eslint-scope@8.4.0 want: ^4.3.0
1032 silly placeDep ROOT estraverse@5.3.0 OK for: eslint-scope@8.4.0 want: ^5.2.0
1033 silly placeDep ROOT acorn@8.15.0 OK for: espree@10.4.0 want: ^8.15.0
1034 silly placeDep ROOT acorn-jsx@5.3.2 OK for: espree@10.4.0 want: ^5.3.2
1035 silly placeDep ROOT flat-cache@4.0.1 OK for: file-entry-cache@8.0.0 want: ^4.0.0
1036 silly fetch manifest keyv@^4.5.4
1037 silly packumentCache full:https://registry.npmjs.org/keyv cache-miss
1038 silly fetch manifest flatted@^3.2.9
1039 silly packumentCache full:https://registry.npmjs.org/flatted cache-miss
1040 http fetch GET 200 https://registry.npmjs.org/flatted 72ms (cache revalidated)
1041 silly packumentCache full:https://registry.npmjs.org/flatted set size:126610 disposed:false
1042 http fetch GET 200 https://registry.npmjs.org/keyv 80ms (cache updated)
1043 silly packumentCache full:https://registry.npmjs.org/keyv set size:undefined disposed:false
1044 silly placeDep ROOT locate-path@6.0.0 OK for: find-up@5.0.0 want: ^6.0.0
1045 silly placeDep ROOT path-exists@4.0.0 OK for: find-up@5.0.0 want: ^4.0.0
1046 silly fetch manifest p-locate@^5.0.0
1047 silly packumentCache full:https://registry.npmjs.org/p-locate cache-miss
1048 http fetch GET 200 https://registry.npmjs.org/p-locate 115ms (cache revalidated)
1049 silly packumentCache full:https://registry.npmjs.org/p-locate set size:20789 disposed:false
1050 silly placeDep ROOT flatted@3.3.3 OK for: flat-cache@4.0.1 want: ^3.2.9
1051 silly placeDep ROOT keyv@4.5.4 OK for: flat-cache@4.0.1 want: ^4.5.4
1052 silly fetch manifest json-buffer@3.0.1
1053 silly packumentCache full:https://registry.npmjs.org/json-buffer cache-miss
1054 http fetch GET 200 https://registry.npmjs.org/json-buffer 107ms (cache revalidated)
1055 silly packumentCache full:https://registry.npmjs.org/json-buffer set size:23474 disposed:false
1056 silly placeDep ROOT parent-module@1.0.1 OK for: import-fresh@3.3.1 want: ^1.0.0
1057 silly placeDep ROOT resolve-from@4.0.0 OK for: import-fresh@3.3.1 want: ^4.0.0
1058 silly fetch manifest callsites@^3.0.0
1059 silly packumentCache full:https://registry.npmjs.org/callsites cache-miss
1060 http fetch GET 200 https://registry.npmjs.org/callsites 34ms (cache revalidated)
1061 silly packumentCache full:https://registry.npmjs.org/callsites set size:21349 disposed:false
1062 silly placeDep ROOT is-extglob@2.1.1 OK for: is-glob@4.0.3 want: ^2.1.1
1063 silly placeDep ROOT argparse@2.0.1 OK for: js-yaml@4.1.1 want: ^2.0.1
1064 silly placeDep ROOT json-buffer@3.0.1 OK for: keyv@4.5.4 want: 3.0.1
1065 silly placeDep ROOT prelude-ls@1.2.1 OK for: levn@0.4.1 want: ^1.2.1
1066 silly placeDep ROOT type-check@0.4.0 OK for: levn@0.4.1 want: ~0.4.0
1067 silly placeDep ROOT p-locate@5.0.0 OK for: locate-path@6.0.0 want: ^5.0.0
1068 silly fetch manifest p-limit@^3.0.2
1069 silly packumentCache full:https://registry.npmjs.org/p-limit cache-miss
1070 http fetch GET 200 https://registry.npmjs.org/p-limit 30ms (cache revalidated)
1071 silly packumentCache full:https://registry.npmjs.org/p-limit set size:58608 disposed:false
1072 silly placeDep ROOT yallist@3.1.1 OK for: lru-cache@5.1.1 want: ^3.0.2
1073 silly placeDep ROOT brace-expansion@1.1.12 OK for: minimatch@3.1.2 want: ^1.1.7
1074 silly fetch manifest balanced-match@^1.0.0
1075 silly packumentCache full:https://registry.npmjs.org/balanced-match cache-miss
1076 silly fetch manifest concat-map@0.0.1
1077 silly packumentCache full:https://registry.npmjs.org/concat-map cache-miss
1078 http fetch GET 200 https://registry.npmjs.org/concat-map 29ms (cache revalidated)
1079 silly packumentCache full:https://registry.npmjs.org/concat-map set size:9290 disposed:false
1080 http fetch GET 200 https://registry.npmjs.org/balanced-match 33ms (cache revalidated)
1081 silly packumentCache full:https://registry.npmjs.org/balanced-match set size:33860 disposed:false
1082 silly placeDep ROOT balanced-match@1.0.2 OK for: brace-expansion@1.1.12 want: ^1.0.0
1083 silly placeDep ROOT concat-map@0.0.1 OK for: brace-expansion@1.1.12 want: 0.0.1
1084 silly placeDep ROOT deep-is@0.1.4 OK for: optionator@0.9.4 want: ^0.1.3
1085 silly placeDep ROOT fast-levenshtein@2.0.6 OK for: optionator@0.9.4 want: ^2.0.6
1086 silly placeDep ROOT word-wrap@1.2.5 OK for: optionator@0.9.4 want: ^1.2.5
1087 silly placeDep ROOT p-limit@3.1.0 OK for: p-locate@5.0.0 want: ^3.0.2
1088 silly fetch manifest yocto-queue@^0.1.0
1089 silly packumentCache full:https://registry.npmjs.org/yocto-queue cache-miss
1090 http fetch GET 200 https://registry.npmjs.org/yocto-queue 31ms (cache revalidated)
1091 silly packumentCache full:https://registry.npmjs.org/yocto-queue set size:20256 disposed:false
1092 silly placeDep ROOT yocto-queue@0.1.0 OK for: p-limit@3.1.0 want: ^0.1.0
1093 silly placeDep ROOT callsites@3.1.0 OK for: parent-module@1.0.1 want: ^3.0.0
1094 silly placeDep ROOT nanoid@3.3.11 OK for: postcss@8.5.6 want: ^3.3.11
1095 silly placeDep ROOT source-map-js@1.2.1 OK for: postcss@8.5.6 want: ^1.2.1
1096 silly placeDep ROOT loose-envify@1.4.0 OK for: react@18.3.1 want: ^1.1.0
1097 silly placeDep ROOT scheduler@0.23.2 OK for: react-dom@18.3.1 want: ^0.23.2
1098 silly placeDep ROOT shebang-regex@3.0.0 OK for: shebang-command@2.0.0 want: ^3.0.0
1099 silly placeDep ROOT has-flag@4.0.0 OK for: supports-color@7.2.0 want: ^4.0.0
1100 silly fetch manifest postcss@^8.4.47
1101 silly packumentCache full:https://registry.npmjs.org/postcss cache-hit
1102 silly placeDep ROOT @alloc/quick-lru@5.2.0 OK for: tailwindcss@3.4.19 want: ^5.2.0
1103 silly placeDep ROOT arg@5.0.2 OK for: tailwindcss@3.4.19 want: ^5.0.2
1104 silly placeDep ROOT chokidar@3.6.0 OK for: tailwindcss@3.4.19 want: ^3.6.0
1105 silly placeDep ROOT didyoumean@1.2.2 OK for: tailwindcss@3.4.19 want: ^1.2.2
1106 silly placeDep ROOT dlv@1.1.3 OK for: tailwindcss@3.4.19 want: ^1.1.3
1107 silly placeDep ROOT fast-glob@3.3.3 OK for: tailwindcss@3.4.19 want: ^3.3.2
1108 silly placeDep ROOT jiti@1.21.7 OK for: tailwindcss@3.4.19 want: ^1.21.7
1109 silly placeDep ROOT lilconfig@3.1.3 OK for: tailwindcss@3.4.19 want: ^3.1.3
1110 silly placeDep ROOT micromatch@4.0.8 OK for: tailwindcss@3.4.19 want: ^4.0.8
1111 silly placeDep ROOT normalize-path@3.0.0 OK for: tailwindcss@3.4.19 want: ^3.0.0
1112 silly placeDep ROOT object-hash@3.0.0 OK for: tailwindcss@3.4.19 want: ^3.0.0
1113 silly placeDep ROOT postcss-import@15.1.0 OK for: tailwindcss@3.4.19 want: ^15.1.0
1114 silly placeDep ROOT postcss-js@4.1.0 OK for: tailwindcss@3.4.19 want: ^4.0.1
1115 silly placeDep ROOT postcss-load-config@6.0.1 OK for: tailwindcss@3.4.19 want: ^4.0.2 || ^5.0 || ^6.0
1116 silly placeDep ROOT postcss-nested@6.2.0 OK for: tailwindcss@3.4.19 want: ^6.2.0
1117 silly placeDep ROOT postcss-selector-parser@6.1.2 OK for: tailwindcss@3.4.19 want: ^6.1.2
1118 silly placeDep ROOT resolve@1.22.11 OK for: tailwindcss@3.4.19 want: ^1.22.8
1119 silly placeDep ROOT sucrase@3.35.1 OK for: tailwindcss@3.4.19 want: ^3.35.0
1120 silly fetch manifest braces@~3.0.2
1121 silly packumentCache full:https://registry.npmjs.org/braces cache-miss
1122 silly fetch manifest anymatch@~3.1.2
1123 silly packumentCache full:https://registry.npmjs.org/anymatch cache-miss
1124 silly fetch manifest readdirp@~3.6.0
1125 silly packumentCache full:https://registry.npmjs.org/readdirp cache-miss
1126 silly fetch manifest glob-parent@~5.1.2
1127 silly packumentCache full:https://registry.npmjs.org/glob-parent cache-hit
1128 silly fetch manifest is-binary-path@~2.1.0
1129 silly packumentCache full:https://registry.npmjs.org/is-binary-path cache-miss
1130 silly fetch manifest normalize-path@~3.0.0
1131 silly packumentCache full:https://registry.npmjs.org/normalize-path cache-hit
1132 silly fetch manifest fsevents@~2.3.2
1133 silly packumentCache full:https://registry.npmjs.org/fsevents cache-hit
1134 silly fetch manifest @nodelib/fs.stat@^2.0.2
1135 silly packumentCache full:https://registry.npmjs.org/@nodelib%2ffs.stat cache-miss
1136 silly fetch manifest @nodelib/fs.walk@^1.2.3
1137 silly packumentCache full:https://registry.npmjs.org/@nodelib%2ffs.walk cache-miss
1138 silly fetch manifest glob-parent@^5.1.2
1139 silly packumentCache full:https://registry.npmjs.org/glob-parent cache-hit
1140 silly fetch manifest merge2@^1.3.0
1141 silly packumentCache full:https://registry.npmjs.org/merge2 cache-miss
1142 http fetch GET 200 https://registry.npmjs.org/is-binary-path 31ms (cache revalidated)
1143 silly packumentCache full:https://registry.npmjs.org/is-binary-path set size:13475 disposed:false
1144 silly fetch manifest braces@^3.0.3
1145 silly packumentCache full:https://registry.npmjs.org/braces cache-miss
1146 http fetch GET 200 https://registry.npmjs.org/anymatch 33ms (cache revalidated)
1147 silly packumentCache full:https://registry.npmjs.org/anymatch set size:42974 disposed:false
1148 silly fetch manifest picomatch@^2.3.1
1149 silly packumentCache full:https://registry.npmjs.org/picomatch cache-hit
1150 silly fetch manifest resolve@^1.1.7
1151 silly packumentCache full:https://registry.npmjs.org/resolve cache-hit
1152 silly fetch manifest read-cache@^1.0.0
1153 silly packumentCache full:https://registry.npmjs.org/read-cache cache-miss
1154 http fetch GET 200 https://registry.npmjs.org/braces 37ms (cache revalidated)
1155 silly packumentCache full:https://registry.npmjs.org/braces set size:114529 disposed:false
1156 silly fetch manifest camelcase-css@^2.0.1
1157 silly packumentCache full:https://registry.npmjs.org/camelcase-css cache-miss
1158 http fetch GET 200 https://registry.npmjs.org/merge2 37ms (cache revalidated)
1159 silly packumentCache full:https://registry.npmjs.org/merge2 set size:46159 disposed:false
1160 silly fetch manifest postcss-selector-parser@^6.1.1
1161 silly packumentCache full:https://registry.npmjs.org/postcss-selector-parser cache-hit
1162 silly fetch manifest cssesc@^3.0.0
1163 silly packumentCache full:https://registry.npmjs.org/cssesc cache-miss
1164 http fetch GET 200 https://registry.npmjs.org/@nodelib%2ffs.walk 42ms (cache revalidated)
1165 silly packumentCache full:https://registry.npmjs.org/@nodelib%2ffs.walk set size:41589 disposed:false
1166 silly fetch manifest util-deprecate@^1.0.2
1167 silly packumentCache full:https://registry.npmjs.org/util-deprecate cache-miss
1168 http fetch GET 200 https://registry.npmjs.org/@nodelib%2ffs.stat 54ms (cache revalidated)
1169 silly packumentCache full:https://registry.npmjs.org/@nodelib%2ffs.stat set size:36993 disposed:false
1170 silly fetch manifest is-core-module@^2.16.1
1171 silly packumentCache full:https://registry.npmjs.org/is-core-module cache-miss
1172 http fetch GET 200 https://registry.npmjs.org/read-cache 24ms (cache revalidated)
1173 silly packumentCache full:https://registry.npmjs.org/read-cache set size:3003 disposed:false
1174 silly fetch manifest path-parse@^1.0.7
1175 silly packumentCache full:https://registry.npmjs.org/path-parse cache-miss
1176 http fetch GET 200 https://registry.npmjs.org/braces 28ms (cache revalidated)
1177 silly packumentCache full:https://registry.npmjs.org/braces set size:114529 disposed:false
1178 silly packumentCache full:https://registry.npmjs.org/braces dispose
1179 silly fetch manifest supports-preserve-symlinks-flag@^1.0.0
1180 silly packumentCache full:https://registry.npmjs.org/supports-preserve-symlinks-flag cache-miss
1181 http fetch GET 200 https://registry.npmjs.org/camelcase-css 25ms (cache revalidated)
1182 silly packumentCache full:https://registry.npmjs.org/camelcase-css set size:9392 disposed:false
1183 silly fetch manifest commander@^4.0.0
1184 silly packumentCache full:https://registry.npmjs.org/commander cache-miss
1185 http fetch GET 200 https://registry.npmjs.org/util-deprecate 31ms (cache revalidated)
1186 silly packumentCache full:https://registry.npmjs.org/util-deprecate set size:6674 disposed:false
1187 silly fetch manifest lines-and-columns@^1.1.6
1188 silly packumentCache full:https://registry.npmjs.org/lines-and-columns cache-miss
1189 http fetch GET 200 https://registry.npmjs.org/cssesc 36ms (cache revalidated)
1190 silly packumentCache full:https://registry.npmjs.org/cssesc set size:18815 disposed:false
1191 silly fetch manifest mz@^2.7.0
1192 silly packumentCache full:https://registry.npmjs.org/mz cache-miss
1193 http fetch GET 200 https://registry.npmjs.org/path-parse 26ms (cache revalidated)
1194 silly packumentCache full:https://registry.npmjs.org/path-parse set size:14523 disposed:false
1195 silly fetch manifest pirates@^4.0.1
1196 silly packumentCache full:https://registry.npmjs.org/pirates cache-miss
1197 http fetch GET 200 https://registry.npmjs.org/is-core-module 29ms (cache revalidated)
1198 silly packumentCache full:https://registry.npmjs.org/is-core-module set size:71788 disposed:false
1199 silly fetch manifest tinyglobby@^0.2.11
1200 silly packumentCache full:https://registry.npmjs.org/tinyglobby cache-hit
1201 silly fetch manifest ts-interface-checker@^0.1.9
1202 silly packumentCache full:https://registry.npmjs.org/ts-interface-checker cache-miss
1203 http fetch GET 200 https://registry.npmjs.org/supports-preserve-symlinks-flag 26ms (cache revalidated)
1204 silly packumentCache full:https://registry.npmjs.org/supports-preserve-symlinks-flag set size:6802 disposed:false
1205 http fetch GET 200 https://registry.npmjs.org/commander 26ms (cache revalidated)
1206 silly packumentCache full:https://registry.npmjs.org/commander set size:345426 disposed:false
1207 http fetch GET 200 https://registry.npmjs.org/mz 26ms (cache revalidated)
1208 silly packumentCache full:https://registry.npmjs.org/mz set size:42731 disposed:false
1209 http fetch GET 200 https://registry.npmjs.org/readdirp 108ms (cache revalidated)
1210 silly packumentCache full:https://registry.npmjs.org/readdirp set size:107589 disposed:false
1211 http fetch GET 200 https://registry.npmjs.org/ts-interface-checker 25ms (cache revalidated)
1212 silly packumentCache full:https://registry.npmjs.org/ts-interface-checker set size:58946 disposed:false
1213 http fetch GET 200 https://registry.npmjs.org/pirates 30ms (cache revalidated)
1214 silly packumentCache full:https://registry.npmjs.org/pirates set size:51327 disposed:false
1215 http fetch GET 200 https://registry.npmjs.org/lines-and-columns 44ms (cache revalidated)
1216 silly packumentCache full:https://registry.npmjs.org/lines-and-columns set size:73796 disposed:false
1217 silly placeDep ROOT anymatch@3.1.3 OK for: chokidar@3.6.0 want: ~3.1.2
1218 silly placeDep ROOT braces@3.0.3 OK for: chokidar@3.6.0 want: ~3.0.2
1219 silly placeDep ROOT fsevents@2.3.3 OK for: chokidar@3.6.0 want: ~2.3.2
1220 silly placeDep node_modules/chokidar glob-parent@5.1.2 OK for: chokidar@3.6.0 want: ~5.1.2
1221 silly placeDep ROOT is-binary-path@2.1.0 OK for: chokidar@3.6.0 want: ~2.1.0
1222 silly placeDep ROOT readdirp@3.6.0 OK for: chokidar@3.6.0 want: ~3.6.0
1223 silly fetch manifest picomatch@^2.0.4
1224 silly packumentCache full:https://registry.npmjs.org/picomatch cache-hit
1225 silly fetch manifest fill-range@^7.1.1
1226 silly packumentCache full:https://registry.npmjs.org/fill-range cache-miss
1227 silly fetch manifest binary-extensions@^2.0.0
1228 silly packumentCache full:https://registry.npmjs.org/binary-extensions cache-miss
1229 silly fetch manifest picomatch@^2.2.1
1230 silly packumentCache full:https://registry.npmjs.org/picomatch cache-hit
1231 http fetch GET 200 https://registry.npmjs.org/fill-range 26ms (cache revalidated)
1232 silly packumentCache full:https://registry.npmjs.org/fill-range set size:90212 disposed:false
1233 http fetch GET 200 https://registry.npmjs.org/binary-extensions 27ms (cache revalidated)
1234 silly packumentCache full:https://registry.npmjs.org/binary-extensions set size:51551 disposed:false
1235 silly placeDep ROOT picomatch@2.3.1 OK for: anymatch@3.1.3 want: ^2.0.4
1236 silly placeDep ROOT fill-range@7.1.1 OK for: braces@3.0.3 want: ^7.1.1
1237 silly fetch manifest to-regex-range@^5.0.1
1238 silly packumentCache full:https://registry.npmjs.org/to-regex-range cache-miss
1239 http fetch GET 200 https://registry.npmjs.org/to-regex-range 32ms (cache revalidated)
1240 silly packumentCache full:https://registry.npmjs.org/to-regex-range set size:61569 disposed:false
1241 silly placeDep ROOT @nodelib/fs.stat@2.0.5 OK for: fast-glob@3.3.3 want: ^2.0.2
1242 silly placeDep ROOT @nodelib/fs.walk@1.2.8 OK for: fast-glob@3.3.3 want: ^1.2.3
1243 silly placeDep node_modules/fast-glob glob-parent@5.1.2 OK for: fast-glob@3.3.3 want: ^5.1.2
1244 silly placeDep ROOT merge2@1.4.1 OK for: fast-glob@3.3.3 want: ^1.3.0
1245 silly fetch manifest fastq@^1.6.0
1246 silly packumentCache full:https://registry.npmjs.org/fastq cache-miss
1247 silly fetch manifest @nodelib/fs.scandir@2.1.5
1248 silly packumentCache full:https://registry.npmjs.org/@nodelib%2ffs.scandir cache-miss
1249 http fetch GET 200 https://registry.npmjs.org/fastq 26ms (cache revalidated)
1250 silly packumentCache full:https://registry.npmjs.org/fastq set size:78301 disposed:false
1251 http fetch GET 200 https://registry.npmjs.org/@nodelib%2ffs.scandir 46ms (cache revalidated)
1252 silly packumentCache full:https://registry.npmjs.org/@nodelib%2ffs.scandir set size:49256 disposed:false
1253 silly placeDep ROOT @nodelib/fs.scandir@2.1.5 OK for: @nodelib/fs.walk@1.2.8 want: 2.1.5
1254 silly placeDep ROOT fastq@1.20.1 OK for: @nodelib/fs.walk@1.2.8 want: ^1.6.0
1255 silly fetch manifest run-parallel@^1.1.9
1256 silly packumentCache full:https://registry.npmjs.org/run-parallel cache-miss
1257 silly fetch manifest reusify@^1.0.4
1258 silly packumentCache full:https://registry.npmjs.org/reusify cache-miss
1259 http fetch GET 200 https://registry.npmjs.org/reusify 125ms (cache revalidated)
1260 silly packumentCache full:https://registry.npmjs.org/reusify set size:14249 disposed:false
1261 http fetch GET 200 https://registry.npmjs.org/run-parallel 126ms (cache revalidated)
1262 silly packumentCache full:https://registry.npmjs.org/run-parallel set size:35172 disposed:false
1263 silly placeDep ROOT run-parallel@1.2.0 OK for: @nodelib/fs.scandir@2.1.5 want: ^1.1.9
1264 silly fetch manifest queue-microtask@^1.2.2
1265 silly packumentCache full:https://registry.npmjs.org/queue-microtask cache-miss
1266 http fetch GET 200 https://registry.npmjs.org/queue-microtask 28ms (cache revalidated)
1267 silly packumentCache full:https://registry.npmjs.org/queue-microtask set size:36088 disposed:false
1268 silly placeDep ROOT reusify@1.1.0 OK for: fastq@1.20.1 want: ^1.0.4
1269 silly placeDep ROOT to-regex-range@5.0.1 OK for: fill-range@7.1.1 want: ^5.0.1
1270 silly fetch manifest is-number@^7.0.0
1271 silly packumentCache full:https://registry.npmjs.org/is-number cache-miss
1272 http fetch GET 200 https://registry.npmjs.org/is-number 33ms (cache revalidated)
1273 silly packumentCache full:https://registry.npmjs.org/is-number set size:36183 disposed:false
1274 silly placeDep ROOT binary-extensions@2.3.0 OK for: is-binary-path@2.1.0 want: ^2.0.0
1275 silly placeDep ROOT read-cache@1.0.0 OK for: postcss-import@15.1.0 want: ^1.0.0
1276 silly fetch manifest pify@^2.3.0
1277 silly packumentCache full:https://registry.npmjs.org/pify cache-miss
1278 http fetch GET 200 https://registry.npmjs.org/pify 33ms (cache revalidated)
1279 silly packumentCache full:https://registry.npmjs.org/pify set size:33583 disposed:false
1280 silly placeDep ROOT camelcase-css@2.0.1 OK for: postcss-js@4.1.0 want: ^2.0.1
1281 silly placeDep ROOT cssesc@3.0.0 OK for: postcss-selector-parser@6.1.2 want: ^3.0.0
1282 silly placeDep ROOT util-deprecate@1.0.2 OK for: postcss-selector-parser@6.1.2 want: ^1.0.2
1283 silly placeDep ROOT pify@2.3.0 OK for: read-cache@1.0.0 want: ^2.3.0
1284 silly placeDep ROOT is-core-module@2.16.1 OK for: resolve@1.22.11 want: ^2.16.1
1285 silly placeDep ROOT path-parse@1.0.7 OK for: resolve@1.22.11 want: ^1.0.7
1286 silly placeDep ROOT supports-preserve-symlinks-flag@1.0.0 OK for: resolve@1.22.11 want: ^1.0.0
1287 silly fetch manifest hasown@^2.0.2
1288 silly packumentCache full:https://registry.npmjs.org/hasown cache-miss
1289 http fetch GET 200 https://registry.npmjs.org/hasown 30ms (cache revalidated)
1290 silly packumentCache full:https://registry.npmjs.org/hasown set size:12476 disposed:false
1291 silly placeDep ROOT hasown@2.0.2 OK for: is-core-module@2.16.1 want: ^2.0.2
1292 silly fetch manifest function-bind@^1.1.2
1293 silly packumentCache full:https://registry.npmjs.org/function-bind cache-miss
1294 http fetch GET 200 https://registry.npmjs.org/function-bind 28ms (cache revalidated)
1295 silly packumentCache full:https://registry.npmjs.org/function-bind set size:15733 disposed:false
1296 silly placeDep ROOT function-bind@1.1.2 OK for: hasown@2.0.2 want: ^1.1.2
1297 silly placeDep ROOT queue-microtask@1.2.3 OK for: run-parallel@1.2.0 want: ^1.2.2
1298 silly placeDep ROOT commander@4.1.1 OK for: sucrase@3.35.1 want: ^4.0.0
1299 silly placeDep ROOT lines-and-columns@1.2.4 OK for: sucrase@3.35.1 want: ^1.1.6
1300 silly placeDep ROOT mz@2.7.0 OK for: sucrase@3.35.1 want: ^2.7.0
1301 silly placeDep ROOT pirates@4.0.7 OK for: sucrase@3.35.1 want: ^4.0.1
1302 silly placeDep ROOT tinyglobby@0.2.15 OK for: sucrase@3.35.1 want: ^0.2.11
1303 silly placeDep ROOT ts-interface-checker@0.1.13 OK for: sucrase@3.35.1 want: ^0.1.9
1304 silly fetch manifest any-promise@^1.0.0
1305 silly packumentCache full:https://registry.npmjs.org/any-promise cache-miss
1306 silly fetch manifest object-assign@^4.0.1
1307 silly packumentCache full:https://registry.npmjs.org/object-assign cache-miss
1308 silly fetch manifest thenify-all@^1.0.0
1309 silly packumentCache full:https://registry.npmjs.org/thenify-all cache-miss
1310 silly fetch manifest fdir@^6.5.0
1311 silly packumentCache full:https://registry.npmjs.org/fdir cache-hit
1312 silly fetch manifest picomatch@^4.0.3
1313 silly packumentCache full:https://registry.npmjs.org/picomatch cache-hit
1314 http fetch GET 200 https://registry.npmjs.org/thenify-all 25ms (cache revalidated)
1315 silly packumentCache full:https://registry.npmjs.org/thenify-all set size:18488 disposed:false
1316 http fetch GET 200 https://registry.npmjs.org/any-promise 28ms (cache revalidated)
1317 silly packumentCache full:https://registry.npmjs.org/any-promise set size:20233 disposed:false
1318 http fetch GET 200 https://registry.npmjs.org/object-assign 29ms (cache revalidated)
1319 silly packumentCache full:https://registry.npmjs.org/object-assign set size:28988 disposed:false
1320 silly placeDep ROOT any-promise@1.3.0 OK for: mz@2.7.0 want: ^1.0.0
1321 silly placeDep ROOT object-assign@4.1.1 OK for: mz@2.7.0 want: ^4.0.1
1322 silly placeDep ROOT thenify-all@1.6.0 OK for: mz@2.7.0 want: ^1.0.0
1323 silly fetch manifest thenify@>= 3.1.0 < 4
1324 silly packumentCache full:https://registry.npmjs.org/thenify cache-miss
1325 http fetch GET 200 https://registry.npmjs.org/thenify 24ms (cache revalidated)
1326 silly packumentCache full:https://registry.npmjs.org/thenify set size:21379 disposed:false
1327 silly placeDep ROOT thenify@3.3.1 OK for: thenify-all@1.6.0 want: >= 3.1.0 < 4
1328 silly placeDep node_modules/tinyglobby fdir@6.5.0 OK for: tinyglobby@0.2.15 want: ^6.5.0
1329 silly placeDep node_modules/tinyglobby picomatch@4.0.3 OK for: fdir@6.5.0 want: ^3 || ^4
1330 silly placeDep ROOT is-number@7.0.0 OK for: to-regex-range@5.0.1 want: ^7.0.0
1331 silly fetch manifest eslint@^8.57.0 || ^9.0.0
1332 silly packumentCache full:https://registry.npmjs.org/eslint cache-miss
1333 http cache https://registry.npmjs.org/eslint 3ms (cache hit)
1334 silly packumentCache full:https://registry.npmjs.org/eslint set size:1893750 disposed:false
1335 silly fetch manifest typescript@>=4.8.4 <6.0.0
1336 silly packumentCache full:https://registry.npmjs.org/typescript cache-miss
1337 http cache https://registry.npmjs.org/typescript 19ms (cache hit)
1338 silly packumentCache full:https://registry.npmjs.org/typescript set size:15167206 disposed:false
1339 silly placeDep ROOT @typescript-eslint/eslint-plugin@8.53.1 OK for: typescript-eslint@8.53.1 want: 8.53.1
1340 silly placeDep ROOT @typescript-eslint/parser@8.53.1 OK for: @typescript-eslint/eslint-plugin@8.53.1 want: ^8.53.1
1341 silly placeDep ROOT @typescript-eslint/typescript-estree@8.53.1 OK for: typescript-eslint@8.53.1 want: 8.53.1
1342 silly placeDep ROOT @typescript-eslint/utils@8.53.1 OK for: typescript-eslint@8.53.1 want: 8.53.1
1343 silly fetch manifest ignore@^7.0.5
1344 silly packumentCache full:https://registry.npmjs.org/ignore cache-hit
1345 silly fetch manifest ts-api-utils@^2.4.0
1346 silly packumentCache full:https://registry.npmjs.org/ts-api-utils cache-miss
1347 silly fetch manifest @typescript-eslint/type-utils@8.53.1
1348 silly packumentCache full:https://registry.npmjs.org/@typescript-eslint%2ftype-utils cache-miss
1349 silly fetch manifest @typescript-eslint/visitor-keys@8.53.1
1350 silly packumentCache full:https://registry.npmjs.org/@typescript-eslint%2fvisitor-keys cache-miss
1351 silly fetch manifest @typescript-eslint/scope-manager@8.53.1
1352 silly packumentCache full:https://registry.npmjs.org/@typescript-eslint%2fscope-manager cache-miss
1353 silly fetch manifest @typescript-eslint/types@8.53.1
1354 silly packumentCache full:https://registry.npmjs.org/@typescript-eslint%2ftypes cache-miss
1355 silly fetch manifest @typescript-eslint/visitor-keys@8.53.1
1356 silly packumentCache full:https://registry.npmjs.org/@typescript-eslint%2fvisitor-keys cache-miss
1357 silly fetch manifest @typescript-eslint/scope-manager@8.53.1
1358 silly packumentCache full:https://registry.npmjs.org/@typescript-eslint%2fscope-manager cache-miss
1359 http fetch GET 200 https://registry.npmjs.org/ts-api-utils 33ms (cache miss)
1360 silly packumentCache full:https://registry.npmjs.org/ts-api-utils set size:undefined disposed:false
1361 silly fetch manifest semver@^7.7.3
1362 silly packumentCache full:https://registry.npmjs.org/semver cache-hit
1363 silly fetch manifest minimatch@^9.0.5
1364 silly packumentCache full:https://registry.npmjs.org/minimatch cache-hit
1365 silly fetch manifest @typescript-eslint/types@8.53.1
1366 silly packumentCache full:https://registry.npmjs.org/@typescript-eslint%2ftypes cache-miss
1367 http fetch GET 200 https://registry.npmjs.org/@typescript-eslint%2ftypes 345ms (cache updated)
1368 silly packumentCache full:https://registry.npmjs.org/@typescript-eslint%2ftypes set size:undefined disposed:false
1369 silly fetch manifest @typescript-eslint/visitor-keys@8.53.1
1370 silly packumentCache full:https://registry.npmjs.org/@typescript-eslint%2fvisitor-keys cache-miss
1371 http fetch GET 200 https://registry.npmjs.org/@typescript-eslint%2ftypes 450ms (cache updated)
1372 silly packumentCache full:https://registry.npmjs.org/@typescript-eslint%2ftypes set size:undefined disposed:false
1373 silly fetch manifest @typescript-eslint/tsconfig-utils@8.53.1
1374 silly packumentCache full:https://registry.npmjs.org/@typescript-eslint%2ftsconfig-utils cache-miss
1375 http fetch GET 200 https://registry.npmjs.org/@typescript-eslint%2fvisitor-keys 570ms (cache updated)
1376 silly packumentCache full:https://registry.npmjs.org/@typescript-eslint%2fvisitor-keys set size:undefined disposed:false
1377 silly fetch manifest @typescript-eslint/project-service@8.53.1
1378 silly packumentCache full:https://registry.npmjs.org/@typescript-eslint%2fproject-service cache-miss
1379 http fetch GET 200 https://registry.npmjs.org/@typescript-eslint%2ftsconfig-utils 133ms (cache miss)
1380 silly packumentCache full:https://registry.npmjs.org/@typescript-eslint%2ftsconfig-utils set size:undefined disposed:false
1381 silly fetch manifest @typescript-eslint/scope-manager@8.53.1
1382 silly packumentCache full:https://registry.npmjs.org/@typescript-eslint%2fscope-manager cache-miss
1383 http fetch GET 200 https://registry.npmjs.org/@typescript-eslint%2fscope-manager 628ms (cache updated)
1384 silly packumentCache full:https://registry.npmjs.org/@typescript-eslint%2fscope-manager set size:undefined disposed:false
1385 http fetch GET 200 https://registry.npmjs.org/@typescript-eslint%2ftype-utils 663ms (cache updated)
1386 silly packumentCache full:https://registry.npmjs.org/@typescript-eslint%2ftype-utils set size:undefined disposed:false
1387 http fetch GET 200 https://registry.npmjs.org/@typescript-eslint%2fvisitor-keys 298ms (cache updated)
1388 silly packumentCache full:https://registry.npmjs.org/@typescript-eslint%2fvisitor-keys set size:undefined disposed:false
1389 http fetch GET 200 https://registry.npmjs.org/@typescript-eslint%2fproject-service 164ms (cache miss)
1390 silly packumentCache full:https://registry.npmjs.org/@typescript-eslint%2fproject-service set size:undefined disposed:false
1391 http fetch GET 200 https://registry.npmjs.org/@typescript-eslint%2fvisitor-keys 847ms (cache updated)
1392 silly packumentCache full:https://registry.npmjs.org/@typescript-eslint%2fvisitor-keys set size:undefined disposed:false
1393 http fetch GET 200 https://registry.npmjs.org/@typescript-eslint%2fscope-manager 345ms (cache updated)
1394 silly packumentCache full:https://registry.npmjs.org/@typescript-eslint%2fscope-manager set size:undefined disposed:false
1395 http fetch GET 200 https://registry.npmjs.org/@typescript-eslint%2fscope-manager 1097ms (cache updated)
1396 silly packumentCache full:https://registry.npmjs.org/@typescript-eslint%2fscope-manager set size:undefined disposed:false
1397 silly placeDep ROOT @typescript-eslint/scope-manager@8.53.1 OK for: @typescript-eslint/eslint-plugin@8.53.1 want: 8.53.1
1398 silly placeDep ROOT @typescript-eslint/type-utils@8.53.1 OK for: @typescript-eslint/eslint-plugin@8.53.1 want: 8.53.1
1399 silly placeDep ROOT @typescript-eslint/visitor-keys@8.53.1 OK for: @typescript-eslint/eslint-plugin@8.53.1 want: 8.53.1
1400 silly placeDep node_modules/@typescript-eslint/eslint-plugin ignore@7.0.5 OK for: @typescript-eslint/eslint-plugin@8.53.1 want: ^7.0.5
1401 silly placeDep ROOT ts-api-utils@2.4.0 OK for: @typescript-eslint/eslint-plugin@8.53.1 want: ^2.4.0
1402 silly placeDep ROOT @typescript-eslint/types@8.53.1 OK for: @typescript-eslint/parser@8.53.1 want: 8.53.1
1403 silly placeDep ROOT @typescript-eslint/project-service@8.53.1 OK for: @typescript-eslint/typescript-estree@8.53.1 want: 8.53.1
1404 silly placeDep ROOT @typescript-eslint/tsconfig-utils@8.53.1 OK for: @typescript-eslint/typescript-estree@8.53.1 want: 8.53.1
1405 silly placeDep node_modules/@typescript-eslint/typescript-estree minimatch@9.0.5 OK for: @typescript-eslint/typescript-estree@8.53.1 want: ^9.0.5
1406 silly placeDep node_modules/@typescript-eslint/typescript-estree semver@7.7.3 OK for: @typescript-eslint/typescript-estree@8.53.1 want: ^7.7.3
1407 silly fetch manifest @typescript-eslint/tsconfig-utils@^8.53.1
1408 silly packumentCache full:https://registry.npmjs.org/@typescript-eslint%2ftsconfig-utils cache-miss
1409 silly fetch manifest brace-expansion@^2.0.1
1410 silly packumentCache full:https://registry.npmjs.org/brace-expansion cache-hit
1411 http cache https://registry.npmjs.org/@typescript-eslint%2ftsconfig-utils 2ms (cache hit)
1412 silly packumentCache full:https://registry.npmjs.org/@typescript-eslint%2ftsconfig-utils set size:836752 disposed:false
1413 silly placeDep ROOT escalade@3.2.0 OK for: update-browserslist-db@1.2.3 want: ^3.2.0
1414 silly placeDep ROOT punycode@2.3.1 OK for: uri-js@4.4.1 want: ^2.1.0
1415 silly placeDep ROOT esbuild@0.25.12 OK for: vite@6.4.1 want: ^0.25.0
1416 silly placeDep node_modules/vite fdir@6.5.0 OK for: vite@6.4.1 want: ^6.4.4
1417 silly placeDep node_modules/vite picomatch@4.0.3 OK for: fdir@6.5.0 want: ^3 || ^4
1418 silly placeDep ROOT rollup@4.56.0 OK for: vite@6.4.1 want: ^4.34.9
1419 silly fetch manifest @esbuild/aix-ppc64@0.25.12
1420 silly packumentCache full:https://registry.npmjs.org/@esbuild%2faix-ppc64 cache-miss
1421 silly fetch manifest @esbuild/linux-arm@0.25.12
1422 silly packumentCache full:https://registry.npmjs.org/@esbuild%2flinux-arm cache-miss
1423 silly fetch manifest @esbuild/linux-x64@0.25.12
1424 silly packumentCache full:https://registry.npmjs.org/@esbuild%2flinux-x64 cache-miss
1425 silly fetch manifest @esbuild/sunos-x64@0.25.12
1426 silly packumentCache full:https://registry.npmjs.org/@esbuild%2fsunos-x64 cache-miss
1427 silly fetch manifest @esbuild/win32-x64@0.25.12
1428 silly packumentCache full:https://registry.npmjs.org/@esbuild%2fwin32-x64 cache-miss
1429 silly fetch manifest @esbuild/darwin-x64@0.25.12
1430 silly packumentCache full:https://registry.npmjs.org/@esbuild%2fdarwin-x64 cache-miss
1431 silly fetch manifest @esbuild/linux-ia32@0.25.12
1432 silly packumentCache full:https://registry.npmjs.org/@esbuild%2flinux-ia32 cache-miss
1433 http fetch GET 200 https://registry.npmjs.org/@esbuild%2faix-ppc64 136ms (cache revalidated)
1434 silly packumentCache full:https://registry.npmjs.org/@esbuild%2faix-ppc64 set size:54372 disposed:false
1435 silly fetch manifest @esbuild/netbsd-x64@0.25.12
1436 silly packumentCache full:https://registry.npmjs.org/@esbuild%2fnetbsd-x64 cache-miss
1437 http fetch GET 200 https://registry.npmjs.org/@esbuild%2flinux-ia32 136ms (cache revalidated)
1438 silly packumentCache full:https://registry.npmjs.org/@esbuild%2flinux-ia32 set size:186223 disposed:false
1439 silly fetch manifest @esbuild/win32-ia32@0.25.12
1440 silly packumentCache full:https://registry.npmjs.org/@esbuild%2fwin32-ia32 cache-miss
1441 http fetch GET 200 https://registry.npmjs.org/@esbuild%2flinux-x64 138ms (cache revalidated)
1442 silly packumentCache full:https://registry.npmjs.org/@esbuild%2flinux-x64 set size:185597 disposed:false
1443 silly fetch manifest @esbuild/android-arm@0.25.12
1444 silly packumentCache full:https://registry.npmjs.org/@esbuild%2fandroid-arm cache-miss
1445 http fetch GET 200 https://registry.npmjs.org/@esbuild%2fdarwin-x64 138ms (cache revalidated)
1446 silly packumentCache full:https://registry.npmjs.org/@esbuild%2fdarwin-x64 set size:186270 disposed:false
1447 silly fetch manifest @esbuild/android-x64@0.25.12
1448 silly packumentCache full:https://registry.npmjs.org/@esbuild%2fandroid-x64 cache-miss
1449 http fetch GET 200 https://registry.npmjs.org/@esbuild%2flinux-arm 140ms (cache revalidated)
1450 silly packumentCache full:https://registry.npmjs.org/@esbuild%2flinux-arm set size:185272 disposed:false
1451 silly fetch manifest @esbuild/freebsd-x64@0.25.12
1452 silly packumentCache full:https://registry.npmjs.org/@esbuild%2ffreebsd-x64 cache-miss
1453 http fetch GET 200 https://registry.npmjs.org/@esbuild%2fsunos-x64 142ms (cache revalidated)
1454 silly packumentCache full:https://registry.npmjs.org/@esbuild%2fsunos-x64 set size:185826 disposed:false
1455 silly fetch manifest @esbuild/linux-arm64@0.25.12
1456 silly packumentCache full:https://registry.npmjs.org/@esbuild%2flinux-arm64 cache-miss
1457 http fetch GET 200 https://registry.npmjs.org/@esbuild%2fwin32-x64 143ms (cache revalidated)
1458 silly packumentCache full:https://registry.npmjs.org/@esbuild%2fwin32-x64 set size:185827 disposed:false
1459 silly fetch manifest @esbuild/linux-ppc64@0.25.12
1460 silly packumentCache full:https://registry.npmjs.org/@esbuild%2flinux-ppc64 cache-miss
1461 http fetch GET 200 https://registry.npmjs.org/@esbuild%2fandroid-arm 38ms (cache revalidated)
1462 silly packumentCache full:https://registry.npmjs.org/@esbuild%2fandroid-arm set size:211855 disposed:false
1463 silly fetch manifest @esbuild/linux-s390x@0.25.12
1464 silly packumentCache full:https://registry.npmjs.org/@esbuild%2flinux-s390x cache-miss
1465 http fetch GET 200 https://registry.npmjs.org/@esbuild%2fnetbsd-x64 43ms (cache revalidated)
1466 silly packumentCache full:https://registry.npmjs.org/@esbuild%2fnetbsd-x64 set size:184100 disposed:false
1467 silly fetch manifest @esbuild/openbsd-x64@0.25.12
1468 silly packumentCache full:https://registry.npmjs.org/@esbuild%2fopenbsd-x64 cache-miss
1469 http fetch GET 200 https://registry.npmjs.org/@esbuild%2fwin32-ia32 44ms (cache revalidated)
1470 silly packumentCache full:https://registry.npmjs.org/@esbuild%2fwin32-ia32 set size:186438 disposed:false
1471 silly fetch manifest @esbuild/win32-arm64@0.25.12
1472 silly packumentCache full:https://registry.npmjs.org/@esbuild%2fwin32-arm64 cache-miss
1473 http fetch GET 200 https://registry.npmjs.org/@esbuild%2fandroid-x64 45ms (cache revalidated)
1474 silly packumentCache full:https://registry.npmjs.org/@esbuild%2fandroid-x64 set size:185657 disposed:false
1475 silly fetch manifest @esbuild/darwin-arm64@0.25.12
1476 silly packumentCache full:https://registry.npmjs.org/@esbuild%2fdarwin-arm64 cache-miss
1477 http fetch GET 200 https://registry.npmjs.org/@esbuild%2flinux-ppc64 42ms (cache revalidated)
1478 silly packumentCache full:https://registry.npmjs.org/@esbuild%2flinux-ppc64 set size:189212 disposed:false
1479 silly fetch manifest @esbuild/netbsd-arm64@0.25.12
1480 silly packumentCache full:https://registry.npmjs.org/@esbuild%2fnetbsd-arm64 cache-miss
1481 http fetch GET 200 https://registry.npmjs.org/@esbuild%2ffreebsd-x64 48ms (cache revalidated)
1482 silly packumentCache full:https://registry.npmjs.org/@esbuild%2ffreebsd-x64 set size:187094 disposed:false
1483 silly fetch manifest @esbuild/android-arm64@0.25.12
1484 silly packumentCache full:https://registry.npmjs.org/@esbuild%2fandroid-arm64 cache-miss
1485 http fetch GET 200 https://registry.npmjs.org/@esbuild%2flinux-arm64 49ms (cache revalidated)
1486 silly packumentCache full:https://registry.npmjs.org/@esbuild%2flinux-arm64 set size:187283 disposed:false
1487 silly fetch manifest @esbuild/freebsd-arm64@0.25.12
1488 silly packumentCache full:https://registry.npmjs.org/@esbuild%2ffreebsd-arm64 cache-miss
1489 http fetch GET 200 https://registry.npmjs.org/@esbuild%2fopenbsd-x64 36ms (cache revalidated)
1490 silly packumentCache full:https://registry.npmjs.org/@esbuild%2fopenbsd-x64 set size:187098 disposed:false
1491 silly fetch manifest @esbuild/linux-loong64@0.25.12
1492 silly packumentCache full:https://registry.npmjs.org/@esbuild%2flinux-loong64 cache-miss
1493 http fetch GET 200 https://registry.npmjs.org/@esbuild%2flinux-s390x 40ms (cache revalidated)
1494 silly packumentCache full:https://registry.npmjs.org/@esbuild%2flinux-s390x set size:188714 disposed:false
1495 silly fetch manifest @esbuild/linux-riscv64@0.25.12
1496 silly packumentCache full:https://registry.npmjs.org/@esbuild%2flinux-riscv64 cache-miss
1497 http fetch GET 200 https://registry.npmjs.org/@esbuild%2fwin32-arm64 41ms (cache revalidated)
1498 silly packumentCache full:https://registry.npmjs.org/@esbuild%2fwin32-arm64 set size:187502 disposed:false
1499 silly fetch manifest @esbuild/openbsd-arm64@0.25.12
1500 silly packumentCache full:https://registry.npmjs.org/@esbuild%2fopenbsd-arm64 cache-miss
1501 http fetch GET 200 https://registry.npmjs.org/@esbuild%2fdarwin-arm64 39ms (cache revalidated)
1502 silly packumentCache full:https://registry.npmjs.org/@esbuild%2fdarwin-arm64 set size:187924 disposed:false
1503 silly fetch manifest @esbuild/linux-mips64el@0.25.12
1504 silly packumentCache full:https://registry.npmjs.org/@esbuild%2flinux-mips64el cache-miss
1505 http fetch GET 200 https://registry.npmjs.org/@esbuild%2fandroid-arm64 42ms (cache revalidated)
1506 silly packumentCache full:https://registry.npmjs.org/@esbuild%2fandroid-arm64 set size:190597 disposed:false
1507 silly fetch manifest @esbuild/openharmony-arm64@0.25.12
1508 silly packumentCache full:https://registry.npmjs.org/@esbuild%2fopenharmony-arm64 cache-miss
1509 http fetch GET 200 https://registry.npmjs.org/@esbuild%2fnetbsd-arm64 47ms (cache revalidated)
1510 silly packumentCache full:https://registry.npmjs.org/@esbuild%2fnetbsd-arm64 set size:30755 disposed:false
1511 silly fetch manifest @rollup/rollup-darwin-arm64@4.56.0
1512 silly packumentCache full:https://registry.npmjs.org/@rollup%2frollup-darwin-arm64 cache-miss
1513 http fetch GET 200 https://registry.npmjs.org/@esbuild%2ffreebsd-arm64 55ms (cache revalidated)
1514 silly packumentCache full:https://registry.npmjs.org/@esbuild%2ffreebsd-arm64 set size:188766 disposed:false
1515 silly fetch manifest @rollup/rollup-android-arm64@4.56.0
1516 silly packumentCache full:https://registry.npmjs.org/@rollup%2frollup-android-arm64 cache-miss
1517 http fetch GET 200 https://registry.npmjs.org/@esbuild%2flinux-riscv64 38ms (cache revalidated)
1518 silly packumentCache full:https://registry.npmjs.org/@esbuild%2flinux-riscv64 set size:188887 disposed:false
1519 silly fetch manifest @rollup/rollup-win32-arm64-msvc@4.56.0
1520 silly packumentCache full:https://registry.npmjs.org/@rollup%2frollup-win32-arm64-msvc cache-miss
1521 http fetch GET 200 https://registry.npmjs.org/@esbuild%2flinux-loong64 40ms (cache revalidated)
1522 silly packumentCache full:https://registry.npmjs.org/@esbuild%2flinux-loong64 set size:242096 disposed:false
1523 silly fetch manifest @rollup/rollup-freebsd-arm64@4.56.0
1524 silly packumentCache full:https://registry.npmjs.org/@rollup%2frollup-freebsd-arm64 cache-miss
1525 http fetch GET 200 https://registry.npmjs.org/@esbuild%2fopenbsd-arm64 40ms (cache revalidated)
1526 silly packumentCache full:https://registry.npmjs.org/@esbuild%2fopenbsd-arm64 set size:36022 disposed:false
1527 silly fetch manifest @rollup/rollup-linux-arm64-gnu@4.56.0
1528 silly packumentCache full:https://registry.npmjs.org/@rollup%2frollup-linux-arm64-gnu cache-miss
1529 http fetch GET 200 https://registry.npmjs.org/@esbuild%2flinux-mips64el 40ms (cache revalidated)
1530 silly packumentCache full:https://registry.npmjs.org/@esbuild%2flinux-mips64el set size:190856 disposed:false
1531 silly fetch manifest @rollup/rollup-linux-arm64-musl@4.56.0
1532 silly packumentCache full:https://registry.npmjs.org/@rollup%2frollup-linux-arm64-musl cache-miss
1533 http fetch GET 200 https://registry.npmjs.org/@esbuild%2fopenharmony-arm64 36ms (cache revalidated)
1534 silly packumentCache full:https://registry.npmjs.org/@esbuild%2fopenharmony-arm64 set size:19310 disposed:false
1535 silly fetch manifest @rollup/rollup-android-arm-eabi@4.56.0
1536 silly packumentCache full:https://registry.npmjs.org/@rollup%2frollup-android-arm-eabi cache-miss
1537 http fetch GET 200 https://registry.npmjs.org/@rollup%2frollup-darwin-arm64 50ms (cache updated)
1538 silly packumentCache full:https://registry.npmjs.org/@rollup%2frollup-darwin-arm64 set size:undefined disposed:false
1539 silly fetch manifest @rollup/rollup-linux-arm-gnueabihf@4.56.0
1540 silly packumentCache full:https://registry.npmjs.org/@rollup%2frollup-linux-arm-gnueabihf cache-miss
1541 http fetch GET 200 https://registry.npmjs.org/@rollup%2frollup-android-arm64 52ms (cache updated)
1542 silly packumentCache full:https://registry.npmjs.org/@rollup%2frollup-android-arm64 set size:undefined disposed:false
1543 silly fetch manifest @rollup/rollup-linux-arm-musleabihf@4.56.0
1544 silly packumentCache full:https://registry.npmjs.org/@rollup%2frollup-linux-arm-musleabihf cache-miss
1545 http fetch GET 200 https://registry.npmjs.org/@rollup%2frollup-freebsd-arm64 46ms (cache updated)
1546 silly packumentCache full:https://registry.npmjs.org/@rollup%2frollup-freebsd-arm64 set size:undefined disposed:false
1547 silly fetch manifest @rollup/rollup-win32-ia32-msvc@4.56.0
1548 silly packumentCache full:https://registry.npmjs.org/@rollup%2frollup-win32-ia32-msvc cache-miss
1549 http fetch GET 200 https://registry.npmjs.org/@rollup%2frollup-win32-arm64-msvc 48ms (cache updated)
1550 silly packumentCache full:https://registry.npmjs.org/@rollup%2frollup-win32-arm64-msvc set size:undefined disposed:false
1551 silly fetch manifest @rollup/rollup-linux-loong64-gnu@4.56.0
1552 silly packumentCache full:https://registry.npmjs.org/@rollup%2frollup-linux-loong64-gnu cache-miss
1553 http fetch GET 200 https://registry.npmjs.org/@rollup%2frollup-linux-arm64-musl 52ms (cache updated)
1554 silly packumentCache full:https://registry.npmjs.org/@rollup%2frollup-linux-arm64-musl set size:undefined disposed:false
1555 silly fetch manifest @rollup/rollup-linux-loong64-musl@4.56.0
1556 silly packumentCache full:https://registry.npmjs.org/@rollup%2frollup-linux-loong64-musl cache-miss
1557 http fetch GET 200 https://registry.npmjs.org/@rollup%2frollup-linux-arm64-gnu 54ms (cache updated)
1558 silly packumentCache full:https://registry.npmjs.org/@rollup%2frollup-linux-arm64-gnu set size:undefined disposed:false
1559 silly fetch manifest @rollup/rollup-linux-riscv64-gnu@4.56.0
1560 silly packumentCache full:https://registry.npmjs.org/@rollup%2frollup-linux-riscv64-gnu cache-miss
1561 http fetch GET 200 https://registry.npmjs.org/@rollup%2frollup-android-arm-eabi 52ms (cache updated)
1562 silly packumentCache full:https://registry.npmjs.org/@rollup%2frollup-android-arm-eabi set size:undefined disposed:false
1563 silly fetch manifest @rollup/rollup-linux-riscv64-musl@4.56.0
1564 silly packumentCache full:https://registry.npmjs.org/@rollup%2frollup-linux-riscv64-musl cache-miss
1565 http fetch GET 200 https://registry.npmjs.org/@rollup%2frollup-linux-arm-gnueabihf 48ms (cache updated)
1566 silly packumentCache full:https://registry.npmjs.org/@rollup%2frollup-linux-arm-gnueabihf set size:undefined disposed:false
1567 silly fetch manifest @rollup/rollup-linux-ppc64-gnu@4.56.0
1568 silly packumentCache full:https://registry.npmjs.org/@rollup%2frollup-linux-ppc64-gnu cache-miss
1569 http fetch GET 200 https://registry.npmjs.org/@rollup%2frollup-linux-loong64-gnu 49ms (cache updated)
1570 silly packumentCache full:https://registry.npmjs.org/@rollup%2frollup-linux-loong64-gnu set size:undefined disposed:false
1571 silly fetch manifest @rollup/rollup-linux-ppc64-musl@4.56.0
1572 silly packumentCache full:https://registry.npmjs.org/@rollup%2frollup-linux-ppc64-musl cache-miss
1573 http fetch GET 200 https://registry.npmjs.org/@rollup%2frollup-linux-loong64-musl 40ms (cache miss)
1574 silly packumentCache full:https://registry.npmjs.org/@rollup%2frollup-linux-loong64-musl set size:undefined disposed:false
1575 silly fetch manifest @rollup/rollup-linux-s390x-gnu@4.56.0
1576 silly packumentCache full:https://registry.npmjs.org/@rollup%2frollup-linux-s390x-gnu cache-miss
1577 http fetch GET 200 https://registry.npmjs.org/@rollup%2frollup-linux-arm-musleabihf 56ms (cache updated)
1578 silly packumentCache full:https://registry.npmjs.org/@rollup%2frollup-linux-arm-musleabihf set size:undefined disposed:false
1579 silly fetch manifest @rollup/rollup-darwin-x64@4.56.0
1580 silly packumentCache full:https://registry.npmjs.org/@rollup%2frollup-darwin-x64 cache-miss
1581 http fetch GET 200 https://registry.npmjs.org/@rollup%2frollup-linux-riscv64-musl 44ms (cache updated)
1582 silly packumentCache full:https://registry.npmjs.org/@rollup%2frollup-linux-riscv64-musl set size:undefined disposed:false
1583 silly fetch manifest @rollup/rollup-win32-x64-gnu@4.56.0
1584 silly packumentCache full:https://registry.npmjs.org/@rollup%2frollup-win32-x64-gnu cache-miss
1585 http fetch GET 200 https://registry.npmjs.org/@rollup%2frollup-win32-ia32-msvc 60ms (cache updated)
1586 silly packumentCache full:https://registry.npmjs.org/@rollup%2frollup-win32-ia32-msvc set size:undefined disposed:false
1587 silly fetch manifest @rollup/rollup-win32-x64-msvc@4.56.0
1588 silly packumentCache full:https://registry.npmjs.org/@rollup%2frollup-win32-x64-msvc cache-miss
1589 http fetch GET 200 https://registry.npmjs.org/@rollup%2frollup-linux-riscv64-gnu 48ms (cache updated)
1590 silly packumentCache full:https://registry.npmjs.org/@rollup%2frollup-linux-riscv64-gnu set size:undefined disposed:false
1591 silly fetch manifest @rollup/rollup-freebsd-x64@4.56.0
1592 silly packumentCache full:https://registry.npmjs.org/@rollup%2frollup-freebsd-x64 cache-miss
1593 http fetch GET 200 https://registry.npmjs.org/@rollup%2frollup-linux-ppc64-gnu 49ms (cache updated)
1594 silly packumentCache full:https://registry.npmjs.org/@rollup%2frollup-linux-ppc64-gnu set size:undefined disposed:false
1595 silly fetch manifest @rollup/rollup-linux-x64-gnu@4.56.0
1596 silly packumentCache full:https://registry.npmjs.org/@rollup%2frollup-linux-x64-gnu cache-miss
1597 http fetch GET 200 https://registry.npmjs.org/@rollup%2frollup-linux-ppc64-musl 37ms (cache miss)
1598 silly packumentCache full:https://registry.npmjs.org/@rollup%2frollup-linux-ppc64-musl set size:undefined disposed:false
1599 silly fetch manifest @rollup/rollup-linux-x64-musl@4.56.0
1600 silly packumentCache full:https://registry.npmjs.org/@rollup%2frollup-linux-x64-musl cache-miss
1601 http fetch GET 200 https://registry.npmjs.org/@rollup%2frollup-linux-s390x-gnu 37ms (cache updated)
1602 silly packumentCache full:https://registry.npmjs.org/@rollup%2frollup-linux-s390x-gnu set size:undefined disposed:false
1603 silly fetch manifest @rollup/rollup-openbsd-x64@4.56.0
1604 silly packumentCache full:https://registry.npmjs.org/@rollup%2frollup-openbsd-x64 cache-miss
1605 http fetch GET 200 https://registry.npmjs.org/@rollup%2frollup-win32-x64-gnu 45ms (cache updated)
1606 silly packumentCache full:https://registry.npmjs.org/@rollup%2frollup-win32-x64-gnu set size:undefined disposed:false
1607 silly fetch manifest @rollup/rollup-openharmony-arm64@4.56.0
1608 silly packumentCache full:https://registry.npmjs.org/@rollup%2frollup-openharmony-arm64 cache-miss
1609 http fetch GET 200 https://registry.npmjs.org/@rollup%2frollup-freebsd-x64 44ms (cache updated)
1610 silly packumentCache full:https://registry.npmjs.org/@rollup%2frollup-freebsd-x64 set size:undefined disposed:false
1611 http fetch GET 200 https://registry.npmjs.org/@rollup%2frollup-darwin-x64 56ms (cache updated)
1612 silly packumentCache full:https://registry.npmjs.org/@rollup%2frollup-darwin-x64 set size:undefined disposed:false
1613 http fetch GET 200 https://registry.npmjs.org/@rollup%2frollup-win32-x64-msvc 51ms (cache updated)
1614 silly packumentCache full:https://registry.npmjs.org/@rollup%2frollup-win32-x64-msvc set size:undefined disposed:false
1615 http fetch GET 200 https://registry.npmjs.org/@rollup%2frollup-linux-x64-musl 39ms (cache updated)
1616 silly packumentCache full:https://registry.npmjs.org/@rollup%2frollup-linux-x64-musl set size:undefined disposed:false
1617 http fetch GET 200 https://registry.npmjs.org/@rollup%2frollup-openbsd-x64 39ms (cache miss)
1618 silly packumentCache full:https://registry.npmjs.org/@rollup%2frollup-openbsd-x64 set size:undefined disposed:false
1619 http fetch GET 200 https://registry.npmjs.org/@rollup%2frollup-openharmony-arm64 40ms (cache updated)
1620 silly packumentCache full:https://registry.npmjs.org/@rollup%2frollup-openharmony-arm64 set size:undefined disposed:false
1621 http fetch GET 200 https://registry.npmjs.org/@rollup%2frollup-linux-x64-gnu 82ms (cache updated)
1622 silly packumentCache full:https://registry.npmjs.org/@rollup%2frollup-linux-x64-gnu set size:undefined disposed:false
1623 silly placeDep ROOT @esbuild/aix-ppc64@0.25.12 OK for: esbuild@0.25.12 want: 0.25.12
1624 silly placeDep ROOT @esbuild/android-arm@0.25.12 OK for: esbuild@0.25.12 want: 0.25.12
1625 silly placeDep ROOT @esbuild/android-arm64@0.25.12 OK for: esbuild@0.25.12 want: 0.25.12
1626 silly placeDep ROOT @esbuild/android-x64@0.25.12 OK for: esbuild@0.25.12 want: 0.25.12
1627 silly placeDep ROOT @esbuild/darwin-arm64@0.25.12 OK for: esbuild@0.25.12 want: 0.25.12
1628 silly placeDep ROOT @esbuild/darwin-x64@0.25.12 OK for: esbuild@0.25.12 want: 0.25.12
1629 silly placeDep ROOT @esbuild/freebsd-arm64@0.25.12 OK for: esbuild@0.25.12 want: 0.25.12
1630 silly placeDep ROOT @esbuild/freebsd-x64@0.25.12 OK for: esbuild@0.25.12 want: 0.25.12
1631 silly placeDep ROOT @esbuild/linux-arm@0.25.12 OK for: esbuild@0.25.12 want: 0.25.12
1632 silly placeDep ROOT @esbuild/linux-arm64@0.25.12 OK for: esbuild@0.25.12 want: 0.25.12
1633 silly placeDep ROOT @esbuild/linux-ia32@0.25.12 OK for: esbuild@0.25.12 want: 0.25.12
1634 silly placeDep ROOT @esbuild/linux-loong64@0.25.12 OK for: esbuild@0.25.12 want: 0.25.12
1635 silly placeDep ROOT @esbuild/linux-mips64el@0.25.12 OK for: esbuild@0.25.12 want: 0.25.12
1636 silly placeDep ROOT @esbuild/linux-ppc64@0.25.12 OK for: esbuild@0.25.12 want: 0.25.12
1637 silly placeDep ROOT @esbuild/linux-riscv64@0.25.12 OK for: esbuild@0.25.12 want: 0.25.12
1638 silly placeDep ROOT @esbuild/linux-s390x@0.25.12 OK for: esbuild@0.25.12 want: 0.25.12
1639 silly placeDep ROOT @esbuild/linux-x64@0.25.12 OK for: esbuild@0.25.12 want: 0.25.12
1640 silly placeDep ROOT @esbuild/netbsd-arm64@0.25.12 OK for: esbuild@0.25.12 want: 0.25.12
1641 silly placeDep ROOT @esbuild/netbsd-x64@0.25.12 OK for: esbuild@0.25.12 want: 0.25.12
1642 silly placeDep ROOT @esbuild/openbsd-arm64@0.25.12 OK for: esbuild@0.25.12 want: 0.25.12
1643 silly placeDep ROOT @esbuild/openbsd-x64@0.25.12 OK for: esbuild@0.25.12 want: 0.25.12
1644 silly placeDep ROOT @esbuild/openharmony-arm64@0.25.12 OK for: esbuild@0.25.12 want: 0.25.12
1645 silly placeDep ROOT @esbuild/sunos-x64@0.25.12 OK for: esbuild@0.25.12 want: 0.25.12
1646 silly placeDep ROOT @esbuild/win32-arm64@0.25.12 OK for: esbuild@0.25.12 want: 0.25.12
1647 silly placeDep ROOT @esbuild/win32-ia32@0.25.12 OK for: esbuild@0.25.12 want: 0.25.12
1648 silly placeDep ROOT @esbuild/win32-x64@0.25.12 OK for: esbuild@0.25.12 want: 0.25.12
1649 silly placeDep ROOT @rollup/rollup-android-arm-eabi@4.56.0 OK for: rollup@4.56.0 want: 4.56.0
1650 silly placeDep ROOT @rollup/rollup-android-arm64@4.56.0 OK for: rollup@4.56.0 want: 4.56.0
1651 silly placeDep ROOT @rollup/rollup-darwin-arm64@4.56.0 OK for: rollup@4.56.0 want: 4.56.0
1652 silly placeDep ROOT @rollup/rollup-darwin-x64@4.56.0 OK for: rollup@4.56.0 want: 4.56.0
1653 silly placeDep ROOT @rollup/rollup-freebsd-arm64@4.56.0 OK for: rollup@4.56.0 want: 4.56.0
1654 silly placeDep ROOT @rollup/rollup-freebsd-x64@4.56.0 OK for: rollup@4.56.0 want: 4.56.0
1655 silly placeDep ROOT @rollup/rollup-linux-arm-gnueabihf@4.56.0 OK for: rollup@4.56.0 want: 4.56.0
1656 silly placeDep ROOT @rollup/rollup-linux-arm-musleabihf@4.56.0 OK for: rollup@4.56.0 want: 4.56.0
1657 silly placeDep ROOT @rollup/rollup-linux-arm64-gnu@4.56.0 OK for: rollup@4.56.0 want: 4.56.0
1658 silly placeDep ROOT @rollup/rollup-linux-arm64-musl@4.56.0 OK for: rollup@4.56.0 want: 4.56.0
1659 silly placeDep ROOT @rollup/rollup-linux-loong64-gnu@4.56.0 OK for: rollup@4.56.0 want: 4.56.0
1660 silly placeDep ROOT @rollup/rollup-linux-loong64-musl@4.56.0 OK for: rollup@4.56.0 want: 4.56.0
1661 silly placeDep ROOT @rollup/rollup-linux-ppc64-gnu@4.56.0 OK for: rollup@4.56.0 want: 4.56.0
1662 silly placeDep ROOT @rollup/rollup-linux-ppc64-musl@4.56.0 OK for: rollup@4.56.0 want: 4.56.0
1663 silly placeDep ROOT @rollup/rollup-linux-riscv64-gnu@4.56.0 OK for: rollup@4.56.0 want: 4.56.0
1664 silly placeDep ROOT @rollup/rollup-linux-riscv64-musl@4.56.0 OK for: rollup@4.56.0 want: 4.56.0
1665 silly placeDep ROOT @rollup/rollup-linux-s390x-gnu@4.56.0 OK for: rollup@4.56.0 want: 4.56.0
1666 silly placeDep ROOT @rollup/rollup-linux-x64-gnu@4.56.0 OK for: rollup@4.56.0 want: 4.56.0
1667 silly placeDep ROOT @rollup/rollup-linux-x64-musl@4.56.0 OK for: rollup@4.56.0 want: 4.56.0
1668 silly placeDep ROOT @rollup/rollup-openbsd-x64@4.56.0 OK for: rollup@4.56.0 want: 4.56.0
1669 silly placeDep ROOT @rollup/rollup-openharmony-arm64@4.56.0 OK for: rollup@4.56.0 want: 4.56.0
1670 silly placeDep ROOT @rollup/rollup-win32-arm64-msvc@4.56.0 OK for: rollup@4.56.0 want: 4.56.0
1671 silly placeDep ROOT @rollup/rollup-win32-ia32-msvc@4.56.0 OK for: rollup@4.56.0 want: 4.56.0
1672 silly placeDep ROOT @rollup/rollup-win32-x64-gnu@4.56.0 OK for: rollup@4.56.0 want: 4.56.0
1673 silly placeDep ROOT @rollup/rollup-win32-x64-msvc@4.56.0 OK for: rollup@4.56.0 want: 4.56.0
1674 silly placeDep ROOT isexe@2.0.0 OK for: which@2.0.2 want: ^2.0.0
1675 silly placeDep node_modules/@typescript-eslint/typescript-estree brace-expansion@2.0.2 OK for: minimatch@9.0.5 want: ^2.0.1
1676 silly reify moves {}
1677 silly audit bulk request {
1677 silly audit   '@eslint/js': [ '9.39.2' ],
1677 silly audit   '@supabase/supabase-js': [ '2.91.1' ],
1677 silly audit   '@types/react': [ '18.3.27' ],
1677 silly audit   '@types/react-dom': [ '18.3.7' ],
1677 silly audit   '@vitejs/plugin-react': [ '4.7.0' ],
1677 silly audit   vite: [ '6.4.1' ],
1677 silly audit   autoprefixer: [ '10.4.23' ],
1677 silly audit   postcss: [ '8.5.6' ],
1677 silly audit   clsx: [ '2.1.1' ],
1677 silly audit   eslint: [ '9.39.2' ],
1677 silly audit   'eslint-plugin-react-hooks': [ '5.2.0' ],
1677 silly audit   'eslint-plugin-react-refresh': [ '0.4.26' ],
1677 silly audit   globals: [ '15.15.0', '14.0.0' ],
1677 silly audit   'lucide-react': [ '0.469.0' ],
1677 silly audit   react: [ '18.3.1' ],
1677 silly audit   'react-dom': [ '18.3.1' ],
1677 silly audit   tailwindcss: [ '3.4.19' ],
1677 silly audit   typescript: [ '5.9.3' ],
1677 silly audit   'typescript-eslint': [ '8.53.1' ],
1677 silly audit   '@supabase/auth-js': [ '2.91.1' ],
1677 silly audit   '@supabase/functions-js': [ '2.91.1' ],
1677 silly audit   '@supabase/postgrest-js': [ '2.91.1' ],
1677 silly audit   '@supabase/realtime-js': [ '2.91.1' ],
1677 silly audit   '@supabase/storage-js': [ '2.91.1' ],
1677 silly audit   tslib: [ '2.8.1' ],
1677 silly audit   '@types/phoenix': [ '1.6.7' ],
1677 silly audit   '@types/ws': [ '8.18.1' ],
1677 silly audit   ws: [ '8.19.0' ],
1677 silly audit   'iceberg-js': [ '0.8.1' ],
1677 silly audit   '@types/prop-types': [ '15.7.15' ],
1677 silly audit   csstype: [ '3.2.3' ],
1677 silly audit   '@types/node': [ '25.0.10' ],
1677 silly audit   'undici-types': [ '7.16.0' ],
1677 silly audit   '@babel/core': [ '7.28.6' ],
1677 silly audit   '@babel/plugin-transform-react-jsx-self': [ '7.27.1' ],
1677 silly audit   '@babel/plugin-transform-react-jsx-source': [ '7.27.1' ],
1677 silly audit   '@rolldown/pluginutils': [ '1.0.0-beta.27' ],
1677 silly audit   '@types/babel__core': [ '7.20.5' ],
1677 silly audit   'react-refresh': [ '0.17.0' ],
1677 silly audit   '@babel/code-frame': [ '7.28.6' ],
1677 silly audit   '@babel/generator': [ '7.28.6' ],
1677 silly audit   '@babel/helper-compilation-targets': [ '7.28.6' ],
1677 silly audit   '@babel/helper-module-transforms': [ '7.28.6' ],
1677 silly audit   '@babel/helpers': [ '7.28.6' ],
1677 silly audit   '@babel/parser': [ '7.28.6' ],
1677 silly audit   '@babel/template': [ '7.28.6' ],
1677 silly audit   '@babel/traverse': [ '7.28.6' ],
1677 silly audit   '@babel/types': [ '7.28.6' ],
1677 silly audit   '@jridgewell/remapping': [ '2.3.5' ],
1677 silly audit   'convert-source-map': [ '2.0.0' ],
1677 silly audit   debug: [ '4.4.3' ],
1677 silly audit   gensync: [ '1.0.0-beta.2' ],
1677 silly audit   json5: [ '2.2.3' ],
1677 silly audit   semver: [ '6.3.1', '7.7.3' ],
1677 silly audit   '@babel/helper-validator-identifier': [ '7.28.5' ],
1677 silly audit   'js-tokens': [ '4.0.0' ],
1677 silly audit   picocolors: [ '1.1.1' ],
1677 silly audit   '@jridgewell/gen-mapping': [ '0.3.13' ],
1677 silly audit   '@jridgewell/trace-mapping': [ '0.3.31' ],
1677 silly audit   jsesc: [ '3.1.0' ],
1677 silly audit   '@babel/compat-data': [ '7.28.6' ],
1677 silly audit   '@babel/helper-validator-option': [ '7.27.1' ],
1677 silly audit   browserslist: [ '4.28.1' ],
1677 silly audit   'lru-cache': [ '5.1.1' ],
1677 silly audit   '@babel/helper-module-imports': [ '7.28.6' ],
1677 silly audit   '@babel/helper-plugin-utils': [ '7.28.6' ],
1677 silly audit   '@babel/helper-globals': [ '7.28.0' ],
1677 silly audit   '@babel/helper-string-parser': [ '7.27.1' ],
1677 silly audit   '@jridgewell/sourcemap-codec': [ '1.5.5' ],
1677 silly audit   '@jridgewell/resolve-uri': [ '3.1.2' ],
1677 silly audit   '@types/babel__generator': [ '7.27.0' ],
1677 silly audit   '@types/babel__template': [ '7.4.4' ],
1677 silly audit   '@types/babel__traverse': [ '7.28.0' ],
1677 silly audit   'caniuse-lite': [ '1.0.30001766' ],
1677 silly audit   'fraction.js': [ '5.3.4' ],
1677 silly audit   'postcss-value-parser': [ '4.2.0' ],
1677 silly audit   'baseline-browser-mapping': [ '2.9.18' ],
1677 silly audit   'electron-to-chromium': [ '1.5.278' ],
1677 silly audit   'node-releases': [ '2.0.27' ],
1677 silly audit   'update-browserslist-db': [ '1.2.3' ],
1677 silly audit   ms: [ '2.1.3' ],
1677 silly audit   '@eslint-community/eslint-utils': [ '4.9.1' ],
1677 silly audit   '@eslint-community/regexpp': [ '4.12.2' ],
1677 silly audit   '@eslint/config-array': [ '0.21.1' ],
1677 silly audit   '@eslint/config-helpers': [ '0.4.2' ],
1677 silly audit   '@eslint/core': [ '0.17.0' ],
1677 silly audit   '@eslint/eslintrc': [ '3.3.3' ],
1677 silly audit   '@eslint/plugin-kit': [ '0.4.1' ],
1677 silly audit   '@humanfs/node': [ '0.16.7' ],
1677 silly audit   '@humanwhocodes/module-importer': [ '1.0.1' ],
1677 silly audit   '@humanwhocodes/retry': [ '0.4.3' ],
1677 silly audit   '@types/estree': [ '1.0.8' ],
1677 silly audit   ajv: [ '6.12.6' ],
1677 silly audit   chalk: [ '4.1.2' ],
1677 silly audit   'cross-spawn': [ '7.0.6' ],
1677 silly audit   'escape-string-regexp': [ '4.0.0' ],
1677 silly audit   'eslint-scope': [ '8.4.0' ],
1677 silly audit   'eslint-visitor-keys': [ '4.2.1', '3.4.3' ],
1677 silly audit   espree: [ '10.4.0' ],
1677 silly audit   esquery: [ '1.7.0' ],
1677 silly audit   esutils: [ '2.0.3' ],
1677 silly audit   'fast-deep-equal': [ '3.1.3' ],
1677 silly audit   'file-entry-cache': [ '8.0.0' ],
1677 silly audit   'find-up': [ '5.0.0' ],
1677 silly audit   'glob-parent': [ '6.0.2', '5.1.2' ],
1677 silly audit   ignore: [ '5.3.2', '7.0.5' ],
1677 silly audit   imurmurhash: [ '0.1.4' ],
1677 silly audit   'is-glob': [ '4.0.3' ],
1677 silly audit   'json-stable-stringify-without-jsonify': [ '1.0.1' ],
1677 silly audit   'lodash.merge': [ '4.6.2' ],
1677 silly audit   minimatch: [ '3.1.2', '9.0.5' ],
1677 silly audit   'natural-compare': [ '1.4.0' ],
1677 silly audit   optionator: [ '0.9.4' ],
1677 silly audit   '@eslint/object-schema': [ '2.1.7' ],
1677 silly audit   '@types/json-schema': [ '7.0.15' ],
1677 silly audit   'import-fresh': [ '3.3.1' ],
1677 silly audit   'js-yaml': [ '4.1.1' ],
1677 silly audit   'strip-json-comments': [ '3.1.1' ],
1677 silly audit   levn: [ '0.4.1' ],
1677 silly audit   '@humanfs/core': [ '0.19.1' ],
1677 silly audit   'fast-json-stable-stringify': [ '2.1.0' ],
1677 silly audit   'json-schema-traverse': [ '0.4.1' ],
1677 silly audit   'uri-js': [ '4.4.1' ],
1677 silly audit   'ansi-styles': [ '4.3.0' ],
1677 silly audit   'supports-color': [ '7.2.0' ],
1677 silly audit   'color-convert': [ '2.0.1' ],
1677 silly audit   'color-name': [ '1.1.4' ],
1677 silly audit   'path-key': [ '3.1.1' ],
1677 silly audit   'shebang-command': [ '2.0.0' ],
1677 silly audit   which: [ '2.0.2' ],
1677 silly audit   esrecurse: [ '4.3.0' ],
1677 silly audit   estraverse: [ '5.3.0' ],
1677 silly audit   acorn: [ '8.15.0' ],
1677 silly audit   'acorn-jsx': [ '5.3.2' ],
1677 silly audit   'flat-cache': [ '4.0.1' ],
1677 silly audit   'locate-path': [ '6.0.0' ],
1677 silly audit   'path-exists': [ '4.0.0' ],
1677 silly audit   flatted: [ '3.3.3' ],
1677 silly audit   keyv: [ '4.5.4' ],
1677 silly audit   'parent-module': [ '1.0.1' ],
1677 silly audit   'resolve-from': [ '4.0.0' ],
1677 silly audit   'is-extglob': [ '2.1.1' ],
1677 silly audit   argparse: [ '2.0.1' ],
1677 silly audit   'json-buffer': [ '3.0.1' ],
1677 silly audit   'prelude-ls': [ '1.2.1' ],
1677 silly audit   'type-check': [ '0.4.0' ],
1677 silly audit   'p-locate': [ '5.0.0' ],
1677 silly audit   yallist: [ '3.1.1' ],
1677 silly audit   'brace-expansion': [ '1.1.12', '2.0.2' ],
1677 silly audit   'balanced-match': [ '1.0.2' ],
1677 silly audit   'concat-map': [ '0.0.1' ],
1677 silly audit   'deep-is': [ '0.1.4' ],
1677 silly audit   'fast-levenshtein': [ '2.0.6' ],
1677 silly audit   'word-wrap': [ '1.2.5' ],
1677 silly audit   'p-limit': [ '3.1.0' ],
1677 silly audit   'yocto-queue': [ '0.1.0' ],
1677 silly audit   callsites: [ '3.1.0' ],
1677 silly audit   nanoid: [ '3.3.11' ],
1677 silly audit   'source-map-js': [ '1.2.1' ],
1677 silly audit   'loose-envify': [ '1.4.0' ],
1677 silly audit   scheduler: [ '0.23.2' ],
1677 silly audit   'shebang-regex': [ '3.0.0' ],
1677 silly audit   'has-flag': [ '4.0.0' ],
1677 silly audit   '@alloc/quick-lru': [ '5.2.0' ],
1677 silly audit   arg: [ '5.0.2' ],
1677 silly audit   chokidar: [ '3.6.0' ],
1677 silly audit   didyoumean: [ '1.2.2' ],
1677 silly audit   dlv: [ '1.1.3' ],
1677 silly audit   'fast-glob': [ '3.3.3' ],
1677 silly audit   jiti: [ '1.21.7' ],
1677 silly audit   lilconfig: [ '3.1.3' ],
1677 silly audit   micromatch: [ '4.0.8' ],
1677 silly audit   'normalize-path': [ '3.0.0' ],
1677 silly audit   'object-hash': [ '3.0.0' ],
1677 silly audit   'postcss-import': [ '15.1.0' ],
1677 silly audit   'postcss-js': [ '4.1.0' ],
1677 silly audit   'postcss-load-config': [ '6.0.1' ],
1677 silly audit   'postcss-nested': [ '6.2.0' ],
1677 silly audit   'postcss-selector-parser': [ '6.1.2' ],
1677 silly audit   resolve: [ '1.22.11' ],
1677 silly audit   sucrase: [ '3.35.1' ],
1677 silly audit   anymatch: [ '3.1.3' ],
1677 silly audit   braces: [ '3.0.3' ],
1677 silly audit   fsevents: [ '2.3.3' ],
1677 silly audit   'is-binary-path': [ '2.1.0' ],
1677 silly audit   readdirp: [ '3.6.0' ],
1677 silly audit   picomatch: [ '2.3.1', '4.0.3' ],
1677 silly audit   'fill-range': [ '7.1.1' ],
1677 silly audit   '@nodelib/fs.stat': [ '2.0.5' ],
1677 silly audit   '@nodelib/fs.walk': [ '1.2.8' ],
1677 silly audit   merge2: [ '1.4.1' ],
1677 silly audit   '@nodelib/fs.scandir': [ '2.1.5' ],
1677 silly audit   fastq: [ '1.20.1' ],
1677 silly audit   'run-parallel': [ '1.2.0' ],
1677 silly audit   reusify: [ '1.1.0' ],
1677 silly audit   'to-regex-range': [ '5.0.1' ],
1677 silly audit   'binary-extensions': [ '2.3.0' ],
1677 silly audit   'read-cache': [ '1.0.0' ],
1677 silly audit   'camelcase-css': [ '2.0.1' ],
1677 silly audit   cssesc: [ '3.0.0' ],
1677 silly audit   'util-deprecate': [ '1.0.2' ],
1677 silly audit   pify: [ '2.3.0' ],
1677 silly audit   'is-core-module': [ '2.16.1' ],
1677 silly audit   'path-parse': [ '1.0.7' ],
1677 silly audit   'supports-preserve-symlinks-flag': [ '1.0.0' ],
1677 silly audit   hasown: [ '2.0.2' ],
1677 silly audit   'function-bind': [ '1.1.2' ],
1677 silly audit   'queue-microtask': [ '1.2.3' ],
1677 silly audit   commander: [ '4.1.1' ],
1677 silly audit   'lines-and-columns': [ '1.2.4' ],
1677 silly audit   mz: [ '2.7.0' ],
1677 silly audit   pirates: [ '4.0.7' ],
1677 silly audit   tinyglobby: [ '0.2.15' ],
1677 silly audit   'ts-interface-checker': [ '0.1.13' ],
1677 silly audit   'any-promise': [ '1.3.0' ],
1677 silly audit   'object-assign': [ '4.1.1' ],
1677 silly audit   'thenify-all': [ '1.6.0' ],
1677 silly audit   thenify: [ '3.3.1' ],
1677 silly audit   fdir: [ '6.5.0' ],
1677 silly audit   'is-number': [ '7.0.0' ],
1677 silly audit   '@typescript-eslint/eslint-plugin': [ '8.53.1' ],
1677 silly audit   '@typescript-eslint/parser': [ '8.53.1' ],
1677 silly audit   '@typescript-eslint/typescript-estree': [ '8.53.1' ],
1677 silly audit   '@typescript-eslint/utils': [ '8.53.1' ],
1677 silly audit   '@typescript-eslint/scope-manager': [ '8.53.1' ],
1677 silly audit   '@typescript-eslint/type-utils': [ '8.53.1' ],
1677 silly audit   '@typescript-eslint/visitor-keys': [ '8.53.1' ],
1677 silly audit   'ts-api-utils': [ '2.4.0' ],
1677 silly audit   '@typescript-eslint/types': [ '8.53.1' ],
1677 silly audit   '@typescript-eslint/project-service': [ '8.53.1' ],
1677 silly audit   '@typescript-eslint/tsconfig-utils': [ '8.53.1' ],
1677 silly audit   escalade: [ '3.2.0' ],
1677 silly audit   punycode: [ '2.3.1' ],
1677 silly audit   esbuild: [ '0.25.12' ],
1677 silly audit   rollup: [ '4.56.0' ],
1677 silly audit   '@esbuild/aix-ppc64': [ '0.25.12' ],
1677 silly audit   '@esbuild/android-arm': [ '0.25.12' ],
1677 silly audit   '@esbuild/android-arm64': [ '0.25.12' ],
1677 silly audit   '@esbuild/android-x64': [ '0.25.12' ],
1677 silly audit   '@esbuild/darwin-arm64': [ '0.25.12' ],
1677 silly audit   '@esbuild/darwin-x64': [ '0.25.12' ],
1677 silly audit   '@esbuild/freebsd-arm64': [ '0.25.12' ],
1677 silly audit   '@esbuild/freebsd-x64': [ '0.25.12' ],
1677 silly audit   '@esbuild/linux-arm': [ '0.25.12' ],
1677 silly audit   '@esbuild/linux-arm64': [ '0.25.12' ],
1677 silly audit   '@esbuild/linux-ia32': [ '0.25.12' ],
1677 silly audit   '@esbuild/linux-loong64': [ '0.25.12' ],
1677 silly audit   '@esbuild/linux-mips64el': [ '0.25.12' ],
1677 silly audit   '@esbuild/linux-ppc64': [ '0.25.12' ],
1677 silly audit   '@esbuild/linux-riscv64': [ '0.25.12' ],
1677 silly audit   '@esbuild/linux-s390x': [ '0.25.12' ],
1677 silly audit   '@esbuild/linux-x64': [ '0.25.12' ],
1677 silly audit   '@esbuild/netbsd-arm64': [ '0.25.12' ],
1677 silly audit   '@esbuild/netbsd-x64': [ '0.25.12' ],
1677 silly audit   '@esbuild/openbsd-arm64': [ '0.25.12' ],
1677 silly audit   '@esbuild/openbsd-x64': [ '0.25.12' ],
1677 silly audit   '@esbuild/openharmony-arm64': [ '0.25.12' ],
1677 silly audit   '@esbuild/sunos-x64': [ '0.25.12' ],
1677 silly audit   '@esbuild/win32-arm64': [ '0.25.12' ],
1677 silly audit   '@esbuild/win32-ia32': [ '0.25.12' ],
1677 silly audit   '@esbuild/win32-x64': [ '0.25.12' ],
1677 silly audit   '@rollup/rollup-android-arm-eabi': [ '4.56.0' ],
1677 silly audit   '@rollup/rollup-android-arm64': [ '4.56.0' ],
1677 silly audit   '@rollup/rollup-darwin-arm64': [ '4.56.0' ],
1677 silly audit   '@rollup/rollup-darwin-x64': [ '4.56.0' ],
1677 silly audit   '@rollup/rollup-freebsd-arm64': [ '4.56.0' ],
1677 silly audit   '@rollup/rollup-freebsd-x64': [ '4.56.0' ],
1677 silly audit   '@rollup/rollup-linux-arm-gnueabihf': [ '4.56.0' ],
1677 silly audit   '@rollup/rollup-linux-arm-musleabihf': [ '4.56.0' ],
1677 silly audit   '@rollup/rollup-linux-arm64-gnu': [ '4.56.0' ],
1677 silly audit   '@rollup/rollup-linux-arm64-musl': [ '4.56.0' ],
1677 silly audit   '@rollup/rollup-linux-loong64-gnu': [ '4.56.0' ],
1677 silly audit   '@rollup/rollup-linux-loong64-musl': [ '4.56.0' ],
1677 silly audit   '@rollup/rollup-linux-ppc64-gnu': [ '4.56.0' ],
1677 silly audit   '@rollup/rollup-linux-ppc64-musl': [ '4.56.0' ],
1677 silly audit   '@rollup/rollup-linux-riscv64-gnu': [ '4.56.0' ],
1677 silly audit   '@rollup/rollup-linux-riscv64-musl': [ '4.56.0' ],
1677 silly audit   '@rollup/rollup-linux-s390x-gnu': [ '4.56.0' ],
1677 silly audit   '@rollup/rollup-linux-x64-gnu': [ '4.56.0' ],
1677 silly audit   '@rollup/rollup-linux-x64-musl': [ '4.56.0' ],
1677 silly audit   '@rollup/rollup-openbsd-x64': [ '4.56.0' ],
1677 silly audit   '@rollup/rollup-openharmony-arm64': [ '4.56.0' ],
1677 silly audit   '@rollup/rollup-win32-arm64-msvc': [ '4.56.0' ],
1677 silly audit   '@rollup/rollup-win32-ia32-msvc': [ '4.56.0' ],
1677 silly audit   '@rollup/rollup-win32-x64-gnu': [ '4.56.0' ],
1677 silly audit   '@rollup/rollup-win32-x64-msvc': [ '4.56.0' ],
1677 silly audit   isexe: [ '2.0.0' ]
1677 silly audit }
1678 verbose reify failed optional dependency /Users/mitchellengare/Downloads/african-gbv-tracker/node_modules/@rollup/rollup-win32-x64-msvc
1679 silly reify mark deleted [
1679 silly reify   '/Users/mitchellengare/Downloads/african-gbv-tracker/node_modules/@rollup/rollup-win32-x64-msvc'
1679 silly reify ]
1680 verbose reify failed optional dependency /Users/mitchellengare/Downloads/african-gbv-tracker/node_modules/@rollup/rollup-win32-x64-gnu
1681 silly reify mark deleted [
1681 silly reify   '/Users/mitchellengare/Downloads/african-gbv-tracker/node_modules/@rollup/rollup-win32-x64-gnu'
1681 silly reify ]
1682 verbose reify failed optional dependency /Users/mitchellengare/Downloads/african-gbv-tracker/node_modules/@rollup/rollup-win32-ia32-msvc
1683 silly reify mark deleted [
1683 silly reify   '/Users/mitchellengare/Downloads/african-gbv-tracker/node_modules/@rollup/rollup-win32-ia32-msvc'
1683 silly reify ]
1684 verbose reify failed optional dependency /Users/mitchellengare/Downloads/african-gbv-tracker/node_modules/@rollup/rollup-win32-arm64-msvc
1685 silly reify mark deleted [
1685 silly reify   '/Users/mitchellengare/Downloads/african-gbv-tracker/node_modules/@rollup/rollup-win32-arm64-msvc'
1685 silly reify ]
1686 verbose reify failed optional dependency /Users/mitchellengare/Downloads/african-gbv-tracker/node_modules/@rollup/rollup-openharmony-arm64
1687 silly reify mark deleted [
1687 silly reify   '/Users/mitchellengare/Downloads/african-gbv-tracker/node_modules/@rollup/rollup-openharmony-arm64'
1687 silly reify ]
1688 verbose reify failed optional dependency /Users/mitchellengare/Downloads/african-gbv-tracker/node_modules/@rollup/rollup-openbsd-x64
1689 silly reify mark deleted [
1689 silly reify   '/Users/mitchellengare/Downloads/african-gbv-tracker/node_modules/@rollup/rollup-openbsd-x64'
1689 silly reify ]
1690 verbose reify failed optional dependency /Users/mitchellengare/Downloads/african-gbv-tracker/node_modules/@rollup/rollup-linux-x64-musl
1691 silly reify mark deleted [
1691 silly reify   '/Users/mitchellengare/Downloads/african-gbv-tracker/node_modules/@rollup/rollup-linux-x64-musl'
1691 silly reify ]
1692 verbose reify failed optional dependency /Users/mitchellengare/Downloads/african-gbv-tracker/node_modules/@rollup/rollup-linux-x64-gnu
1693 silly reify mark deleted [
1693 silly reify   '/Users/mitchellengare/Downloads/african-gbv-tracker/node_modules/@rollup/rollup-linux-x64-gnu'
1693 silly reify ]
1694 verbose reify failed optional dependency /Users/mitchellengare/Downloads/african-gbv-tracker/node_modules/@rollup/rollup-linux-s390x-gnu
1695 silly reify mark deleted [
1695 silly reify   '/Users/mitchellengare/Downloads/african-gbv-tracker/node_modules/@rollup/rollup-linux-s390x-gnu'
1695 silly reify ]
1696 verbose reify failed optional dependency /Users/mitchellengare/Downloads/african-gbv-tracker/node_modules/@rollup/rollup-linux-riscv64-musl
1697 silly reify mark deleted [
1697 silly reify   '/Users/mitchellengare/Downloads/african-gbv-tracker/node_modules/@rollup/rollup-linux-riscv64-musl'
1697 silly reify ]
1698 verbose reify failed optional dependency /Users/mitchellengare/Downloads/african-gbv-tracker/node_modules/@rollup/rollup-linux-riscv64-gnu
1699 silly reify mark deleted [
1699 silly reify   '/Users/mitchellengare/Downloads/african-gbv-tracker/node_modules/@rollup/rollup-linux-riscv64-gnu'
1699 silly reify ]
1700 verbose reify failed optional dependency /Users/mitchellengare/Downloads/african-gbv-tracker/node_modules/@rollup/rollup-linux-ppc64-musl
1701 silly reify mark deleted [
1701 silly reify   '/Users/mitchellengare/Downloads/african-gbv-tracker/node_modules/@rollup/rollup-linux-ppc64-musl'
1701 silly reify ]
1702 verbose reify failed optional dependency /Users/mitchellengare/Downloads/african-gbv-tracker/node_modules/@rollup/rollup-linux-ppc64-gnu
1703 silly reify mark deleted [
1703 silly reify   '/Users/mitchellengare/Downloads/african-gbv-tracker/node_modules/@rollup/rollup-linux-ppc64-gnu'
1703 silly reify ]
1704 verbose reify failed optional dependency /Users/mitchellengare/Downloads/african-gbv-tracker/node_modules/@rollup/rollup-linux-loong64-musl
1705 silly reify mark deleted [
1705 silly reify   '/Users/mitchellengare/Downloads/african-gbv-tracker/node_modules/@rollup/rollup-linux-loong64-musl'
1705 silly reify ]
1706 verbose reify failed optional dependency /Users/mitchellengare/Downloads/african-gbv-tracker/node_modules/@rollup/rollup-linux-loong64-gnu
1707 silly reify mark deleted [
1707 silly reify   '/Users/mitchellengare/Downloads/african-gbv-tracker/node_modules/@rollup/rollup-linux-loong64-gnu'
1707 silly reify ]
1708 verbose reify failed optional dependency /Users/mitchellengare/Downloads/african-gbv-tracker/node_modules/@rollup/rollup-linux-arm64-musl
1709 silly reify mark deleted [
1709 silly reify   '/Users/mitchellengare/Downloads/african-gbv-tracker/node_modules/@rollup/rollup-linux-arm64-musl'
1709 silly reify ]
1710 verbose reify failed optional dependency /Users/mitchellengare/Downloads/african-gbv-tracker/node_modules/@rollup/rollup-linux-arm64-gnu
1711 silly reify mark deleted [
1711 silly reify   '/Users/mitchellengare/Downloads/african-gbv-tracker/node_modules/@rollup/rollup-linux-arm64-gnu'
1711 silly reify ]
1712 verbose reify failed optional dependency /Users/mitchellengare/Downloads/african-gbv-tracker/node_modules/@rollup/rollup-linux-arm-musleabihf
1713 silly reify mark deleted [
1713 silly reify   '/Users/mitchellengare/Downloads/african-gbv-tracker/node_modules/@rollup/rollup-linux-arm-musleabihf'
1713 silly reify ]
1714 verbose reify failed optional dependency /Users/mitchellengare/Downloads/african-gbv-tracker/node_modules/@rollup/rollup-linux-arm-gnueabihf
1715 silly reify mark deleted [
1715 silly reify   '/Users/mitchellengare/Downloads/african-gbv-tracker/node_modules/@rollup/rollup-linux-arm-gnueabihf'
1715 silly reify ]
1716 verbose reify failed optional dependency /Users/mitchellengare/Downloads/african-gbv-tracker/node_modules/@rollup/rollup-freebsd-x64
1717 silly reify mark deleted [
1717 silly reify   '/Users/mitchellengare/Downloads/african-gbv-tracker/node_modules/@rollup/rollup-freebsd-x64'
1717 silly reify ]
1718 verbose reify failed optional dependency /Users/mitchellengare/Downloads/african-gbv-tracker/node_modules/@rollup/rollup-freebsd-arm64
1719 silly reify mark deleted [
1719 silly reify   '/Users/mitchellengare/Downloads/african-gbv-tracker/node_modules/@rollup/rollup-freebsd-arm64'
1719 silly reify ]
1720 verbose reify failed optional dependency /Users/mitchellengare/Downloads/african-gbv-tracker/node_modules/@rollup/rollup-darwin-x64
1721 silly reify mark deleted [
1721 silly reify   '/Users/mitchellengare/Downloads/african-gbv-tracker/node_modules/@rollup/rollup-darwin-x64'
1721 silly reify ]
1722 verbose reify failed optional dependency /Users/mitchellengare/Downloads/african-gbv-tracker/node_modules/@rollup/rollup-android-arm64
1723 silly reify mark deleted [
1723 silly reify   '/Users/mitchellengare/Downloads/african-gbv-tracker/node_modules/@rollup/rollup-android-arm64'
1723 silly reify ]
1724 verbose reify failed optional dependency /Users/mitchellengare/Downloads/african-gbv-tracker/node_modules/@rollup/rollup-android-arm-eabi
1725 silly reify mark deleted [
1725 silly reify   '/Users/mitchellengare/Downloads/african-gbv-tracker/node_modules/@rollup/rollup-android-arm-eabi'
1725 silly reify ]
1726 verbose reify failed optional dependency /Users/mitchellengare/Downloads/african-gbv-tracker/node_modules/@esbuild/win32-x64
1727 silly reify mark deleted [
1727 silly reify   '/Users/mitchellengare/Downloads/african-gbv-tracker/node_modules/@esbuild/win32-x64'
1727 silly reify ]
1728 verbose reify failed optional dependency /Users/mitchellengare/Downloads/african-gbv-tracker/node_modules/@esbuild/win32-ia32
1729 silly reify mark deleted [
1729 silly reify   '/Users/mitchellengare/Downloads/african-gbv-tracker/node_modules/@esbuild/win32-ia32'
1729 silly reify ]
1730 verbose reify failed optional dependency /Users/mitchellengare/Downloads/african-gbv-tracker/node_modules/@esbuild/win32-arm64
1731 silly reify mark deleted [
1731 silly reify   '/Users/mitchellengare/Downloads/african-gbv-tracker/node_modules/@esbuild/win32-arm64'
1731 silly reify ]
1732 verbose reify failed optional dependency /Users/mitchellengare/Downloads/african-gbv-tracker/node_modules/@esbuild/sunos-x64
1733 silly reify mark deleted [
1733 silly reify   '/Users/mitchellengare/Downloads/african-gbv-tracker/node_modules/@esbuild/sunos-x64'
1733 silly reify ]
1734 verbose reify failed optional dependency /Users/mitchellengare/Downloads/african-gbv-tracker/node_modules/@esbuild/openharmony-arm64
1735 silly reify mark deleted [
1735 silly reify   '/Users/mitchellengare/Downloads/african-gbv-tracker/node_modules/@esbuild/openharmony-arm64'
1735 silly reify ]
1736 verbose reify failed optional dependency /Users/mitchellengare/Downloads/african-gbv-tracker/node_modules/@esbuild/openbsd-x64
1737 silly reify mark deleted [
1737 silly reify   '/Users/mitchellengare/Downloads/african-gbv-tracker/node_modules/@esbuild/openbsd-x64'
1737 silly reify ]
1738 verbose reify failed optional dependency /Users/mitchellengare/Downloads/african-gbv-tracker/node_modules/@esbuild/openbsd-arm64
1739 silly reify mark deleted [
1739 silly reify   '/Users/mitchellengare/Downloads/african-gbv-tracker/node_modules/@esbuild/openbsd-arm64'
1739 silly reify ]
1740 verbose reify failed optional dependency /Users/mitchellengare/Downloads/african-gbv-tracker/node_modules/@esbuild/netbsd-x64
1741 silly reify mark deleted [
1741 silly reify   '/Users/mitchellengare/Downloads/african-gbv-tracker/node_modules/@esbuild/netbsd-x64'
1741 silly reify ]
1742 verbose reify failed optional dependency /Users/mitchellengare/Downloads/african-gbv-tracker/node_modules/@esbuild/netbsd-arm64
1743 silly reify mark deleted [
1743 silly reify   '/Users/mitchellengare/Downloads/african-gbv-tracker/node_modules/@esbuild/netbsd-arm64'
1743 silly reify ]
1744 verbose reify failed optional dependency /Users/mitchellengare/Downloads/african-gbv-tracker/node_modules/@esbuild/linux-x64
1745 silly reify mark deleted [
1745 silly reify   '/Users/mitchellengare/Downloads/african-gbv-tracker/node_modules/@esbuild/linux-x64'
1745 silly reify ]
1746 verbose reify failed optional dependency /Users/mitchellengare/Downloads/african-gbv-tracker/node_modules/@esbuild/linux-s390x
1747 silly reify mark deleted [
1747 silly reify   '/Users/mitchellengare/Downloads/african-gbv-tracker/node_modules/@esbuild/linux-s390x'
1747 silly reify ]
1748 verbose reify failed optional dependency /Users/mitchellengare/Downloads/african-gbv-tracker/node_modules/@esbuild/linux-riscv64
1749 silly reify mark deleted [
1749 silly reify   '/Users/mitchellengare/Downloads/african-gbv-tracker/node_modules/@esbuild/linux-riscv64'
1749 silly reify ]
1750 verbose reify failed optional dependency /Users/mitchellengare/Downloads/african-gbv-tracker/node_modules/@esbuild/linux-ppc64
1751 silly reify mark deleted [
1751 silly reify   '/Users/mitchellengare/Downloads/african-gbv-tracker/node_modules/@esbuild/linux-ppc64'
1751 silly reify ]
1752 verbose reify failed optional dependency /Users/mitchellengare/Downloads/african-gbv-tracker/node_modules/@esbuild/linux-mips64el
1753 silly reify mark deleted [
1753 silly reify   '/Users/mitchellengare/Downloads/african-gbv-tracker/node_modules/@esbuild/linux-mips64el'
1753 silly reify ]
1754 verbose reify failed optional dependency /Users/mitchellengare/Downloads/african-gbv-tracker/node_modules/@esbuild/linux-loong64
1755 silly reify mark deleted [
1755 silly reify   '/Users/mitchellengare/Downloads/african-gbv-tracker/node_modules/@esbuild/linux-loong64'
1755 silly reify ]
1756 verbose reify failed optional dependency /Users/mitchellengare/Downloads/african-gbv-tracker/node_modules/@esbuild/linux-ia32
1757 silly reify mark deleted [
1757 silly reify   '/Users/mitchellengare/Downloads/african-gbv-tracker/node_modules/@esbuild/linux-ia32'
1757 silly reify ]
1758 verbose reify failed optional dependency /Users/mitchellengare/Downloads/african-gbv-tracker/node_modules/@esbuild/linux-arm64
1759 silly reify mark deleted [
1759 silly reify   '/Users/mitchellengare/Downloads/african-gbv-tracker/node_modules/@esbuild/linux-arm64'
1759 silly reify ]
1760 verbose reify failed optional dependency /Users/mitchellengare/Downloads/african-gbv-tracker/node_modules/@esbuild/linux-arm
1761 silly reify mark deleted [
1761 silly reify   '/Users/mitchellengare/Downloads/african-gbv-tracker/node_modules/@esbuild/linux-arm'
1761 silly reify ]
1762 verbose reify failed optional dependency /Users/mitchellengare/Downloads/african-gbv-tracker/node_modules/@esbuild/freebsd-x64
1763 silly reify mark deleted [
1763 silly reify   '/Users/mitchellengare/Downloads/african-gbv-tracker/node_modules/@esbuild/freebsd-x64'
1763 silly reify ]
1764 verbose reify failed optional dependency /Users/mitchellengare/Downloads/african-gbv-tracker/node_modules/@esbuild/freebsd-arm64
1765 silly reify mark deleted [
1765 silly reify   '/Users/mitchellengare/Downloads/african-gbv-tracker/node_modules/@esbuild/freebsd-arm64'
1765 silly reify ]
1766 verbose reify failed optional dependency /Users/mitchellengare/Downloads/african-gbv-tracker/node_modules/@esbuild/darwin-x64
1767 silly reify mark deleted [
1767 silly reify   '/Users/mitchellengare/Downloads/african-gbv-tracker/node_modules/@esbuild/darwin-x64'
1767 silly reify ]
1768 verbose reify failed optional dependency /Users/mitchellengare/Downloads/african-gbv-tracker/node_modules/@esbuild/android-x64
1769 silly reify mark deleted [
1769 silly reify   '/Users/mitchellengare/Downloads/african-gbv-tracker/node_modules/@esbuild/android-x64'
1769 silly reify ]
1770 verbose reify failed optional dependency /Users/mitchellengare/Downloads/african-gbv-tracker/node_modules/@esbuild/android-arm64
1771 silly reify mark deleted [
1771 silly reify   '/Users/mitchellengare/Downloads/african-gbv-tracker/node_modules/@esbuild/android-arm64'
1771 silly reify ]
1772 verbose reify failed optional dependency /Users/mitchellengare/Downloads/african-gbv-tracker/node_modules/@esbuild/android-arm
1773 silly reify mark deleted [
1773 silly reify   '/Users/mitchellengare/Downloads/african-gbv-tracker/node_modules/@esbuild/android-arm'
1773 silly reify ]
1774 verbose reify failed optional dependency /Users/mitchellengare/Downloads/african-gbv-tracker/node_modules/@esbuild/aix-ppc64
1775 silly reify mark deleted [
1775 silly reify   '/Users/mitchellengare/Downloads/african-gbv-tracker/node_modules/@esbuild/aix-ppc64'
1775 silly reify ]
1776 http cache isexe@https://registry.npmjs.org/isexe/-/isexe-2.0.0.tgz 0ms (cache hit)
1777 http cache @esbuild/darwin-arm64@https://registry.npmjs.org/@esbuild/darwin-arm64/-/darwin-arm64-0.25.12.tgz 0ms (cache hit)
1778 http cache @rollup/rollup-darwin-arm64@https://registry.npmjs.org/@rollup/rollup-darwin-arm64/-/rollup-darwin-arm64-4.56.0.tgz 0ms (cache hit)
1779 http cache rollup@https://registry.npmjs.org/rollup/-/rollup-4.56.0.tgz 0ms (cache hit)
1780 http cache escalade@https://registry.npmjs.org/escalade/-/escalade-3.2.0.tgz 0ms (cache hit)
1781 http cache esbuild@https://registry.npmjs.org/esbuild/-/esbuild-0.25.12.tgz 0ms (cache hit)
1782 http cache punycode@https://registry.npmjs.org/punycode/-/punycode-2.3.1.tgz 0ms (cache hit)
1783 http cache @typescript-eslint/tsconfig-utils@https://registry.npmjs.org/@typescript-eslint/tsconfig-utils/-/tsconfig-utils-8.53.1.tgz 0ms (cache hit)
1784 http cache @typescript-eslint/types@https://registry.npmjs.org/@typescript-eslint/types/-/types-8.53.1.tgz 0ms (cache hit)
1785 http cache @typescript-eslint/visitor-keys@https://registry.npmjs.org/@typescript-eslint/visitor-keys/-/visitor-keys-8.53.1.tgz 0ms (cache hit)
1786 http cache @typescript-eslint/type-utils@https://registry.npmjs.org/@typescript-eslint/type-utils/-/type-utils-8.53.1.tgz 0ms (cache hit)
1787 http cache ts-api-utils@https://registry.npmjs.org/ts-api-utils/-/ts-api-utils-2.4.0.tgz 0ms (cache hit)
1788 http cache @typescript-eslint/scope-manager@https://registry.npmjs.org/@typescript-eslint/scope-manager/-/scope-manager-8.53.1.tgz 0ms (cache hit)
1789 http cache @typescript-eslint/utils@https://registry.npmjs.org/@typescript-eslint/utils/-/utils-8.53.1.tgz 0ms (cache hit)
1790 http cache @typescript-eslint/parser@https://registry.npmjs.org/@typescript-eslint/parser/-/parser-8.53.1.tgz 0ms (cache hit)
1791 http cache @typescript-eslint/typescript-estree@https://registry.npmjs.org/@typescript-eslint/typescript-estree/-/typescript-estree-8.53.1.tgz 0ms (cache hit)
1792 http cache is-number@https://registry.npmjs.org/is-number/-/is-number-7.0.0.tgz 0ms (cache hit)
1793 http cache thenify-all@https://registry.npmjs.org/thenify-all/-/thenify-all-1.6.0.tgz 0ms (cache hit)
1794 http cache ts-interface-checker@https://registry.npmjs.org/ts-interface-checker/-/ts-interface-checker-0.1.13.tgz 0ms (cache hit)
1795 http cache @typescript-eslint/project-service@https://registry.npmjs.org/@typescript-eslint/project-service/-/project-service-8.53.1.tgz 0ms (cache hit)
1796 http cache thenify@https://registry.npmjs.org/thenify/-/thenify-3.3.1.tgz 0ms (cache hit)
1797 http cache tinyglobby@https://registry.npmjs.org/tinyglobby/-/tinyglobby-0.2.15.tgz 0ms (cache hit)
1798 http cache pirates@https://registry.npmjs.org/pirates/-/pirates-4.0.7.tgz 0ms (cache hit)
1799 http cache object-assign@https://registry.npmjs.org/object-assign/-/object-assign-4.1.1.tgz 0ms (cache hit)
1800 http cache lines-and-columns@https://registry.npmjs.org/lines-and-columns/-/lines-and-columns-1.2.4.tgz 0ms (cache hit)
1801 http cache commander@https://registry.npmjs.org/commander/-/commander-4.1.1.tgz 0ms (cache hit)
1802 http cache mz@https://registry.npmjs.org/mz/-/mz-2.7.0.tgz 0ms (cache hit)
1803 http cache any-promise@https://registry.npmjs.org/any-promise/-/any-promise-1.3.0.tgz 0ms (cache hit)
1804 http cache @typescript-eslint/eslint-plugin@https://registry.npmjs.org/@typescript-eslint/eslint-plugin/-/eslint-plugin-8.53.1.tgz 0ms (cache hit)
1805 http cache function-bind@https://registry.npmjs.org/function-bind/-/function-bind-1.1.2.tgz 0ms (cache hit)
1806 http cache hasown@https://registry.npmjs.org/hasown/-/hasown-2.0.2.tgz 0ms (cache hit)
1807 http cache path-parse@https://registry.npmjs.org/path-parse/-/path-parse-1.0.7.tgz 0ms (cache hit)
1808 http cache is-core-module@https://registry.npmjs.org/is-core-module/-/is-core-module-2.16.1.tgz 0ms (cache hit)
1809 http cache cssesc@https://registry.npmjs.org/cssesc/-/cssesc-3.0.0.tgz 0ms (cache hit)
1810 http cache util-deprecate@https://registry.npmjs.org/util-deprecate/-/util-deprecate-1.0.2.tgz 0ms (cache hit)
1811 http cache pify@https://registry.npmjs.org/pify/-/pify-2.3.0.tgz 0ms (cache hit)
1812 http cache binary-extensions@https://registry.npmjs.org/binary-extensions/-/binary-extensions-2.3.0.tgz 0ms (cache hit)
1813 http cache queue-microtask@https://registry.npmjs.org/queue-microtask/-/queue-microtask-1.2.3.tgz 0ms (cache hit)
1814 http cache camelcase-css@https://registry.npmjs.org/camelcase-css/-/camelcase-css-2.0.1.tgz 0ms (cache hit)
1815 http cache read-cache@https://registry.npmjs.org/read-cache/-/read-cache-1.0.0.tgz 0ms (cache hit)
1816 http cache supports-preserve-symlinks-flag@https://registry.npmjs.org/supports-preserve-symlinks-flag/-/supports-preserve-symlinks-flag-1.0.0.tgz 0ms (cache hit)
1817 http cache reusify@https://registry.npmjs.org/reusify/-/reusify-1.1.0.tgz 0ms (cache hit)
1818 http cache merge2@https://registry.npmjs.org/merge2/-/merge2-1.4.1.tgz 0ms (cache hit)
1819 http cache @nodelib/fs.scandir@https://registry.npmjs.org/@nodelib/fs.scandir/-/fs.scandir-2.1.5.tgz 0ms (cache hit)
1820 http cache fastq@https://registry.npmjs.org/fastq/-/fastq-1.20.1.tgz 0ms (cache hit)
1821 http cache @nodelib/fs.walk@https://registry.npmjs.org/@nodelib/fs.walk/-/fs.walk-1.2.8.tgz 0ms (cache hit)
1822 http cache to-regex-range@https://registry.npmjs.org/to-regex-range/-/to-regex-range-5.0.1.tgz 0ms (cache hit)
1823 http cache @nodelib/fs.stat@https://registry.npmjs.org/@nodelib/fs.stat/-/fs.stat-2.0.5.tgz 0ms (cache hit)
1824 http cache is-binary-path@https://registry.npmjs.org/is-binary-path/-/is-binary-path-2.1.0.tgz 0ms (cache hit)
1825 http cache picomatch@https://registry.npmjs.org/picomatch/-/picomatch-2.3.1.tgz 0ms (cache hit)
1826 http cache readdirp@https://registry.npmjs.org/readdirp/-/readdirp-3.6.0.tgz 0ms (cache hit)
1827 http cache fill-range@https://registry.npmjs.org/fill-range/-/fill-range-7.1.1.tgz 0ms (cache hit)
1828 http cache run-parallel@https://registry.npmjs.org/run-parallel/-/run-parallel-1.2.0.tgz 0ms (cache hit)
1829 http cache anymatch@https://registry.npmjs.org/anymatch/-/anymatch-3.1.3.tgz 0ms (cache hit)
1830 http cache braces@https://registry.npmjs.org/braces/-/braces-3.0.3.tgz 0ms (cache hit)
1831 http cache resolve@https://registry.npmjs.org/resolve/-/resolve-1.22.11.tgz 0ms (cache hit)
1832 http cache postcss-load-config@https://registry.npmjs.org/postcss-load-config/-/postcss-load-config-6.0.1.tgz 0ms (cache hit)
1833 http cache postcss-js@https://registry.npmjs.org/postcss-js/-/postcss-js-4.1.0.tgz 0ms (cache hit)
1834 http cache fsevents@https://registry.npmjs.org/fsevents/-/fsevents-2.3.3.tgz 0ms (cache hit)
1835 http cache sucrase@https://registry.npmjs.org/sucrase/-/sucrase-3.35.1.tgz 0ms (cache hit)
1836 http cache postcss-import@https://registry.npmjs.org/postcss-import/-/postcss-import-15.1.0.tgz 0ms (cache hit)
1837 http cache postcss-nested@https://registry.npmjs.org/postcss-nested/-/postcss-nested-6.2.0.tgz 0ms (cache hit)
1838 http cache object-hash@https://registry.npmjs.org/object-hash/-/object-hash-3.0.0.tgz 0ms (cache hit)
1839 http cache lilconfig@https://registry.npmjs.org/lilconfig/-/lilconfig-3.1.3.tgz 0ms (cache hit)
1840 http cache micromatch@https://registry.npmjs.org/micromatch/-/micromatch-4.0.8.tgz 0ms (cache hit)
1841 http cache fast-glob@https://registry.npmjs.org/fast-glob/-/fast-glob-3.3.3.tgz 0ms (cache hit)
1842 http cache postcss-selector-parser@https://registry.npmjs.org/postcss-selector-parser/-/postcss-selector-parser-6.1.2.tgz 0ms (cache hit)
1843 http cache jiti@https://registry.npmjs.org/jiti/-/jiti-1.21.7.tgz 0ms (cache hit)
1844 http cache chokidar@https://registry.npmjs.org/chokidar/-/chokidar-3.6.0.tgz 0ms (cache hit)
1845 http cache dlv@https://registry.npmjs.org/dlv/-/dlv-1.1.3.tgz 0ms (cache hit)
1846 http cache didyoumean@https://registry.npmjs.org/didyoumean/-/didyoumean-1.2.2.tgz 0ms (cache hit)
1847 http cache @alloc/quick-lru@https://registry.npmjs.org/@alloc/quick-lru/-/quick-lru-5.2.0.tgz 0ms (cache hit)
1848 http cache loose-envify@https://registry.npmjs.org/loose-envify/-/loose-envify-1.4.0.tgz 0ms (cache hit)
1849 http cache normalize-path@https://registry.npmjs.org/normalize-path/-/normalize-path-3.0.0.tgz 0ms (cache hit)
1850 http cache scheduler@https://registry.npmjs.org/scheduler/-/scheduler-0.23.2.tgz 0ms (cache hit)
1851 http cache shebang-regex@https://registry.npmjs.org/shebang-regex/-/shebang-regex-3.0.0.tgz 0ms (cache hit)
1852 http cache has-flag@https://registry.npmjs.org/has-flag/-/has-flag-4.0.0.tgz 0ms (cache hit)
1853 http cache nanoid@https://registry.npmjs.org/nanoid/-/nanoid-3.3.11.tgz 0ms (cache hit)
1854 http cache yocto-queue@https://registry.npmjs.org/yocto-queue/-/yocto-queue-0.1.0.tgz 0ms (cache hit)
1855 http cache source-map-js@https://registry.npmjs.org/source-map-js/-/source-map-js-1.2.1.tgz 0ms (cache hit)
1856 http cache callsites@https://registry.npmjs.org/callsites/-/callsites-3.1.0.tgz 0ms (cache hit)
1857 http cache p-limit@https://registry.npmjs.org/p-limit/-/p-limit-3.1.0.tgz 0ms (cache hit)
1858 http cache fast-levenshtein@https://registry.npmjs.org/fast-levenshtein/-/fast-levenshtein-2.0.6.tgz 0ms (cache hit)
1859 http cache deep-is@https://registry.npmjs.org/deep-is/-/deep-is-0.1.4.tgz 0ms (cache hit)
1860 http cache word-wrap@https://registry.npmjs.org/word-wrap/-/word-wrap-1.2.5.tgz 0ms (cache hit)
1861 http cache arg@https://registry.npmjs.org/arg/-/arg-5.0.2.tgz 0ms (cache hit)
1862 http cache brace-expansion@https://registry.npmjs.org/brace-expansion/-/brace-expansion-1.1.12.tgz 0ms (cache hit)
1863 http cache concat-map@https://registry.npmjs.org/concat-map/-/concat-map-0.0.1.tgz 0ms (cache hit)
1864 http cache json-buffer@https://registry.npmjs.org/json-buffer/-/json-buffer-3.0.1.tgz 0ms (cache hit)
1865 http cache prelude-ls@https://registry.npmjs.org/prelude-ls/-/prelude-ls-1.2.1.tgz 0ms (cache hit)
1866 http cache type-check@https://registry.npmjs.org/type-check/-/type-check-0.4.0.tgz 0ms (cache hit)
1867 http cache yallist@https://registry.npmjs.org/yallist/-/yallist-3.1.1.tgz 0ms (cache hit)
1868 http cache p-locate@https://registry.npmjs.org/p-locate/-/p-locate-5.0.0.tgz 0ms (cache hit)
1869 http cache keyv@https://registry.npmjs.org/keyv/-/keyv-4.5.4.tgz 0ms (cache hit)
1870 http cache balanced-match@https://registry.npmjs.org/balanced-match/-/balanced-match-1.0.2.tgz 0ms (cache hit)
1871 http cache resolve-from@https://registry.npmjs.org/resolve-from/-/resolve-from-4.0.0.tgz 0ms (cache hit)
1872 http cache argparse@https://registry.npmjs.org/argparse/-/argparse-2.0.1.tgz 0ms (cache hit)
1873 http cache is-extglob@https://registry.npmjs.org/is-extglob/-/is-extglob-2.1.1.tgz 0ms (cache hit)
1874 http cache path-exists@https://registry.npmjs.org/path-exists/-/path-exists-4.0.0.tgz 0ms (cache hit)
1875 http cache parent-module@https://registry.npmjs.org/parent-module/-/parent-module-1.0.1.tgz 0ms (cache hit)
1876 http cache locate-path@https://registry.npmjs.org/locate-path/-/locate-path-6.0.0.tgz 0ms (cache hit)
1877 http cache acorn-jsx@https://registry.npmjs.org/acorn-jsx/-/acorn-jsx-5.3.2.tgz 0ms (cache hit)
1878 http cache flat-cache@https://registry.npmjs.org/flat-cache/-/flat-cache-4.0.1.tgz 0ms (cache hit)
1879 http cache esrecurse@https://registry.npmjs.org/esrecurse/-/esrecurse-4.3.0.tgz 0ms (cache hit)
1880 http cache estraverse@https://registry.npmjs.org/estraverse/-/estraverse-5.3.0.tgz 0ms (cache hit)
1881 http cache shebang-command@https://registry.npmjs.org/shebang-command/-/shebang-command-2.0.0.tgz 0ms (cache hit)
1882 http cache which@https://registry.npmjs.org/which/-/which-2.0.2.tgz 0ms (cache hit)
1883 http cache acorn@https://registry.npmjs.org/acorn/-/acorn-8.15.0.tgz 0ms (cache hit)
1884 http cache color-name@https://registry.npmjs.org/color-name/-/color-name-1.1.4.tgz 0ms (cache hit)
1885 http cache path-key@https://registry.npmjs.org/path-key/-/path-key-3.1.1.tgz 0ms (cache hit)
1886 http cache uri-js@https://registry.npmjs.org/uri-js/-/uri-js-4.4.1.tgz 0ms (cache hit)
1887 http cache supports-color@https://registry.npmjs.org/supports-color/-/supports-color-7.2.0.tgz 0ms (cache hit)
1888 http cache color-convert@https://registry.npmjs.org/color-convert/-/color-convert-2.0.1.tgz 0ms (cache hit)
1889 http cache flatted@https://registry.npmjs.org/flatted/-/flatted-3.3.3.tgz 0ms (cache hit)
1890 http cache ansi-styles@https://registry.npmjs.org/ansi-styles/-/ansi-styles-4.3.0.tgz 0ms (cache hit)
1891 http cache json-schema-traverse@https://registry.npmjs.org/json-schema-traverse/-/json-schema-traverse-0.4.1.tgz 0ms (cache hit)
1892 http cache strip-json-comments@https://registry.npmjs.org/strip-json-comments/-/strip-json-comments-3.1.1.tgz 0ms (cache hit)
1893 http cache js-yaml@https://registry.npmjs.org/js-yaml/-/js-yaml-4.1.1.tgz 0ms (cache hit)
1894 http cache @humanfs/core@https://registry.npmjs.org/@humanfs/core/-/core-0.19.1.tgz 0ms (cache hit)
1895 http cache fast-json-stable-stringify@https://registry.npmjs.org/fast-json-stable-stringify/-/fast-json-stable-stringify-2.1.0.tgz 0ms (cache hit)
1896 http cache @types/json-schema@https://registry.npmjs.org/@types/json-schema/-/json-schema-7.0.15.tgz 0ms (cache hit)
1897 http cache levn@https://registry.npmjs.org/levn/-/levn-0.4.1.tgz 0ms (cache hit)
1898 http cache import-fresh@https://registry.npmjs.org/import-fresh/-/import-fresh-3.3.1.tgz 0ms (cache hit)
1899 http cache @eslint/object-schema@https://registry.npmjs.org/@eslint/object-schema/-/object-schema-2.1.7.tgz 0ms (cache hit)
1900 http cache natural-compare@https://registry.npmjs.org/natural-compare/-/natural-compare-1.4.0.tgz 0ms (cache hit)
1901 http cache lodash.merge@https://registry.npmjs.org/lodash.merge/-/lodash.merge-4.6.2.tgz 0ms (cache hit)
1902 http cache optionator@https://registry.npmjs.org/optionator/-/optionator-0.9.4.tgz 0ms (cache hit)
1903 http cache minimatch@https://registry.npmjs.org/minimatch/-/minimatch-3.1.2.tgz 0ms (cache hit)
1904 http cache json-stable-stringify-without-jsonify@https://registry.npmjs.org/json-stable-stringify-without-jsonify/-/json-stable-stringify-without-jsonify-1.0.1.tgz 0ms (cache hit)
1905 http cache ignore@https://registry.npmjs.org/ignore/-/ignore-5.3.2.tgz 0ms (cache hit)
1906 http cache is-glob@https://registry.npmjs.org/is-glob/-/is-glob-4.0.3.tgz 0ms (cache hit)
1907 http cache glob-parent@https://registry.npmjs.org/glob-parent/-/glob-parent-6.0.2.tgz 0ms (cache hit)
1908 http cache file-entry-cache@https://registry.npmjs.org/file-entry-cache/-/file-entry-cache-8.0.0.tgz 0ms (cache hit)
1909 http cache find-up@https://registry.npmjs.org/find-up/-/find-up-5.0.0.tgz 0ms (cache hit)
1910 http cache imurmurhash@https://registry.npmjs.org/imurmurhash/-/imurmurhash-0.1.4.tgz 0ms (cache hit)
1911 http cache fast-deep-equal@https://registry.npmjs.org/fast-deep-equal/-/fast-deep-equal-3.1.3.tgz 0ms (cache hit)
1912 http cache espree@https://registry.npmjs.org/espree/-/espree-10.4.0.tgz 0ms (cache hit)
1913 http cache esquery@https://registry.npmjs.org/esquery/-/esquery-1.7.0.tgz 0ms (cache hit)
1914 http cache esutils@https://registry.npmjs.org/esutils/-/esutils-2.0.3.tgz 0ms (cache hit)
1915 http cache eslint-visitor-keys@https://registry.npmjs.org/eslint-visitor-keys/-/eslint-visitor-keys-4.2.1.tgz 0ms (cache hit)
1916 http cache chalk@https://registry.npmjs.org/chalk/-/chalk-4.1.2.tgz 0ms (cache hit)
1917 http cache escape-string-regexp@https://registry.npmjs.org/escape-string-regexp/-/escape-string-regexp-4.0.0.tgz 0ms (cache hit)
1918 http cache eslint-scope@https://registry.npmjs.org/eslint-scope/-/eslint-scope-8.4.0.tgz 0ms (cache hit)
1919 http cache ajv@https://registry.npmjs.org/ajv/-/ajv-6.12.6.tgz 0ms (cache hit)
1920 http cache @humanfs/node@https://registry.npmjs.org/@humanfs/node/-/node-0.16.7.tgz 0ms (cache hit)
1921 http cache cross-spawn@https://registry.npmjs.org/cross-spawn/-/cross-spawn-7.0.6.tgz 0ms (cache hit)
1922 http cache @types/estree@https://registry.npmjs.org/@types/estree/-/estree-1.0.8.tgz 0ms (cache hit)
1923 http cache @eslint/plugin-kit@https://registry.npmjs.org/@eslint/plugin-kit/-/plugin-kit-0.4.1.tgz 0ms (cache hit)
1924 http cache @humanwhocodes/module-importer@https://registry.npmjs.org/@humanwhocodes/module-importer/-/module-importer-1.0.1.tgz 0ms (cache hit)
1925 http cache @eslint/eslintrc@https://registry.npmjs.org/@eslint/eslintrc/-/eslintrc-3.3.3.tgz 0ms (cache hit)
1926 http cache @humanwhocodes/retry@https://registry.npmjs.org/@humanwhocodes/retry/-/retry-0.4.3.tgz 0ms (cache hit)
1927 http cache @eslint/core@https://registry.npmjs.org/@eslint/core/-/core-0.17.0.tgz 0ms (cache hit)
1928 http cache @eslint/config-helpers@https://registry.npmjs.org/@eslint/config-helpers/-/config-helpers-0.4.2.tgz 0ms (cache hit)
1929 http cache update-browserslist-db@https://registry.npmjs.org/update-browserslist-db/-/update-browserslist-db-1.2.3.tgz 0ms (cache hit)
1930 http cache @eslint-community/regexpp@https://registry.npmjs.org/@eslint-community/regexpp/-/regexpp-4.12.2.tgz 0ms (cache hit)
1931 http cache node-releases@https://registry.npmjs.org/node-releases/-/node-releases-2.0.27.tgz 0ms (cache hit)
1932 http cache electron-to-chromium@https://registry.npmjs.org/electron-to-chromium/-/electron-to-chromium-1.5.278.tgz 0ms (cache hit)
1933 http cache @eslint/config-array@https://registry.npmjs.org/@eslint/config-array/-/config-array-0.21.1.tgz 0ms (cache hit)
1934 http cache @eslint-community/eslint-utils@https://registry.npmjs.org/@eslint-community/eslint-utils/-/eslint-utils-4.9.1.tgz 0ms (cache hit)
1935 http cache ms@https://registry.npmjs.org/ms/-/ms-2.1.3.tgz 0ms (cache hit)
1936 http cache baseline-browser-mapping@https://registry.npmjs.org/baseline-browser-mapping/-/baseline-browser-mapping-2.9.18.tgz 0ms (cache hit)
1937 http cache @types/babel__template@https://registry.npmjs.org/@types/babel__template/-/babel__template-7.4.4.tgz 0ms (cache hit)
1938 http cache postcss-value-parser@https://registry.npmjs.org/postcss-value-parser/-/postcss-value-parser-4.2.0.tgz 0ms (cache hit)
1939 http cache @types/babel__traverse@https://registry.npmjs.org/@types/babel__traverse/-/babel__traverse-7.28.0.tgz 0ms (cache hit)
1940 http cache caniuse-lite@https://registry.npmjs.org/caniuse-lite/-/caniuse-lite-1.0.30001766.tgz 0ms (cache hit)
1941 http cache fraction.js@https://registry.npmjs.org/fraction.js/-/fraction.js-5.3.4.tgz 0ms (cache hit)
1942 http cache @jridgewell/resolve-uri@https://registry.npmjs.org/@jridgewell/resolve-uri/-/resolve-uri-3.1.2.tgz 0ms (cache hit)
1943 http cache @jridgewell/sourcemap-codec@https://registry.npmjs.org/@jridgewell/sourcemap-codec/-/sourcemap-codec-1.5.5.tgz 0ms (cache hit)
1944 http cache @types/babel__generator@https://registry.npmjs.org/@types/babel__generator/-/babel__generator-7.27.0.tgz 0ms (cache hit)
1945 http cache @babel/helper-string-parser@https://registry.npmjs.org/@babel/helper-string-parser/-/helper-string-parser-7.27.1.tgz 0ms (cache hit)
1946 http cache @babel/helper-globals@https://registry.npmjs.org/@babel/helper-globals/-/helper-globals-7.28.0.tgz 0ms (cache hit)
1947 http cache browserslist@https://registry.npmjs.org/browserslist/-/browserslist-4.28.1.tgz 0ms (cache hit)
1948 http cache @babel/helper-module-imports@https://registry.npmjs.org/@babel/helper-module-imports/-/helper-module-imports-7.28.6.tgz 0ms (cache hit)
1949 http cache @babel/helper-plugin-utils@https://registry.npmjs.org/@babel/helper-plugin-utils/-/helper-plugin-utils-7.28.6.tgz 0ms (cache hit)
1950 http cache lru-cache@https://registry.npmjs.org/lru-cache/-/lru-cache-5.1.1.tgz 0ms (cache hit)
1951 http cache @babel/compat-data@https://registry.npmjs.org/@babel/compat-data/-/compat-data-7.28.6.tgz 0ms (cache hit)
1952 http cache @jridgewell/gen-mapping@https://registry.npmjs.org/@jridgewell/gen-mapping/-/gen-mapping-0.3.13.tgz 0ms (cache hit)
1953 http cache @babel/helper-validator-option@https://registry.npmjs.org/@babel/helper-validator-option/-/helper-validator-option-7.27.1.tgz 0ms (cache hit)
1954 http cache picocolors@https://registry.npmjs.org/picocolors/-/picocolors-1.1.1.tgz 0ms (cache hit)
1955 http cache @jridgewell/trace-mapping@https://registry.npmjs.org/@jridgewell/trace-mapping/-/trace-mapping-0.3.31.tgz 0ms (cache hit)
1956 http cache jsesc@https://registry.npmjs.org/jsesc/-/jsesc-3.1.0.tgz 0ms (cache hit)
1957 http cache js-tokens@https://registry.npmjs.org/js-tokens/-/js-tokens-4.0.0.tgz 0ms (cache hit)
1958 http cache gensync@https://registry.npmjs.org/gensync/-/gensync-1.0.0-beta.2.tgz 0ms (cache hit)
1959 http cache json5@https://registry.npmjs.org/json5/-/json5-2.2.3.tgz 0ms (cache hit)
1960 http cache semver@https://registry.npmjs.org/semver/-/semver-6.3.1.tgz 0ms (cache hit)
1961 http cache debug@https://registry.npmjs.org/debug/-/debug-4.4.3.tgz 0ms (cache hit)
1962 http cache @babel/traverse@https://registry.npmjs.org/@babel/traverse/-/traverse-7.28.6.tgz 0ms (cache hit)
1963 http cache convert-source-map@https://registry.npmjs.org/convert-source-map/-/convert-source-map-2.0.0.tgz 0ms (cache hit)
1964 http cache @babel/template@https://registry.npmjs.org/@babel/template/-/template-7.28.6.tgz 0ms (cache hit)
1965 http cache @babel/types@https://registry.npmjs.org/@babel/types/-/types-7.28.6.tgz 0ms (cache hit)
1966 http cache @babel/parser@https://registry.npmjs.org/@babel/parser/-/parser-7.28.6.tgz 0ms (cache hit)
1967 http cache @jridgewell/remapping@https://registry.npmjs.org/@jridgewell/remapping/-/remapping-2.3.5.tgz 0ms (cache hit)
1968 http cache @babel/helpers@https://registry.npmjs.org/@babel/helpers/-/helpers-7.28.6.tgz 0ms (cache hit)
1969 http cache @babel/code-frame@https://registry.npmjs.org/@babel/code-frame/-/code-frame-7.28.6.tgz 0ms (cache hit)
1970 http cache react-refresh@https://registry.npmjs.org/react-refresh/-/react-refresh-0.17.0.tgz 0ms (cache hit)
1971 http cache @babel/generator@https://registry.npmjs.org/@babel/generator/-/generator-7.28.6.tgz 0ms (cache hit)
1972 http cache @babel/helper-module-transforms@https://registry.npmjs.org/@babel/helper-module-transforms/-/helper-module-transforms-7.28.6.tgz 0ms (cache hit)
1973 http cache @babel/helper-compilation-targets@https://registry.npmjs.org/@babel/helper-compilation-targets/-/helper-compilation-targets-7.28.6.tgz 0ms (cache hit)
1974 http cache @types/babel__core@https://registry.npmjs.org/@types/babel__core/-/babel__core-7.20.5.tgz 0ms (cache hit)
1975 http cache @rolldown/pluginutils@https://registry.npmjs.org/@rolldown/pluginutils/-/pluginutils-1.0.0-beta.27.tgz 0ms (cache hit)
1976 http cache @babel/plugin-transform-react-jsx-self@https://registry.npmjs.org/@babel/plugin-transform-react-jsx-self/-/plugin-transform-react-jsx-self-7.27.1.tgz 0ms (cache hit)
1977 http cache undici-types@https://registry.npmjs.org/undici-types/-/undici-types-7.16.0.tgz 0ms (cache hit)
1978 http cache @types/node@https://registry.npmjs.org/@types/node/-/node-25.0.10.tgz 0ms (cache hit)
1979 http cache @types/prop-types@https://registry.npmjs.org/@types/prop-types/-/prop-types-15.7.15.tgz 0ms (cache hit)
1980 http cache @babel/core@https://registry.npmjs.org/@babel/core/-/core-7.28.6.tgz 0ms (cache hit)
1981 http cache iceberg-js@https://registry.npmjs.org/iceberg-js/-/iceberg-js-0.8.1.tgz 0ms (cache hit)
1982 http cache @types/ws@https://registry.npmjs.org/@types/ws/-/ws-8.18.1.tgz 0ms (cache hit)
1983 http cache @types/phoenix@https://registry.npmjs.org/@types/phoenix/-/phoenix-1.6.7.tgz 0ms (cache hit)
1984 http cache ws@https://registry.npmjs.org/ws/-/ws-8.19.0.tgz 0ms (cache hit)
1985 http cache @babel/plugin-transform-react-jsx-source@https://registry.npmjs.org/@babel/plugin-transform-react-jsx-source/-/plugin-transform-react-jsx-source-7.27.1.tgz 0ms (cache hit)
1986 http cache tslib@https://registry.npmjs.org/tslib/-/tslib-2.8.1.tgz 0ms (cache hit)
1987 http cache csstype@https://registry.npmjs.org/csstype/-/csstype-3.2.3.tgz 0ms (cache hit)
1988 http cache @supabase/storage-js@https://registry.npmjs.org/@supabase/storage-js/-/storage-js-2.91.1.tgz 0ms (cache hit)
1989 http cache @supabase/realtime-js@https://registry.npmjs.org/@supabase/realtime-js/-/realtime-js-2.91.1.tgz 0ms (cache hit)
1990 http cache @supabase/postgrest-js@https://registry.npmjs.org/@supabase/postgrest-js/-/postgrest-js-2.91.1.tgz 0ms (cache hit)
1991 http cache typescript-eslint@https://registry.npmjs.org/typescript-eslint/-/typescript-eslint-8.53.1.tgz 0ms (cache hit)
1992 http cache @supabase/functions-js@https://registry.npmjs.org/@supabase/functions-js/-/functions-js-2.91.1.tgz 0ms (cache hit)
1993 http cache @supabase/auth-js@https://registry.npmjs.org/@supabase/auth-js/-/auth-js-2.91.1.tgz 0ms (cache hit)
1994 http cache tailwindcss@https://registry.npmjs.org/tailwindcss/-/tailwindcss-3.4.19.tgz 0ms (cache hit)
1995 http cache @babel/helper-validator-identifier@https://registry.npmjs.org/@babel/helper-validator-identifier/-/helper-validator-identifier-7.28.5.tgz 0ms (cache hit)
1996 http cache typescript@https://registry.npmjs.org/typescript/-/typescript-5.9.3.tgz 0ms (cache hit)
1997 http cache globals@https://registry.npmjs.org/globals/-/globals-15.15.0.tgz 0ms (cache hit)
1998 http cache react-dom@https://registry.npmjs.org/react-dom/-/react-dom-18.3.1.tgz 0ms (cache hit)
1999 http cache lucide-react@https://registry.npmjs.org/lucide-react/-/lucide-react-0.469.0.tgz 0ms (cache hit)
2000 http cache eslint-plugin-react-hooks@https://registry.npmjs.org/eslint-plugin-react-hooks/-/eslint-plugin-react-hooks-5.2.0.tgz 0ms (cache hit)
2001 http cache clsx@https://registry.npmjs.org/clsx/-/clsx-2.1.1.tgz 0ms (cache hit)
2002 http cache eslint@https://registry.npmjs.org/eslint/-/eslint-9.39.2.tgz 0ms (cache hit)
2003 http cache react@https://registry.npmjs.org/react/-/react-18.3.1.tgz 0ms (cache hit)
2004 http cache eslint-plugin-react-refresh@https://registry.npmjs.org/eslint-plugin-react-refresh/-/eslint-plugin-react-refresh-0.4.26.tgz 0ms (cache hit)
2005 http cache postcss@https://registry.npmjs.org/postcss/-/postcss-8.5.6.tgz 0ms (cache hit)
2006 http cache autoprefixer@https://registry.npmjs.org/autoprefixer/-/autoprefixer-10.4.23.tgz 0ms (cache hit)
2007 http cache @types/react-dom@https://registry.npmjs.org/@types/react-dom/-/react-dom-18.3.7.tgz 0ms (cache hit)
2008 http cache @supabase/supabase-js@https://registry.npmjs.org/@supabase/supabase-js/-/supabase-js-2.91.1.tgz 0ms (cache hit)
2009 http cache @types/react@https://registry.npmjs.org/@types/react/-/react-18.3.27.tgz 0ms (cache hit)
2010 http cache @eslint/js@https://registry.npmjs.org/@eslint/js/-/js-9.39.2.tgz 0ms (cache hit)
2011 http cache picomatch@https://registry.npmjs.org/picomatch/-/picomatch-4.0.3.tgz 0ms (cache hit)
2012 http cache brace-expansion@https://registry.npmjs.org/brace-expansion/-/brace-expansion-2.0.2.tgz 0ms (cache hit)
2013 http cache semver@https://registry.npmjs.org/semver/-/semver-7.7.3.tgz 0ms (cache hit)
2014 http cache ignore@https://registry.npmjs.org/ignore/-/ignore-7.0.5.tgz 0ms (cache hit)
2015 http cache minimatch@https://registry.npmjs.org/minimatch/-/minimatch-9.0.5.tgz 0ms (cache hit)
2016 http cache vite@https://registry.npmjs.org/vite/-/vite-6.4.1.tgz 0ms (cache hit)
2017 http cache glob-parent@https://registry.npmjs.org/glob-parent/-/glob-parent-5.1.2.tgz 0ms (cache hit)
2018 http cache globals@https://registry.npmjs.org/globals/-/globals-14.0.0.tgz 0ms (cache hit)
2019 http cache eslint-visitor-keys@https://registry.npmjs.org/eslint-visitor-keys/-/eslint-visitor-keys-3.4.3.tgz 0ms (cache hit)
2020 http cache glob-parent@https://registry.npmjs.org/glob-parent/-/glob-parent-5.1.2.tgz 0ms (cache hit)
2021 http cache @vitejs/plugin-react@https://registry.npmjs.org/@vitejs/plugin-react/-/plugin-react-4.7.0.tgz 0ms (cache hit)
2022 silly tarball no local data for @esbuild/darwin-arm64@https://registry.npmjs.org/@esbuild/darwin-arm64/-/darwin-arm64-0.25.12.tgz. Extracting by manifest.
2023 silly tarball no local data for @rollup/rollup-darwin-arm64@https://registry.npmjs.org/@rollup/rollup-darwin-arm64/-/rollup-darwin-arm64-4.56.0.tgz. Extracting by manifest.
2024 silly tarball no local data for rollup@https://registry.npmjs.org/rollup/-/rollup-4.56.0.tgz. Extracting by manifest.
2025 http cache fdir@https://registry.npmjs.org/fdir/-/fdir-6.5.0.tgz 0ms (cache hit)
2026 http cache fdir@https://registry.npmjs.org/fdir/-/fdir-6.5.0.tgz 0ms (cache hit)
2027 silly tarball no local data for esbuild@https://registry.npmjs.org/esbuild/-/esbuild-0.25.12.tgz. Extracting by manifest.
2028 silly tarball no local data for @typescript-eslint/tsconfig-utils@https://registry.npmjs.org/@typescript-eslint/tsconfig-utils/-/tsconfig-utils-8.53.1.tgz. Extracting by manifest.
2029 silly tarball no local data for @typescript-eslint/types@https://registry.npmjs.org/@typescript-eslint/types/-/types-8.53.1.tgz. Extracting by manifest.
2030 http cache picomatch@https://registry.npmjs.org/picomatch/-/picomatch-4.0.3.tgz 0ms (cache hit)
2031 silly tarball no local data for @typescript-eslint/visitor-keys@https://registry.npmjs.org/@typescript-eslint/visitor-keys/-/visitor-keys-8.53.1.tgz. Extracting by manifest.
2032 silly tarball no local data for @typescript-eslint/type-utils@https://registry.npmjs.org/@typescript-eslint/type-utils/-/type-utils-8.53.1.tgz. Extracting by manifest.
2033 silly tarball no local data for ts-api-utils@https://registry.npmjs.org/ts-api-utils/-/ts-api-utils-2.4.0.tgz. Extracting by manifest.
2034 silly tarball no local data for @typescript-eslint/scope-manager@https://registry.npmjs.org/@typescript-eslint/scope-manager/-/scope-manager-8.53.1.tgz. Extracting by manifest.
2035 silly tarball no local data for @typescript-eslint/utils@https://registry.npmjs.org/@typescript-eslint/utils/-/utils-8.53.1.tgz. Extracting by manifest.
2036 silly tarball no local data for @typescript-eslint/parser@https://registry.npmjs.org/@typescript-eslint/parser/-/parser-8.53.1.tgz. Extracting by manifest.
2037 silly tarball no local data for @typescript-eslint/typescript-estree@https://registry.npmjs.org/@typescript-eslint/typescript-estree/-/typescript-estree-8.53.1.tgz. Extracting by manifest.
2038 silly tarball no local data for @typescript-eslint/project-service@https://registry.npmjs.org/@typescript-eslint/project-service/-/project-service-8.53.1.tgz. Extracting by manifest.
2039 silly tarball no local data for @typescript-eslint/eslint-plugin@https://registry.npmjs.org/@typescript-eslint/eslint-plugin/-/eslint-plugin-8.53.1.tgz. Extracting by manifest.
2040 silly tarball no local data for esquery@https://registry.npmjs.org/esquery/-/esquery-1.7.0.tgz. Extracting by manifest.
2041 silly tarball no local data for electron-to-chromium@https://registry.npmjs.org/electron-to-chromium/-/electron-to-chromium-1.5.278.tgz. Extracting by manifest.
2042 silly tarball no local data for @eslint-community/eslint-utils@https://registry.npmjs.org/@eslint-community/eslint-utils/-/eslint-utils-4.9.1.tgz. Extracting by manifest.
2043 silly tarball no local data for baseline-browser-mapping@https://registry.npmjs.org/baseline-browser-mapping/-/baseline-browser-mapping-2.9.18.tgz. Extracting by manifest.
2044 silly tarball no local data for caniuse-lite@https://registry.npmjs.org/caniuse-lite/-/caniuse-lite-1.0.30001766.tgz. Extracting by manifest.
2045 silly tarball no local data for @types/node@https://registry.npmjs.org/@types/node/-/node-25.0.10.tgz. Extracting by manifest.
2046 silly tarball no local data for @types/prop-types@https://registry.npmjs.org/@types/prop-types/-/prop-types-15.7.15.tgz. Extracting by manifest.
2047 silly tarball no local data for iceberg-js@https://registry.npmjs.org/iceberg-js/-/iceberg-js-0.8.1.tgz. Extracting by manifest.
2048 silly tarball no local data for @types/phoenix@https://registry.npmjs.org/@types/phoenix/-/phoenix-1.6.7.tgz. Extracting by manifest.
2049 silly tarball no local data for ws@https://registry.npmjs.org/ws/-/ws-8.19.0.tgz. Extracting by manifest.
2050 silly tarball no local data for @supabase/storage-js@https://registry.npmjs.org/@supabase/storage-js/-/storage-js-2.91.1.tgz. Extracting by manifest.
2051 silly tarball no local data for @supabase/realtime-js@https://registry.npmjs.org/@supabase/realtime-js/-/realtime-js-2.91.1.tgz. Extracting by manifest.
2052 silly tarball no local data for @supabase/postgrest-js@https://registry.npmjs.org/@supabase/postgrest-js/-/postgrest-js-2.91.1.tgz. Extracting by manifest.
2053 silly tarball no local data for typescript-eslint@https://registry.npmjs.org/typescript-eslint/-/typescript-eslint-8.53.1.tgz. Extracting by manifest.
2054 silly tarball no local data for @supabase/functions-js@https://registry.npmjs.org/@supabase/functions-js/-/functions-js-2.91.1.tgz. Extracting by manifest.
2055 silly tarball no local data for @supabase/auth-js@https://registry.npmjs.org/@supabase/auth-js/-/auth-js-2.91.1.tgz. Extracting by manifest.
2056 silly tarball no local data for globals@https://registry.npmjs.org/globals/-/globals-15.15.0.tgz. Extracting by manifest.
2057 silly tarball no local data for lucide-react@https://registry.npmjs.org/lucide-react/-/lucide-react-0.469.0.tgz. Extracting by manifest.
2058 silly tarball no local data for eslint-plugin-react-refresh@https://registry.npmjs.org/eslint-plugin-react-refresh/-/eslint-plugin-react-refresh-0.4.26.tgz. Extracting by manifest.
2059 silly tarball no local data for @types/react-dom@https://registry.npmjs.org/@types/react-dom/-/react-dom-18.3.7.tgz. Extracting by manifest.
2060 silly tarball no local data for @supabase/supabase-js@https://registry.npmjs.org/@supabase/supabase-js/-/supabase-js-2.91.1.tgz. Extracting by manifest.
2061 silly tarball no local data for @types/react@https://registry.npmjs.org/@types/react/-/react-18.3.27.tgz. Extracting by manifest.
2062 silly tarball no local data for brace-expansion@https://registry.npmjs.org/brace-expansion/-/brace-expansion-2.0.2.tgz. Extracting by manifest.
2063 silly tarball no local data for ignore@https://registry.npmjs.org/ignore/-/ignore-7.0.5.tgz. Extracting by manifest.
2064 silly tarball no local data for vite@https://registry.npmjs.org/vite/-/vite-6.4.1.tgz. Extracting by manifest.
2065 http fetch POST 200 https://registry.npmjs.org/-/npm/v1/security/advisories/bulk 184ms
2066 silly audit report {}
2067 http fetch GET 200 https://registry.npmjs.org/@typescript-eslint/tsconfig-utils/-/tsconfig-utils-8.53.1.tgz 254ms (cache miss)
2068 http fetch GET 200 https://registry.npmjs.org/esbuild/-/esbuild-0.25.12.tgz 269ms (cache miss)
2069 http fetch GET 200 https://registry.npmjs.org/@typescript-eslint/types/-/types-8.53.1.tgz 283ms (cache miss)
2070 http fetch GET 200 https://registry.npmjs.org/@types/prop-types/-/prop-types-15.7.15.tgz 281ms (cache miss)
2071 http fetch GET 200 https://registry.npmjs.org/electron-to-chromium/-/electron-to-chromium-1.5.278.tgz 295ms (cache miss)
2072 http fetch GET 200 https://registry.npmjs.org/@typescript-eslint/project-service/-/project-service-8.53.1.tgz 301ms (cache miss)
2073 http fetch GET 200 https://registry.npmjs.org/@typescript-eslint/visitor-keys/-/visitor-keys-8.53.1.tgz 303ms (cache miss)
2074 http fetch GET 200 https://registry.npmjs.org/@typescript-eslint/parser/-/parser-8.53.1.tgz 303ms (cache miss)
2075 http fetch GET 200 https://registry.npmjs.org/baseline-browser-mapping/-/baseline-browser-mapping-2.9.18.tgz 304ms (cache miss)
2076 http fetch GET 200 https://registry.npmjs.org/iceberg-js/-/iceberg-js-0.8.1.tgz 311ms (cache miss)
2077 http fetch GET 200 https://registry.npmjs.org/typescript-eslint/-/typescript-eslint-8.53.1.tgz 316ms (cache miss)
2078 http fetch GET 200 https://registry.npmjs.org/eslint-plugin-react-refresh/-/eslint-plugin-react-refresh-0.4.26.tgz 317ms (cache miss)
2079 http fetch GET 200 https://registry.npmjs.org/@eslint-community/eslint-utils/-/eslint-utils-4.9.1.tgz 326ms (cache miss)
2080 http fetch GET 200 https://registry.npmjs.org/ws/-/ws-8.19.0.tgz 338ms (cache miss)
2081 http fetch GET 200 https://registry.npmjs.org/globals/-/globals-15.15.0.tgz 359ms (cache miss)
2082 http fetch GET 200 https://registry.npmjs.org/@types/phoenix/-/phoenix-1.6.7.tgz 360ms (cache miss)
2083 http fetch GET 200 https://registry.npmjs.org/brace-expansion/-/brace-expansion-2.0.2.tgz 361ms (cache miss)
2084 http fetch GET 200 https://registry.npmjs.org/ts-api-utils/-/ts-api-utils-2.4.0.tgz 373ms (cache miss)
2085 http fetch GET 200 https://registry.npmjs.org/@typescript-eslint/type-utils/-/type-utils-8.53.1.tgz 384ms (cache miss)
2086 http fetch GET 200 https://registry.npmjs.org/ignore/-/ignore-7.0.5.tgz 387ms (cache miss)
2087 http fetch GET 200 https://registry.npmjs.org/esquery/-/esquery-1.7.0.tgz 395ms (cache miss)
2088 http fetch GET 200 https://registry.npmjs.org/@supabase/supabase-js/-/supabase-js-2.91.1.tgz 415ms (cache miss)
2089 http fetch GET 200 https://registry.npmjs.org/@types/react/-/react-18.3.27.tgz 431ms (cache miss)
2090 http fetch GET 200 https://registry.npmjs.org/@types/react-dom/-/react-dom-18.3.7.tgz 444ms (cache miss)
2091 http fetch GET 200 https://registry.npmjs.org/@supabase/functions-js/-/functions-js-2.91.1.tgz 453ms (cache miss)
2092 http fetch GET 200 https://registry.npmjs.org/@supabase/postgrest-js/-/postgrest-js-2.91.1.tgz 454ms (cache miss)
2093 http fetch GET 200 https://registry.npmjs.org/@typescript-eslint/utils/-/utils-8.53.1.tgz 466ms (cache miss)
2094 http fetch GET 200 https://registry.npmjs.org/@typescript-eslint/typescript-estree/-/typescript-estree-8.53.1.tgz 472ms (cache miss)
2095 http fetch GET 200 https://registry.npmjs.org/@rollup/rollup-darwin-arm64/-/rollup-darwin-arm64-4.56.0.tgz 509ms (cache miss)
2096 http fetch GET 200 https://registry.npmjs.org/@supabase/realtime-js/-/realtime-js-2.91.1.tgz 508ms (cache miss)
2097 http fetch GET 200 https://registry.npmjs.org/@supabase/storage-js/-/storage-js-2.91.1.tgz 511ms (cache miss)
2098 http fetch GET 200 https://registry.npmjs.org/rollup/-/rollup-4.56.0.tgz 516ms (cache miss)
2099 http fetch GET 200 https://registry.npmjs.org/vite/-/vite-6.4.1.tgz 537ms (cache miss)
2100 http fetch GET 200 https://registry.npmjs.org/@types/node/-/node-25.0.10.tgz 563ms (cache miss)
2101 http fetch GET 200 https://registry.npmjs.org/@typescript-eslint/scope-manager/-/scope-manager-8.53.1.tgz 585ms (cache miss)
2102 http fetch GET 200 https://registry.npmjs.org/@supabase/auth-js/-/auth-js-2.91.1.tgz 602ms (cache miss)
2103 http fetch GET 200 https://registry.npmjs.org/@typescript-eslint/eslint-plugin/-/eslint-plugin-8.53.1.tgz 685ms (cache miss)
2104 http fetch GET 200 https://registry.npmjs.org/caniuse-lite/-/caniuse-lite-1.0.30001766.tgz 741ms (cache miss)
2105 http fetch GET 200 https://registry.npmjs.org/lucide-react/-/lucide-react-0.469.0.tgz 966ms (cache miss)
2106 http fetch GET 200 https://registry.npmjs.org/@esbuild/darwin-arm64/-/darwin-arm64-0.25.12.tgz 1148ms (cache miss)
2107 info run fsevents@2.3.3 install node_modules/fsevents node-gyp rebuild
2108 info run fsevents@2.3.3 install { code: 1, signal: null }
2109 verbose reify failed optional dependency /Users/mitchellengare/Downloads/african-gbv-tracker/node_modules/fsevents
2110 silly reify mark deleted [
2110 silly reify   '/Users/mitchellengare/Downloads/african-gbv-tracker/node_modules/fsevents'
2110 silly reify ]
2111 info run esbuild@0.25.12 postinstall node_modules/esbuild node install.js
2112 info run esbuild@0.25.12 postinstall { code: 0, signal: null }
2113 silly ADD node_modules/isexe
2114 silly ADD
2115 silly ADD
2116 silly ADD
2117 silly ADD
2118 silly ADD
2119 silly ADD
2120 silly ADD
2121 silly ADD
2122 silly ADD
2123 silly ADD
2124 silly ADD
2125 silly ADD
2126 silly ADD
2127 silly ADD
2128 silly ADD
2129 silly ADD
2130 silly ADD
2131 silly ADD
2132 silly ADD
2133 silly ADD
2134 silly ADD
2135 silly ADD
2136 silly ADD node_modules/@rollup/rollup-darwin-arm64
2137 silly ADD
2138 silly ADD
2139 silly ADD
2140 silly ADD
2141 silly ADD
2142 silly ADD
2143 silly ADD
2144 silly ADD
2145 silly ADD
2146 silly ADD
2147 silly ADD
2148 silly ADD
2149 silly ADD
2150 silly ADD
2151 silly ADD
2152 silly ADD
2153 silly ADD
2154 silly ADD
2155 silly ADD
2156 silly ADD
2157 silly ADD
2158 silly ADD
2159 silly ADD
2160 silly ADD node_modules/@esbuild/darwin-arm64
2161 silly ADD
2162 silly ADD
2163 silly ADD
2164 silly ADD
2165 silly ADD node_modules/rollup
2166 silly ADD node_modules/esbuild
2167 silly ADD node_modules/punycode
2168 silly ADD node_modules/escalade
2169 silly ADD node_modules/@typescript-eslint/tsconfig-utils
2170 silly ADD node_modules/@typescript-eslint/project-service
2171 silly ADD node_modules/@typescript-eslint/types
2172 silly ADD node_modules/ts-api-utils
2173 silly ADD node_modules/@typescript-eslint/visitor-keys
2174 silly ADD node_modules/@typescript-eslint/type-utils
2175 silly ADD node_modules/@typescript-eslint/scope-manager
2176 silly ADD node_modules/@typescript-eslint/utils
2177 silly ADD node_modules/@typescript-eslint/typescript-estree
2178 silly ADD node_modules/@typescript-eslint/typescript-estree/node_modules/brace-expansion
2179 silly ADD node_modules/@typescript-eslint/typescript-estree/node_modules/semver
2180 silly ADD node_modules/@typescript-eslint/typescript-estree/node_modules/minimatch
2181 silly ADD node_modules/@typescript-eslint/parser
2182 silly ADD node_modules/@typescript-eslint/eslint-plugin
2183 silly ADD node_modules/@typescript-eslint/eslint-plugin/node_modules/ignore
2184 silly ADD node_modules/is-number
2185 silly ADD node_modules/thenify
2186 silly ADD node_modules/thenify-all
2187 silly ADD node_modules/object-assign
2188 silly ADD node_modules/any-promise
2189 silly ADD node_modules/ts-interface-checker
2190 silly ADD node_modules/tinyglobby
2191 silly ADD node_modules/tinyglobby/node_modules/picomatch
2192 silly ADD node_modules/tinyglobby/node_modules/fdir
2193 silly ADD node_modules/pirates
2194 silly ADD node_modules/mz
2195 silly ADD node_modules/lines-and-columns
2196 silly ADD node_modules/commander
2197 silly ADD node_modules/queue-microtask
2198 silly ADD node_modules/function-bind
2199 silly ADD node_modules/hasown
2200 silly ADD node_modules/supports-preserve-symlinks-flag
2201 silly ADD node_modules/path-parse
2202 silly ADD node_modules/is-core-module
2203 silly ADD node_modules/pify
2204 silly ADD node_modules/util-deprecate
2205 silly ADD node_modules/cssesc
2206 silly ADD node_modules/camelcase-css
2207 silly ADD node_modules/read-cache
2208 silly ADD node_modules/binary-extensions
2209 silly ADD node_modules/to-regex-range
2210 silly ADD node_modules/reusify
2211 silly ADD node_modules/run-parallel
2212 silly ADD node_modules/fastq
2213 silly ADD node_modules/@nodelib/fs.scandir
2214 silly ADD node_modules/merge2
2215 silly ADD node_modules/@nodelib/fs.walk
2216 silly ADD node_modules/@nodelib/fs.stat
2217 silly ADD node_modules/fill-range
2218 silly ADD node_modules/picomatch
2219 silly ADD node_modules/readdirp
2220 silly ADD node_modules/is-binary-path
2221 silly ADD
2222 silly ADD node_modules/braces
2223 silly ADD node_modules/anymatch
2224 silly ADD node_modules/sucrase
2225 silly ADD node_modules/resolve
2226 silly ADD node_modules/postcss-selector-parser
2227 silly ADD node_modules/postcss-nested
2228 silly ADD node_modules/postcss-load-config
2229 silly ADD node_modules/postcss-js
2230 silly ADD node_modules/postcss-import
2231 silly ADD node_modules/object-hash
2232 silly ADD node_modules/normalize-path
2233 silly ADD node_modules/micromatch
2234 silly ADD node_modules/lilconfig
2235 silly ADD node_modules/jiti
2236 silly ADD node_modules/fast-glob
2237 silly ADD node_modules/fast-glob/node_modules/glob-parent
2238 silly ADD node_modules/dlv
2239 silly ADD node_modules/didyoumean
2240 silly ADD node_modules/chokidar
2241 silly ADD node_modules/chokidar/node_modules/glob-parent
2242 silly ADD node_modules/arg
2243 silly ADD node_modules/@alloc/quick-lru
2244 silly ADD node_modules/has-flag
2245 silly ADD node_modules/shebang-regex
2246 silly ADD node_modules/scheduler
2247 silly ADD node_modules/loose-envify
2248 silly ADD node_modules/source-map-js
2249 silly ADD node_modules/nanoid
2250 silly ADD node_modules/callsites
2251 silly ADD node_modules/yocto-queue
2252 silly ADD node_modules/p-limit
2253 silly ADD node_modules/word-wrap
2254 silly ADD node_modules/fast-levenshtein
2255 silly ADD node_modules/deep-is
2256 silly ADD node_modules/concat-map
2257 silly ADD node_modules/balanced-match
2258 silly ADD node_modules/brace-expansion
2259 silly ADD node_modules/yallist
2260 silly ADD node_modules/p-locate
2261 silly ADD node_modules/type-check
2262 silly ADD node_modules/prelude-ls
2263 silly ADD node_modules/json-buffer
2264 silly ADD node_modules/argparse
2265 silly ADD node_modules/is-extglob
2266 silly ADD node_modules/resolve-from
2267 silly ADD node_modules/parent-module
2268 silly ADD node_modules/keyv
2269 silly ADD node_modules/flatted
2270 silly ADD node_modules/path-exists
2271 silly ADD node_modules/locate-path
2272 silly ADD node_modules/flat-cache
2273 silly ADD node_modules/acorn-jsx
2274 silly ADD node_modules/acorn
2275 silly ADD node_modules/estraverse
2276 silly ADD node_modules/esrecurse
2277 silly ADD node_modules/which
2278 silly ADD node_modules/shebang-command
2279 silly ADD node_modules/path-key
2280 silly ADD node_modules/color-name
2281 silly ADD node_modules/color-convert
2282 silly ADD node_modules/supports-color
2283 silly ADD node_modules/ansi-styles
2284 silly ADD node_modules/uri-js
2285 silly ADD node_modules/json-schema-traverse
2286 silly ADD node_modules/fast-json-stable-stringify
2287 silly ADD node_modules/@humanfs/core
2288 silly ADD node_modules/levn
2289 silly ADD node_modules/strip-json-comments
2290 silly ADD node_modules/js-yaml
2291 silly ADD node_modules/import-fresh
2292 silly ADD node_modules/@types/json-schema
2293 silly ADD node_modules/@eslint/object-schema
2294 silly ADD node_modules/optionator
2295 silly ADD node_modules/natural-compare
2296 silly ADD node_modules/minimatch
2297 silly ADD node_modules/lodash.merge
2298 silly ADD node_modules/json-stable-stringify-without-jsonify
2299 silly ADD node_modules/is-glob
2300 silly ADD node_modules/imurmurhash
2301 silly ADD node_modules/ignore
2302 silly ADD node_modules/glob-parent
2303 silly ADD node_modules/find-up
2304 silly ADD node_modules/file-entry-cache
2305 silly ADD node_modules/fast-deep-equal
2306 silly ADD node_modules/esutils
2307 silly ADD node_modules/esquery
2308 silly ADD node_modules/espree
2309 silly ADD node_modules/eslint-visitor-keys
2310 silly ADD node_modules/eslint-scope
2311 silly ADD node_modules/escape-string-regexp
2312 silly ADD node_modules/cross-spawn
2313 silly ADD node_modules/chalk
2314 silly ADD node_modules/ajv
2315 silly ADD node_modules/@types/estree
2316 silly ADD node_modules/@humanwhocodes/retry
2317 silly ADD node_modules/@humanwhocodes/module-importer
2318 silly ADD node_modules/@humanfs/node
2319 silly ADD node_modules/@eslint/plugin-kit
2320 silly ADD node_modules/@eslint/eslintrc
2321 silly ADD node_modules/@eslint/eslintrc/node_modules/globals
2322 silly ADD node_modules/@eslint/core
2323 silly ADD node_modules/@eslint/config-helpers
2324 silly ADD node_modules/@eslint/config-array
2325 silly ADD node_modules/@eslint-community/regexpp
2326 silly ADD node_modules/@eslint-community/eslint-utils
2327 silly ADD node_modules/@eslint-community/eslint-utils/node_modules/eslint-visitor-keys
2328 silly ADD node_modules/ms
2329 silly ADD node_modules/update-browserslist-db
2330 silly ADD node_modules/node-releases
2331 silly ADD node_modules/electron-to-chromium
2332 silly ADD node_modules/baseline-browser-mapping
2333 silly ADD node_modules/postcss-value-parser
2334 silly ADD node_modules/fraction.js
2335 silly ADD node_modules/caniuse-lite
2336 silly ADD node_modules/@types/babel__traverse
2337 silly ADD node_modules/@types/babel__template
2338 silly ADD node_modules/@types/babel__generator
2339 silly ADD node_modules/@jridgewell/resolve-uri
2340 silly ADD node_modules/@jridgewell/sourcemap-codec
2341 silly ADD node_modules/@babel/helper-string-parser
2342 silly ADD node_modules/@babel/helper-globals
2343 silly ADD node_modules/@babel/helper-plugin-utils
2344 silly ADD node_modules/@babel/helper-module-imports
2345 silly ADD node_modules/lru-cache
2346 silly ADD node_modules/browserslist
2347 silly ADD node_modules/@babel/helper-validator-option
2348 silly ADD node_modules/@babel/compat-data
2349 silly ADD node_modules/jsesc
2350 silly ADD node_modules/@jridgewell/trace-mapping
2351 silly ADD node_modules/@jridgewell/gen-mapping
2352 silly ADD node_modules/picocolors
2353 silly ADD node_modules/js-tokens
2354 silly ADD node_modules/@babel/helper-validator-identifier
2355 silly ADD node_modules/semver
2356 silly ADD node_modules/json5
2357 silly ADD node_modules/gensync
2358 silly ADD node_modules/debug
2359 silly ADD node_modules/convert-source-map
2360 silly ADD node_modules/@jridgewell/remapping
2361 silly ADD node_modules/@babel/types
2362 silly ADD node_modules/@babel/traverse
2363 silly ADD node_modules/@babel/template
2364 silly ADD node_modules/@babel/parser
2365 silly ADD node_modules/@babel/helpers
2366 silly ADD node_modules/@babel/helper-module-transforms
2367 silly ADD node_modules/@babel/helper-compilation-targets
2368 silly ADD node_modules/@babel/generator
2369 silly ADD node_modules/@babel/code-frame
2370 silly ADD node_modules/react-refresh
2371 silly ADD node_modules/@types/babel__core
2372 silly ADD node_modules/@rolldown/pluginutils
2373 silly ADD node_modules/@babel/plugin-transform-react-jsx-source
2374 silly ADD node_modules/@babel/plugin-transform-react-jsx-self
2375 silly ADD node_modules/@babel/core
2376 silly ADD node_modules/undici-types
2377 silly ADD node_modules/@types/node
2378 silly ADD node_modules/csstype
2379 silly ADD node_modules/@types/prop-types
2380 silly ADD node_modules/iceberg-js
2381 silly ADD node_modules/ws
2382 silly ADD node_modules/@types/ws
2383 silly ADD node_modules/@types/phoenix
2384 silly ADD node_modules/tslib
2385 silly ADD node_modules/@supabase/storage-js
2386 silly ADD node_modules/@supabase/realtime-js
2387 silly ADD node_modules/@supabase/postgrest-js
2388 silly ADD node_modules/@supabase/functions-js
2389 silly ADD node_modules/@supabase/auth-js
2390 silly ADD node_modules/typescript-eslint
2391 silly ADD node_modules/typescript
2392 silly ADD node_modules/tailwindcss
2393 silly ADD node_modules/react-dom
2394 silly ADD node_modules/react
2395 silly ADD node_modules/lucide-react
2396 silly ADD node_modules/globals
2397 silly ADD node_modules/eslint-plugin-react-refresh
2398 silly ADD node_modules/eslint-plugin-react-hooks
2399 silly ADD node_modules/eslint
2400 silly ADD node_modules/clsx
2401 silly ADD node_modules/postcss
2402 silly ADD node_modules/autoprefixer
2403 silly ADD node_modules/vite
2404 silly ADD node_modules/vite/node_modules/picomatch
2405 silly ADD node_modules/vite/node_modules/fdir
2406 silly ADD node_modules/@vitejs/plugin-react
2407 silly ADD node_modules/@types/react-dom
2408 silly ADD node_modules/@types/react
2409 silly ADD node_modules/@supabase/supabase-js
2410 silly ADD node_modules/@eslint/js
2411 verbose cwd /Users/mitchellengare/Downloads/african-gbv-tracker
2412 verbose os Darwin 24.6.0
2413 verbose node v23.11.0
2414 verbose npm  v10.9.2
2415 notice
2415 notice New [31mmajor[39m version of npm available! [31m10.9.2[39m -> [34m11.8.0[39m
2415 notice Changelog: [34mhttps://github.com/npm/cli/releases/tag/v11.8.0[39m
2415 notice To update run: [4mnpm install -g npm@11.8.0[24m
2415 notice  { force: true, [Symbol(proc-log.meta)]: true }
2416 verbose exit 0
2417 info ok
