0 verbose cli /opt/homebrew/Cellar/node/23.11.0/bin/node /opt/homebrew/bin/npm
1 info using npm@10.9.2
2 info using node@v23.11.0
3 silly config load:file:/opt/homebrew/lib/node_modules/npm/npmrc
4 silly config load:file:/Users/mitchellengare/Downloads/african-gbv-tracker-v2/.npmrc
5 silly config load:file:/Users/mitchellengare/.npmrc
6 silly config load:file:/opt/homebrew/etc/npmrc
7 verbose title npm install
8 verbose argv "install"
9 verbose logfile logs-max:10 dir:/Users/mitchellengare/.npm/_logs/2026-01-25T22_47_24_233Z-
10 verbose logfile /Users/mitchellengare/.npm/_logs/2026-01-25T22_47_24_233Z-debug-0.log
11 silly logfile start cleaning logs, removing 1 files
12 silly packumentCache heap:2197815296 maxSize:549453824 maxEntrySize:274726912
13 silly logfile done cleaning log files
14 silly idealTree buildDeps
15 silly fetch manifest @supabase/supabase-js@^2.49.1
16 silly packumentCache full:https://registry.npmjs.org/@supabase%2fsupabase-js cache-miss
17 http cache https://registry.npmjs.org/@supabase%2fsupabase-js 8ms (cache hit)
18 silly packumentCache full:https://registry.npmjs.org/@supabase%2fsupabase-js set size:2463414 disposed:false
19 silly fetch manifest clsx@^2.1.1
20 silly packumentCache full:https://registry.npmjs.org/clsx cache-miss
21 http cache https://registry.npmjs.org/clsx 3ms (cache hit)
22 silly packumentCache full:https://registry.npmjs.org/clsx set size:42506 disposed:false
23 silly fetch manifest lucide-react@^0.469.0
24 silly packumentCache full:https://registry.npmjs.org/lucide-react cache-miss
25 http cache https://registry.npmjs.org/lucide-react 4ms (cache hit)
26 silly packumentCache full:https://registry.npmjs.org/lucide-react set size:2151234 disposed:false
27 silly fetch manifest react@^18.3.1
28 silly packumentCache full:https://registry.npmjs.org/react cache-miss
29 http cache https://registry.npmjs.org/react 8ms (cache hit)
30 silly packumentCache full:https://registry.npmjs.org/react set size:6410034 disposed:false
31 silly fetch manifest react-dom@^18.3.1
32 silly packumentCache full:https://registry.npmjs.org/react-dom cache-miss
33 http cache https://registry.npmjs.org/react-dom 10ms (cache hit)
34 silly packumentCache full:https://registry.npmjs.org/react-dom set size:8456476 disposed:false
35 silly fetch manifest @eslint/js@^9.17.0
36 silly packumentCache full:https://registry.npmjs.org/@eslint%2fjs cache-miss
37 http cache https://registry.npmjs.org/@eslint%2fjs 6ms (cache hit)
38 silly packumentCache full:https://registry.npmjs.org/@eslint%2fjs set size:135087 disposed:false
39 silly fetch manifest @types/react@^18.3.18
40 silly packumentCache full:https://registry.npmjs.org/@types%2freact cache-miss
41 http cache https://registry.npmjs.org/@types%2freact 6ms (cache hit)
42 silly packumentCache full:https://registry.npmjs.org/@types%2freact set size:2551060 disposed:false
43 silly fetch manifest @types/react-dom@^18.3.5
44 silly packumentCache full:https://registry.npmjs.org/@types%2freact-dom cache-miss
45 http cache https://registry.npmjs.org/@types%2freact-dom 2ms (cache hit)
46 silly packumentCache full:https://registry.npmjs.org/@types%2freact-dom set size:429026 disposed:false
47 silly fetch manifest @vitejs/plugin-react@^4.3.4
48 silly packumentCache full:https://registry.npmjs.org/@vitejs%2fplugin-react cache-miss
49 http cache https://registry.npmjs.org/@vitejs%2fplugin-react 3ms (cache hit)
50 silly packumentCache full:https://registry.npmjs.org/@vitejs%2fplugin-react set size:244931 disposed:false
51 silly fetch manifest vite@^6.0.7
52 silly packumentCache full:https://registry.npmjs.org/vite cache-miss
53 http cache https://registry.npmjs.org/vite 45ms (cache hit)
54 silly packumentCache full:https://registry.npmjs.org/vite set size:38700940 disposed:false
55 silly fetch manifest @types/node@^18.0.0 || ^20.0.0 || >=22.0.0
56 silly packumentCache full:https://registry.npmjs.org/@types%2fnode cache-miss
57 http cache https://registry.npmjs.org/@types%2fnode 12ms (cache hit)
58 silly packumentCache full:https://registry.npmjs.org/@types%2fnode set size:10801274 disposed:false
59 silly fetch manifest jiti@>=1.21.0
60 silly packumentCache full:https://registry.npmjs.org/jiti cache-miss
61 http cache https://registry.npmjs.org/jiti 2ms (cache hit)
62 silly packumentCache full:https://registry.npmjs.org/jiti set size:382310 disposed:false
63 silly fetch manifest less@*
64 silly packumentCache full:https://registry.npmjs.org/less cache-miss
65 http cache https://registry.npmjs.org/less 2ms (cache hit)
66 silly packumentCache full:https://registry.npmjs.org/less set size:430648 disposed:false
67 silly fetch manifest lightningcss@^1.21.0
68 silly packumentCache full:https://registry.npmjs.org/lightningcss cache-miss
69 http cache https://registry.npmjs.org/lightningcss 1ms (cache hit)
70 silly packumentCache full:https://registry.npmjs.org/lightningcss set size:182441 disposed:false
71 silly fetch manifest sass@*
72 silly packumentCache full:https://registry.npmjs.org/sass cache-miss
73 http cache https://registry.npmjs.org/sass 2ms (cache hit)
74 silly packumentCache full:https://registry.npmjs.org/sass set size:722061 disposed:false
75 silly fetch manifest sass-embedded@*
76 silly packumentCache full:https://registry.npmjs.org/sass-embedded cache-miss
77 http cache https://registry.npmjs.org/sass-embedded 1ms (cache hit)
78 silly packumentCache full:https://registry.npmjs.org/sass-embedded set size:407397 disposed:false
79 silly fetch manifest stylus@*
80 silly packumentCache full:https://registry.npmjs.org/stylus cache-miss
81 http cache https://registry.npmjs.org/stylus 1ms (cache hit)
82 silly packumentCache full:https://registry.npmjs.org/stylus set size:286766 disposed:false
83 silly fetch manifest sugarss@*
84 silly packumentCache full:https://registry.npmjs.org/sugarss cache-miss
85 http cache https://registry.npmjs.org/sugarss 1ms (cache hit)
86 silly packumentCache full:https://registry.npmjs.org/sugarss set size:44975 disposed:false
87 silly fetch manifest postcss@^8.4.49
88 silly packumentCache full:https://registry.npmjs.org/postcss cache-miss
89 http cache https://registry.npmjs.org/postcss 2ms (cache hit)
90 silly packumentCache full:https://registry.npmjs.org/postcss set size:696248 disposed:false
91 silly fetch manifest terser@^5.16.0
92 silly packumentCache full:https://registry.npmjs.org/terser cache-miss
93 http cache https://registry.npmjs.org/terser 3ms (cache hit)
94 silly packumentCache full:https://registry.npmjs.org/terser set size:786629 disposed:false
95 silly fetch manifest tsx@^4.8.1
96 silly packumentCache full:https://registry.npmjs.org/tsx cache-miss
97 http cache https://registry.npmjs.org/tsx 1ms (cache hit)
98 silly packumentCache full:https://registry.npmjs.org/tsx set size:289592 disposed:false
99 silly fetch manifest yaml@^2.4.2
100 silly packumentCache full:https://registry.npmjs.org/yaml cache-miss
101 http cache https://registry.npmjs.org/yaml 1ms (cache hit)
102 silly packumentCache full:https://registry.npmjs.org/yaml set size:364997 disposed:false
103 silly fetch manifest autoprefixer@^10.4.20
104 silly packumentCache full:https://registry.npmjs.org/autoprefixer cache-miss
105 http cache https://registry.npmjs.org/autoprefixer 2ms (cache hit)
106 silly packumentCache full:https://registry.npmjs.org/autoprefixer set size:1261581 disposed:false
107 silly fetch manifest eslint@^9.17.0
108 silly packumentCache full:https://registry.npmjs.org/eslint cache-miss
109 http cache https://registry.npmjs.org/eslint 3ms (cache hit)
110 silly packumentCache full:https://registry.npmjs.org/eslint set size:1893750 disposed:false
111 silly fetch manifest jiti@*
112 silly packumentCache full:https://registry.npmjs.org/jiti cache-hit
113 silly fetch manifest eslint-plugin-react-hooks@^5.1.0
114 silly packumentCache full:https://registry.npmjs.org/eslint-plugin-react-hooks cache-miss
115 http cache https://registry.npmjs.org/eslint-plugin-react-hooks 10ms (cache hit)
116 silly packumentCache full:https://registry.npmjs.org/eslint-plugin-react-hooks set size:7038578 disposed:false
117 silly fetch manifest eslint-plugin-react-refresh@^0.4.16
118 silly packumentCache full:https://registry.npmjs.org/eslint-plugin-react-refresh cache-miss
119 http cache https://registry.npmjs.org/eslint-plugin-react-refresh 2ms (cache hit)
120 silly packumentCache full:https://registry.npmjs.org/eslint-plugin-react-refresh set size:79017 disposed:false
121 silly fetch manifest globals@^15.14.0
122 silly packumentCache full:https://registry.npmjs.org/globals cache-miss
123 http cache https://registry.npmjs.org/globals 1ms (cache hit)
124 silly packumentCache full:https://registry.npmjs.org/globals set size:297546 disposed:false
125 silly fetch manifest tailwindcss@^3.4.17
126 silly packumentCache full:https://registry.npmjs.org/tailwindcss cache-miss
127 http cache https://registry.npmjs.org/tailwindcss 10ms (cache hit)
128 silly packumentCache full:https://registry.npmjs.org/tailwindcss set size:10106959 disposed:false
129 silly fetch manifest typescript@^5.6.3
130 silly packumentCache full:https://registry.npmjs.org/typescript cache-miss
131 http cache https://registry.npmjs.org/typescript 20ms (cache hit)
132 silly packumentCache full:https://registry.npmjs.org/typescript set size:15167206 disposed:false
133 silly fetch manifest typescript-eslint@^8.19.0
134 silly packumentCache full:https://registry.npmjs.org/typescript-eslint cache-miss
135 http cache https://registry.npmjs.org/typescript-eslint 5ms (cache hit)
136 silly packumentCache full:https://registry.npmjs.org/typescript-eslint set size:3523641 disposed:false
137 silly placeDep ROOT @eslint/js@9.39.2 OK for: african-gbv-tracker@0.1.0 want: ^9.17.0
138 silly placeDep ROOT @supabase/supabase-js@2.91.1 OK for: african-gbv-tracker@0.1.0 want: ^2.49.1
139 silly placeDep ROOT @types/react@18.3.27 OK for: african-gbv-tracker@0.1.0 want: ^18.3.18
140 silly placeDep ROOT @types/react-dom@18.3.7 OK for: african-gbv-tracker@0.1.0 want: ^18.3.5
141 silly placeDep ROOT @vitejs/plugin-react@4.7.0 OK for: african-gbv-tracker@0.1.0 want: ^4.3.4
142 silly placeDep ROOT vite@6.4.1 OK for: @vitejs/plugin-react@4.7.0 want: ^4.2.0 || ^5.0.0 || ^6.0.0 || ^7.0.0
143 silly placeDep ROOT autoprefixer@10.4.23 OK for: african-gbv-tracker@0.1.0 want: ^10.4.20
144 silly placeDep ROOT postcss@8.5.6 OK for: autoprefixer@10.4.23 want: ^8.1.0
145 silly placeDep ROOT clsx@2.1.1 OK for: african-gbv-tracker@0.1.0 want: ^2.1.1
146 silly placeDep ROOT eslint@9.39.2 OK for: african-gbv-tracker@0.1.0 want: ^9.17.0
147 silly placeDep ROOT eslint-plugin-react-hooks@5.2.0 OK for: african-gbv-tracker@0.1.0 want: ^5.1.0
148 silly placeDep ROOT eslint-plugin-react-refresh@0.4.26 OK for: african-gbv-tracker@0.1.0 want: ^0.4.16
149 silly placeDep ROOT globals@15.15.0 OK for: african-gbv-tracker@0.1.0 want: ^15.14.0
150 silly placeDep ROOT lucide-react@0.469.0 OK for: african-gbv-tracker@0.1.0 want: ^0.469.0
151 silly placeDep ROOT react@18.3.1 OK for: lucide-react@0.469.0 want: ^16.5.1 || ^17.0.0 || ^18.0.0 || ^19.0.0
152 silly placeDep ROOT react-dom@18.3.1 OK for: african-gbv-tracker@0.1.0 want: ^18.3.1
153 silly placeDep ROOT tailwindcss@3.4.19 OK for: african-gbv-tracker@0.1.0 want: ^3.4.17
154 silly placeDep ROOT typescript@5.9.3 OK for: african-gbv-tracker@0.1.0 want: ^5.6.3
155 silly placeDep ROOT typescript-eslint@8.53.1 OK for: african-gbv-tracker@0.1.0 want: ^8.19.0
156 silly fetch manifest @supabase/auth-js@2.91.1
157 silly packumentCache full:https://registry.npmjs.org/@supabase%2fauth-js cache-miss
158 silly fetch manifest @supabase/storage-js@2.91.1
159 silly packumentCache full:https://registry.npmjs.org/@supabase%2fstorage-js cache-miss
160 silly fetch manifest @supabase/realtime-js@2.91.1
161 silly packumentCache full:https://registry.npmjs.org/@supabase%2frealtime-js cache-miss
162 silly fetch manifest @supabase/functions-js@2.91.1
163 silly packumentCache full:https://registry.npmjs.org/@supabase%2ffunctions-js cache-miss
164 silly fetch manifest @supabase/postgrest-js@2.91.1
165 silly packumentCache full:https://registry.npmjs.org/@supabase%2fpostgrest-js cache-miss
166 silly fetch manifest csstype@^3.2.2
167 silly packumentCache full:https://registry.npmjs.org/csstype cache-miss
168 silly fetch manifest @types/prop-types@*
169 silly packumentCache full:https://registry.npmjs.org/@types%2fprop-types cache-miss
170 http cache https://registry.npmjs.org/@supabase%2fstorage-js 4ms (cache hit)
171 silly packumentCache full:https://registry.npmjs.org/@supabase%2fstorage-js set size:793740 disposed:false
172 silly fetch manifest @babel/core@^7.28.0
173 silly packumentCache full:https://registry.npmjs.org/@babel%2fcore cache-miss
174 http cache https://registry.npmjs.org/@supabase%2fauth-js 7ms (cache hit)
175 silly packumentCache full:https://registry.npmjs.org/@supabase%2fauth-js set size:873299 disposed:false
176 silly fetch manifest react-refresh@^0.17.0
177 silly packumentCache full:https://registry.npmjs.org/react-refresh cache-miss
178 http cache https://registry.npmjs.org/@supabase%2frealtime-js 11ms (cache hit)
179 silly packumentCache full:https://registry.npmjs.org/@supabase%2frealtime-js set size:1042456 disposed:false
180 silly fetch manifest @types/babel__core@^7.20.5
181 silly packumentCache full:https://registry.npmjs.org/@types%2fbabel__core cache-miss
182 http cache https://registry.npmjs.org/@supabase%2ffunctions-js 14ms (cache hit)
183 silly packumentCache full:https://registry.npmjs.org/@supabase%2ffunctions-js set size:573854 disposed:false
184 silly fetch manifest @rolldown/pluginutils@1.0.0-beta.27
185 silly packumentCache full:https://registry.npmjs.org/@rolldown%2fpluginutils cache-miss
186 http cache https://registry.npmjs.org/csstype 18ms (cache hit)
187 silly packumentCache full:https://registry.npmjs.org/csstype set size:274189 disposed:false
188 silly fetch manifest @babel/plugin-transform-react-jsx-self@^7.27.1
189 silly packumentCache full:https://registry.npmjs.org/@babel%2fplugin-transform-react-jsx-self cache-miss
190 http cache https://registry.npmjs.org/@supabase%2fpostgrest-js 20ms (cache hit)
191 silly packumentCache full:https://registry.npmjs.org/@supabase%2fpostgrest-js set size:1172002 disposed:false
192 silly fetch manifest @babel/plugin-transform-react-jsx-source@^7.27.1
193 silly packumentCache full:https://registry.npmjs.org/@babel%2fplugin-transform-react-jsx-source cache-miss
194 http cache https://registry.npmjs.org/@types%2fprop-types 23ms (cache hit)
195 silly packumentCache full:https://registry.npmjs.org/@types%2fprop-types set size:53942 disposed:false
196 silly fetch manifest fdir@^6.4.4
197 silly packumentCache full:https://registry.npmjs.org/fdir cache-miss
198 http cache https://registry.npmjs.org/@babel%2fcore 21ms (cache hit)
199 silly packumentCache full:https://registry.npmjs.org/@babel%2fcore set size:745002 disposed:false
200 silly fetch manifest rollup@^4.34.9
201 silly packumentCache full:https://registry.npmjs.org/rollup cache-miss
202 http cache https://registry.npmjs.org/@types%2fbabel__core 15ms (cache hit)
203 silly packumentCache full:https://registry.npmjs.org/@types%2fbabel__core set size:88676 disposed:false
204 silly fetch manifest esbuild@^0.25.0
205 silly packumentCache full:https://registry.npmjs.org/esbuild cache-miss
206 http cache https://registry.npmjs.org/@rolldown%2fpluginutils 14ms (cache hit)
207 silly packumentCache full:https://registry.npmjs.org/@rolldown%2fpluginutils set size:249238 disposed:false
208 silly fetch manifest postcss@^8.5.3
209 silly packumentCache full:https://registry.npmjs.org/postcss cache-hit
210 silly fetch manifest picomatch@^4.0.2
211 silly packumentCache full:https://registry.npmjs.org/picomatch cache-miss
212 http cache https://registry.npmjs.org/react-refresh 25ms (cache hit)
213 silly packumentCache full:https://registry.npmjs.org/react-refresh set size:6123883 disposed:false
214 silly fetch manifest tinyglobby@^0.2.13
215 silly packumentCache full:https://registry.npmjs.org/tinyglobby cache-miss
216 http cache https://registry.npmjs.org/@babel%2fplugin-transform-react-jsx-source 35ms (cache hit)
217 silly packumentCache full:https://registry.npmjs.org/@babel%2fplugin-transform-react-jsx-source set size:203114 disposed:false
218 silly fetch manifest fsevents@~2.3.3
219 silly packumentCache full:https://registry.npmjs.org/fsevents cache-miss
220 http cache https://registry.npmjs.org/@babel%2fplugin-transform-react-jsx-self 40ms (cache hit)
221 silly packumentCache full:https://registry.npmjs.org/@babel%2fplugin-transform-react-jsx-self set size:198119 disposed:false
222 silly fetch manifest browserslist@^4.28.1
223 silly packumentCache full:https://registry.npmjs.org/browserslist cache-miss
224 http cache https://registry.npmjs.org/fdir 36ms (cache hit)
225 silly packumentCache full:https://registry.npmjs.org/fdir set size:136182 disposed:false
226 silly fetch manifest caniuse-lite@^1.0.30001760
227 silly packumentCache full:https://registry.npmjs.org/caniuse-lite cache-miss
228 http cache https://registry.npmjs.org/tinyglobby 7ms (cache hit)
229 silly packumentCache full:https://registry.npmjs.org/tinyglobby set size:49812 disposed:false
230 silly fetch manifest fraction.js@^5.3.4
231 silly packumentCache full:https://registry.npmjs.org/fraction.js cache-miss
232 http cache https://registry.npmjs.org/picomatch 32ms (cache hit)
233 silly packumentCache full:https://registry.npmjs.org/picomatch set size:118818 disposed:false
234 silly fetch manifest picocolors@^1.1.1
235 silly packumentCache full:https://registry.npmjs.org/picocolors cache-miss
236 http cache https://registry.npmjs.org/esbuild 35ms (cache hit)
237 silly packumentCache full:https://registry.npmjs.org/esbuild set size:1239695 disposed:false
238 silly fetch manifest postcss-value-parser@^4.2.0
239 silly packumentCache full:https://registry.npmjs.org/postcss-value-parser cache-miss
240 http cache https://registry.npmjs.org/rollup 44ms (cache hit)
241 silly packumentCache full:https://registry.npmjs.org/rollup set size:6063393 disposed:false
242 silly fetch manifest nanoid@^3.3.11
243 silly packumentCache full:https://registry.npmjs.org/nanoid cache-miss
244 http cache https://registry.npmjs.org/fsevents 37ms (cache hit)
245 silly packumentCache full:https://registry.npmjs.org/fsevents set size:182472 disposed:false
246 silly fetch manifest picocolors@^1.1.1
247 silly packumentCache full:https://registry.npmjs.org/picocolors cache-miss
248 http cache https://registry.npmjs.org/browserslist 38ms (cache hit)
249 silly packumentCache full:https://registry.npmjs.org/browserslist set size:502989 disposed:false
250 silly fetch manifest source-map-js@^1.2.1
251 silly packumentCache full:https://registry.npmjs.org/source-map-js cache-miss
252 http cache https://registry.npmjs.org/fraction.js 40ms (cache hit)
253 silly packumentCache full:https://registry.npmjs.org/fraction.js set size:149386 disposed:false
254 silly fetch manifest ajv@^6.12.4
255 silly packumentCache full:https://registry.npmjs.org/ajv cache-miss
256 http cache https://registry.npmjs.org/caniuse-lite 45ms (cache hit)
257 silly packumentCache full:https://registry.npmjs.org/caniuse-lite set size:2246509 disposed:false
258 silly fetch manifest chalk@^4.0.0
259 silly packumentCache full:https://registry.npmjs.org/chalk cache-miss
260 http cache https://registry.npmjs.org/picocolors 14ms (cache hit)
261 silly packumentCache full:https://registry.npmjs.org/picocolors set size:16648 disposed:false
262 silly fetch manifest debug@^4.3.2
263 silly packumentCache full:https://registry.npmjs.org/debug cache-miss
264 http cache https://registry.npmjs.org/picocolors 48ms (cache hit)
265 silly packumentCache full:https://registry.npmjs.org/picocolors set size:16648 disposed:false
266 silly packumentCache full:https://registry.npmjs.org/picocolors dispose
267 silly fetch manifest espree@^10.4.0
268 silly packumentCache full:https://registry.npmjs.org/espree cache-miss
269 http cache https://registry.npmjs.org/postcss-value-parser 44ms (cache hit)
270 silly packumentCache full:https://registry.npmjs.org/postcss-value-parser set size:73484 disposed:false
271 silly fetch manifest ignore@^5.2.0
272 silly packumentCache full:https://registry.npmjs.org/ignore cache-miss
273 http cache https://registry.npmjs.org/source-map-js 14ms (cache hit)
274 silly packumentCache full:https://registry.npmjs.org/source-map-js set size:62640 disposed:false
275 silly fetch manifest esquery@^1.5.0
276 silly packumentCache full:https://registry.npmjs.org/esquery cache-miss
277 http cache https://registry.npmjs.org/nanoid 18ms (cache hit)
278 silly packumentCache full:https://registry.npmjs.org/nanoid set size:298419 disposed:false
279 silly fetch manifest esutils@^2.0.2
280 silly packumentCache full:https://registry.npmjs.org/esutils cache-miss
281 http cache https://registry.npmjs.org/chalk 6ms (cache hit)
282 silly packumentCache full:https://registry.npmjs.org/chalk set size:117861 disposed:false
283 silly fetch manifest find-up@^5.0.0
284 silly packumentCache full:https://registry.npmjs.org/find-up cache-miss
285 http cache https://registry.npmjs.org/ajv 15ms (cache hit)
286 silly packumentCache full:https://registry.npmjs.org/ajv set size:1126055 disposed:false
287 silly fetch manifest is-glob@^4.0.0
288 silly packumentCache full:https://registry.npmjs.org/is-glob cache-miss
289 http cache https://registry.npmjs.org/debug 10ms (cache hit)
290 silly packumentCache full:https://registry.npmjs.org/debug set size:195840 disposed:false
291 silly fetch manifest minimatch@^3.1.2
292 silly packumentCache full:https://registry.npmjs.org/minimatch cache-miss
293 http cache https://registry.npmjs.org/ignore 11ms (cache hit)
294 silly packumentCache full:https://registry.npmjs.org/ignore set size:237380 disposed:false
295 silly fetch manifest optionator@^0.9.3
296 silly packumentCache full:https://registry.npmjs.org/optionator cache-miss
297 http cache https://registry.npmjs.org/espree 14ms (cache hit)
298 silly packumentCache full:https://registry.npmjs.org/espree set size:320553 disposed:false
299 silly fetch manifest cross-spawn@^7.0.6
300 silly packumentCache full:https://registry.npmjs.org/cross-spawn cache-miss
301 http cache https://registry.npmjs.org/esquery 15ms (cache hit)
302 silly packumentCache full:https://registry.npmjs.org/esquery set size:48888 disposed:false
303 silly fetch manifest glob-parent@^6.0.2
304 silly packumentCache full:https://registry.npmjs.org/glob-parent cache-miss
305 http cache https://registry.npmjs.org/esutils 14ms (cache hit)
306 silly packumentCache full:https://registry.npmjs.org/esutils set size:29522 disposed:false
307 silly fetch manifest imurmurhash@^0.1.4
308 silly packumentCache full:https://registry.npmjs.org/imurmurhash cache-miss
309 http cache https://registry.npmjs.org/find-up 12ms (cache hit)
310 silly packumentCache full:https://registry.npmjs.org/find-up set size:42620 disposed:false
311 silly fetch manifest @eslint/core@^0.17.0
312 silly packumentCache full:https://registry.npmjs.org/@eslint%2fcore cache-miss
313 http cache https://registry.npmjs.org/minimatch 8ms (cache hit)
314 silly packumentCache full:https://registry.npmjs.org/minimatch set size:303959 disposed:false
315 silly fetch manifest eslint-scope@^8.4.0
316 silly packumentCache full:https://registry.npmjs.org/eslint-scope cache-miss
317 http cache https://registry.npmjs.org/optionator 7ms (cache hit)
318 silly packumentCache full:https://registry.npmjs.org/optionator set size:49651 disposed:false
319 silly fetch manifest lodash.merge@^4.6.2
320 silly packumentCache full:https://registry.npmjs.org/lodash.merge cache-miss
321 http cache https://registry.npmjs.org/is-glob 11ms (cache hit)
322 silly packumentCache full:https://registry.npmjs.org/is-glob set size:40530 disposed:false
323 silly fetch manifest @humanfs/node@^0.16.6
324 silly packumentCache full:https://registry.npmjs.org/@humanfs%2fnode cache-miss
325 http cache https://registry.npmjs.org/cross-spawn 6ms (cache hit)
326 silly packumentCache full:https://registry.npmjs.org/cross-spawn set size:109066 disposed:false
327 silly fetch manifest @types/estree@^1.0.6
328 silly packumentCache full:https://registry.npmjs.org/@types%2festree cache-miss
329 http cache https://registry.npmjs.org/glob-parent 6ms (cache hit)
330 silly packumentCache full:https://registry.npmjs.org/glob-parent set size:42445 disposed:false
331 silly fetch manifest fast-deep-equal@^3.1.3
332 silly packumentCache full:https://registry.npmjs.org/fast-deep-equal cache-miss
333 http cache https://registry.npmjs.org/imurmurhash 6ms (cache hit)
334 silly packumentCache full:https://registry.npmjs.org/imurmurhash set size:35819 disposed:false
335 silly fetch manifest natural-compare@^1.4.0
336 silly packumentCache full:https://registry.npmjs.org/natural-compare cache-miss
337 http cache https://registry.npmjs.org/eslint-scope 4ms (cache hit)
338 silly packumentCache full:https://registry.npmjs.org/eslint-scope set size:93978 disposed:false
339 silly fetch manifest @eslint/eslintrc@^3.3.1
340 silly packumentCache full:https://registry.npmjs.org/@eslint%2feslintrc cache-miss
341 http cache https://registry.npmjs.org/@eslint%2fcore 7ms (cache hit)
342 silly packumentCache full:https://registry.npmjs.org/@eslint%2fcore set size:49077 disposed:false
343 silly fetch manifest file-entry-cache@^8.0.0
344 silly packumentCache full:https://registry.npmjs.org/file-entry-cache cache-miss
345 http cache https://registry.npmjs.org/@humanfs%2fnode 4ms (cache hit)
346 silly packumentCache full:https://registry.npmjs.org/@humanfs%2fnode set size:37704 disposed:false
347 silly fetch manifest @eslint/plugin-kit@^0.4.1
348 silly packumentCache full:https://registry.npmjs.org/@eslint%2fplugin-kit cache-miss
349 http cache https://registry.npmjs.org/lodash.merge 5ms (cache hit)
350 silly packumentCache full:https://registry.npmjs.org/lodash.merge set size:78575 disposed:false
351 silly fetch manifest eslint-visitor-keys@^4.2.1
352 silly packumentCache full:https://registry.npmjs.org/eslint-visitor-keys cache-miss
353 http cache https://registry.npmjs.org/@types%2festree 6ms (cache hit)
354 silly packumentCache full:https://registry.npmjs.org/@types%2festree set size:74091 disposed:false
355 silly fetch manifest @eslint/config-array@^0.21.1
356 silly packumentCache full:https://registry.npmjs.org/@eslint%2fconfig-array cache-miss
357 http cache https://registry.npmjs.org/fast-deep-equal 7ms (cache hit)
358 silly packumentCache full:https://registry.npmjs.org/fast-deep-equal set size:48634 disposed:false
359 silly fetch manifest @humanwhocodes/retry@^0.4.2
360 silly packumentCache full:https://registry.npmjs.org/@humanwhocodes%2fretry cache-miss
361 http cache https://registry.npmjs.org/natural-compare 6ms (cache hit)
362 silly packumentCache full:https://registry.npmjs.org/natural-compare set size:7852 disposed:false
363 silly fetch manifest escape-string-regexp@^4.0.0
364 silly packumentCache full:https://registry.npmjs.org/escape-string-regexp cache-miss
365 http cache https://registry.npmjs.org/@eslint%2fplugin-kit 5ms (cache hit)
366 silly packumentCache full:https://registry.npmjs.org/@eslint%2fplugin-kit set size:62358 disposed:false
367 silly fetch manifest @eslint/config-helpers@^0.4.2
368 silly packumentCache full:https://registry.npmjs.org/@eslint%2fconfig-helpers cache-miss
369 http cache https://registry.npmjs.org/file-entry-cache 6ms (cache hit)
370 silly packumentCache full:https://registry.npmjs.org/file-entry-cache set size:151480 disposed:false
371 silly fetch manifest @eslint-community/regexpp@^4.12.1
372 silly packumentCache full:https://registry.npmjs.org/@eslint-community%2fregexpp cache-miss
373 http cache https://registry.npmjs.org/eslint-visitor-keys 6ms (cache hit)
374 silly packumentCache full:https://registry.npmjs.org/eslint-visitor-keys set size:67352 disposed:false
375 silly fetch manifest @eslint-community/eslint-utils@^4.8.0
376 silly packumentCache full:https://registry.npmjs.org/@eslint-community%2feslint-utils cache-miss
377 http cache https://registry.npmjs.org/@eslint%2feslintrc 8ms (cache hit)
378 silly packumentCache full:https://registry.npmjs.org/@eslint%2feslintrc set size:163118 disposed:false
379 silly fetch manifest @humanwhocodes/module-importer@^1.0.1
380 silly packumentCache full:https://registry.npmjs.org/@humanwhocodes%2fmodule-importer cache-miss
381 http cache https://registry.npmjs.org/@eslint%2fconfig-array 6ms (cache hit)
382 silly packumentCache full:https://registry.npmjs.org/@eslint%2fconfig-array set size:56420 disposed:false
383 silly fetch manifest json-stable-stringify-without-jsonify@^1.0.1
384 silly packumentCache full:https://registry.npmjs.org/json-stable-stringify-without-jsonify cache-miss
385 http cache https://registry.npmjs.org/@humanwhocodes%2fretry 5ms (cache hit)
386 silly packumentCache full:https://registry.npmjs.org/@humanwhocodes%2fretry set size:42348 disposed:false
387 silly fetch manifest loose-envify@^1.1.0
388 silly packumentCache full:https://registry.npmjs.org/loose-envify cache-miss
389 http cache https://registry.npmjs.org/escape-string-regexp 6ms (cache hit)
390 silly packumentCache full:https://registry.npmjs.org/escape-string-regexp set size:22244 disposed:false
391 silly fetch manifest scheduler@^0.23.2
392 silly packumentCache full:https://registry.npmjs.org/scheduler cache-miss
393 http cache https://registry.npmjs.org/@eslint-community%2fregexpp 5ms (cache hit)
394 silly packumentCache full:https://registry.npmjs.org/@eslint-community%2fregexpp set size:106609 disposed:false
395 silly fetch manifest loose-envify@^1.1.0
396 silly packumentCache full:https://registry.npmjs.org/loose-envify cache-miss
397 http cache https://registry.npmjs.org/@humanwhocodes%2fmodule-importer 4ms (cache hit)
398 silly packumentCache full:https://registry.npmjs.org/@humanwhocodes%2fmodule-importer set size:9516 disposed:false
399 silly fetch manifest arg@^5.0.2
400 silly packumentCache full:https://registry.npmjs.org/arg cache-miss
401 http cache https://registry.npmjs.org/@eslint-community%2feslint-utils 5ms (cache hit)
402 silly packumentCache full:https://registry.npmjs.org/@eslint-community%2feslint-utils set size:93301 disposed:false
403 silly fetch manifest dlv@^1.1.3
404 silly packumentCache full:https://registry.npmjs.org/dlv cache-miss
405 http cache https://registry.npmjs.org/@eslint%2fconfig-helpers 8ms (cache hit)
406 silly packumentCache full:https://registry.npmjs.org/@eslint%2fconfig-helpers set size:37101 disposed:false
407 silly fetch manifest jiti@^1.21.7
408 silly packumentCache full:https://registry.npmjs.org/jiti cache-hit
409 silly fetch manifest is-glob@^4.0.3
410 silly packumentCache full:https://registry.npmjs.org/is-glob cache-hit
411 silly fetch manifest resolve@^1.22.8
412 silly packumentCache full:https://registry.npmjs.org/resolve cache-miss
413 http cache https://registry.npmjs.org/json-stable-stringify-without-jsonify 5ms (cache hit)
414 silly packumentCache full:https://registry.npmjs.org/json-stable-stringify-without-jsonify set size:5808 disposed:false
415 silly fetch manifest sucrase@^3.35.0
416 silly packumentCache full:https://registry.npmjs.org/sucrase cache-miss
417 http cache https://registry.npmjs.org/loose-envify 6ms (cache hit)
418 silly packumentCache full:https://registry.npmjs.org/loose-envify set size:12559 disposed:false
419 silly fetch manifest chokidar@^3.6.0
420 silly packumentCache full:https://registry.npmjs.org/chokidar cache-miss
421 http cache https://registry.npmjs.org/loose-envify 6ms (cache hit)
422 silly packumentCache full:https://registry.npmjs.org/loose-envify set size:12559 disposed:false
423 silly packumentCache full:https://registry.npmjs.org/loose-envify dispose
424 silly fetch manifest fast-glob@^3.3.2
425 silly packumentCache full:https://registry.npmjs.org/fast-glob cache-miss
426 http cache https://registry.npmjs.org/dlv 5ms (cache hit)
427 silly packumentCache full:https://registry.npmjs.org/dlv set size:16709 disposed:false
428 silly fetch manifest lilconfig@^3.1.3
429 silly packumentCache full:https://registry.npmjs.org/lilconfig cache-miss
430 http cache https://registry.npmjs.org/scheduler 12ms (cache hit)
431 silly packumentCache full:https://registry.npmjs.org/scheduler set size:5331263 disposed:false
432 silly fetch manifest didyoumean@^1.2.2
433 silly packumentCache full:https://registry.npmjs.org/didyoumean cache-miss
434 http cache https://registry.npmjs.org/arg 28ms (cache hit)
435 silly packumentCache full:https://registry.npmjs.org/arg set size:67204 disposed:false
436 silly fetch manifest micromatch@^4.0.8
437 silly packumentCache full:https://registry.npmjs.org/micromatch cache-miss
438 http cache https://registry.npmjs.org/sucrase 27ms (cache hit)
439 silly packumentCache full:https://registry.npmjs.org/sucrase set size:449399 disposed:false
440 silly fetch manifest postcss-js@^4.0.1
441 silly packumentCache full:https://registry.npmjs.org/postcss-js cache-miss
442 http cache https://registry.npmjs.org/resolve 30ms (cache hit)
443 silly packumentCache full:https://registry.npmjs.org/resolve set size:246681 disposed:false
444 silly fetch manifest object-hash@^3.0.0
445 silly packumentCache full:https://registry.npmjs.org/object-hash cache-miss
446 http cache https://registry.npmjs.org/chokidar 30ms (cache hit)
447 silly packumentCache full:https://registry.npmjs.org/chokidar set size:255902 disposed:false
448 silly fetch manifest normalize-path@^3.0.0
449 silly packumentCache full:https://registry.npmjs.org/normalize-path cache-miss
450 http cache https://registry.npmjs.org/lilconfig 30ms (cache hit)
451 silly packumentCache full:https://registry.npmjs.org/lilconfig set size:45636 disposed:false
452 silly fetch manifest postcss-import@^15.1.0
453 silly packumentCache full:https://registry.npmjs.org/postcss-import cache-miss
454 http cache https://registry.npmjs.org/fast-glob 31ms (cache hit)
455 silly packumentCache full:https://registry.npmjs.org/fast-glob set size:220556 disposed:false
456 silly fetch manifest postcss-nested@^6.2.0
457 silly packumentCache full:https://registry.npmjs.org/postcss-nested cache-miss
458 http cache https://registry.npmjs.org/didyoumean 11ms (cache hit)
459 silly packumentCache full:https://registry.npmjs.org/didyoumean set size:11446 disposed:false
460 silly fetch manifest @alloc/quick-lru@^5.2.0
461 silly packumentCache full:https://registry.npmjs.org/@alloc%2fquick-lru cache-miss
462 http cache https://registry.npmjs.org/micromatch 9ms (cache hit)
463 silly packumentCache full:https://registry.npmjs.org/micromatch set size:240630 disposed:false
464 silly fetch manifest postcss-load-config@^4.0.2 || ^5.0 || ^6.0
465 silly packumentCache full:https://registry.npmjs.org/postcss-load-config cache-miss
466 http cache https://registry.npmjs.org/postcss-js 8ms (cache hit)
467 silly packumentCache full:https://registry.npmjs.org/postcss-js set size:49438 disposed:false
468 silly fetch manifest postcss-selector-parser@^6.1.2
469 silly packumentCache full:https://registry.npmjs.org/postcss-selector-parser cache-miss
470 http cache https://registry.npmjs.org/normalize-path 7ms (cache hit)
471 silly packumentCache full:https://registry.npmjs.org/normalize-path set size:28713 disposed:false
472 silly fetch manifest @typescript-eslint/utils@8.53.1
473 silly packumentCache full:https://registry.npmjs.org/@typescript-eslint%2futils cache-miss
474 http cache https://registry.npmjs.org/object-hash 9ms (cache hit)
475 silly packumentCache full:https://registry.npmjs.org/object-hash set size:100564 disposed:false
476 silly fetch manifest @typescript-eslint/parser@8.53.1
477 silly packumentCache full:https://registry.npmjs.org/@typescript-eslint%2fparser cache-miss
478 http cache https://registry.npmjs.org/postcss-import 7ms (cache hit)
479 silly packumentCache full:https://registry.npmjs.org/postcss-import set size:120971 disposed:false
480 silly fetch manifest @typescript-eslint/eslint-plugin@8.53.1
481 silly packumentCache full:https://registry.npmjs.org/@typescript-eslint%2feslint-plugin cache-miss
482 http cache https://registry.npmjs.org/@alloc%2fquick-lru 7ms (cache hit)
483 silly packumentCache full:https://registry.npmjs.org/@alloc%2fquick-lru set size:7269 disposed:false
484 silly fetch manifest @typescript-eslint/typescript-estree@8.53.1
485 silly packumentCache full:https://registry.npmjs.org/@typescript-eslint%2ftypescript-estree cache-miss
486 http cache https://registry.npmjs.org/postcss-nested 7ms (cache hit)
487 silly packumentCache full:https://registry.npmjs.org/postcss-nested set size:79120 disposed:false
488 http cache https://registry.npmjs.org/postcss-load-config 5ms (cache hit)
489 silly packumentCache full:https://registry.npmjs.org/postcss-load-config set size:86425 disposed:false
490 http cache https://registry.npmjs.org/postcss-selector-parser 6ms (cache hit)
491 silly packumentCache full:https://registry.npmjs.org/postcss-selector-parser set size:177140 disposed:false
492 http cache https://registry.npmjs.org/@typescript-eslint%2futils 23ms (cache hit)
493 silly packumentCache full:https://registry.npmjs.org/@typescript-eslint%2futils set size:9650972 disposed:false
494 http cache https://registry.npmjs.org/@typescript-eslint%2fparser 60ms (cache hit)
495 silly packumentCache full:https://registry.npmjs.org/@typescript-eslint%2fparser set size:14752043 disposed:false
496 http cache https://registry.npmjs.org/@typescript-eslint%2feslint-plugin 127ms (cache hit)
497 silly packumentCache full:https://registry.npmjs.org/@typescript-eslint%2feslint-plugin set size:17335018 disposed:false
498 http cache https://registry.npmjs.org/@typescript-eslint%2ftypescript-estree 177ms (cache hit)
499 silly packumentCache full:https://registry.npmjs.org/@typescript-eslint%2ftypescript-estree set size:15905389 disposed:false
500 silly placeDep ROOT @supabase/auth-js@2.91.1 OK for: @supabase/supabase-js@2.91.1 want: 2.91.1
501 silly placeDep ROOT @supabase/functions-js@2.91.1 OK for: @supabase/supabase-js@2.91.1 want: 2.91.1
502 silly placeDep ROOT @supabase/postgrest-js@2.91.1 OK for: @supabase/supabase-js@2.91.1 want: 2.91.1
503 silly placeDep ROOT @supabase/realtime-js@2.91.1 OK for: @supabase/supabase-js@2.91.1 want: 2.91.1
504 silly placeDep ROOT @supabase/storage-js@2.91.1 OK for: @supabase/supabase-js@2.91.1 want: 2.91.1
505 silly fetch manifest tslib@2.8.1
506 silly packumentCache full:https://registry.npmjs.org/tslib cache-miss
507 silly fetch manifest tslib@2.8.1
508 silly packumentCache full:https://registry.npmjs.org/tslib cache-miss
509 silly fetch manifest tslib@2.8.1
510 silly packumentCache full:https://registry.npmjs.org/tslib cache-miss
511 silly fetch manifest ws@^8.18.2
512 silly packumentCache full:https://registry.npmjs.org/ws cache-miss
513 silly fetch manifest tslib@2.8.1
514 silly packumentCache full:https://registry.npmjs.org/tslib cache-miss
515 silly fetch manifest @types/ws@^8.18.1
516 silly packumentCache full:https://registry.npmjs.org/@types%2fws cache-miss
517 silly fetch manifest @types/phoenix@^1.6.6
518 silly packumentCache full:https://registry.npmjs.org/@types%2fphoenix cache-miss
519 http cache https://registry.npmjs.org/tslib 3ms (cache hit)
520 silly packumentCache full:https://registry.npmjs.org/tslib set size:108760 disposed:false
521 silly fetch manifest iceberg-js@^0.8.1
522 silly packumentCache full:https://registry.npmjs.org/iceberg-js cache-miss
523 http cache https://registry.npmjs.org/tslib 4ms (cache hit)
524 silly packumentCache full:https://registry.npmjs.org/tslib set size:108760 disposed:false
525 silly packumentCache full:https://registry.npmjs.org/tslib dispose
526 http cache https://registry.npmjs.org/tslib 5ms (cache hit)
527 silly packumentCache full:https://registry.npmjs.org/tslib set size:108760 disposed:true
528 silly packumentCache full:https://registry.npmjs.org/tslib dispose
529 http cache https://registry.npmjs.org/ws 5ms (cache hit)
530 silly packumentCache full:https://registry.npmjs.org/ws set size:413307 disposed:false
531 http cache https://registry.npmjs.org/tslib 7ms (cache hit)
532 silly packumentCache full:https://registry.npmjs.org/tslib set size:108760 disposed:true
533 silly packumentCache full:https://registry.npmjs.org/tslib dispose
534 http cache https://registry.npmjs.org/@types%2fphoenix 8ms (cache hit)
535 silly packumentCache full:https://registry.npmjs.org/@types%2fphoenix set size:50552 disposed:false
536 http cache https://registry.npmjs.org/@types%2fws 8ms (cache hit)
537 silly packumentCache full:https://registry.npmjs.org/@types%2fws set size:167959 disposed:false
538 http cache https://registry.npmjs.org/iceberg-js 6ms (cache hit)
539 silly packumentCache full:https://registry.npmjs.org/iceberg-js set size:32835 disposed:false
540 silly placeDep ROOT tslib@2.8.1 OK for: @supabase/auth-js@2.91.1 want: 2.8.1
541 silly fetch manifest bufferutil@^4.0.1
542 silly packumentCache full:https://registry.npmjs.org/bufferutil cache-miss
543 http cache https://registry.npmjs.org/bufferutil 3ms (cache hit)
544 silly packumentCache full:https://registry.npmjs.org/bufferutil set size:52763 disposed:false
545 silly fetch manifest utf-8-validate@>=5.0.2
546 silly packumentCache full:https://registry.npmjs.org/utf-8-validate cache-miss
547 http cache https://registry.npmjs.org/utf-8-validate 1ms (cache hit)
548 silly packumentCache full:https://registry.npmjs.org/utf-8-validate set size:77148 disposed:false
549 silly placeDep ROOT @types/phoenix@1.6.7 OK for: @supabase/realtime-js@2.91.1 want: ^1.6.6
550 silly placeDep ROOT @types/ws@8.18.1 OK for: @supabase/realtime-js@2.91.1 want: ^8.18.1
551 silly placeDep ROOT ws@8.19.0 OK for: @supabase/realtime-js@2.91.1 want: ^8.18.2
552 silly fetch manifest @types/node@*
553 silly packumentCache full:https://registry.npmjs.org/@types%2fnode cache-miss
554 http cache https://registry.npmjs.org/@types%2fnode 9ms (cache hit)
555 silly packumentCache full:https://registry.npmjs.org/@types%2fnode set size:10801274 disposed:false
556 silly placeDep ROOT iceberg-js@0.8.1 OK for: @supabase/storage-js@2.91.1 want: ^0.8.1
557 silly placeDep ROOT @types/prop-types@15.7.15 OK for: @types/react@18.3.27 want: *
558 silly placeDep ROOT csstype@3.2.3 OK for: @types/react@18.3.27 want: ^3.2.2
559 silly placeDep ROOT @types/node@25.0.10 OK for: @types/ws@8.18.1 want: *
560 silly fetch manifest undici-types@~7.16.0
561 silly packumentCache full:https://registry.npmjs.org/undici-types cache-miss
562 http cache https://registry.npmjs.org/undici-types 1ms (cache hit)
563 silly packumentCache full:https://registry.npmjs.org/undici-types set size:163350 disposed:false
564 silly placeDep ROOT undici-types@7.16.0 OK for: @types/node@25.0.10 want: ~7.16.0
565 silly placeDep ROOT @babel/core@7.28.6 OK for: @vitejs/plugin-react@4.7.0 want: ^7.28.0
566 silly placeDep ROOT @babel/plugin-transform-react-jsx-self@7.27.1 OK for: @vitejs/plugin-react@4.7.0 want: ^7.27.1
567 silly placeDep ROOT @babel/plugin-transform-react-jsx-source@7.27.1 OK for: @vitejs/plugin-react@4.7.0 want: ^7.27.1
568 silly placeDep ROOT @rolldown/pluginutils@1.0.0-beta.27 OK for: @vitejs/plugin-react@4.7.0 want: 1.0.0-beta.27
569 silly placeDep ROOT @types/babel__core@7.20.5 OK for: @vitejs/plugin-react@4.7.0 want: ^7.20.5
570 silly placeDep ROOT react-refresh@0.17.0 OK for: @vitejs/plugin-react@4.7.0 want: ^0.17.0
571 silly fetch manifest @babel/code-frame@^7.28.6
572 silly packumentCache full:https://registry.npmjs.org/@babel%2fcode-frame cache-miss
573 silly fetch manifest @babel/generator@^7.28.6
574 silly packumentCache full:https://registry.npmjs.org/@babel%2fgenerator cache-miss
575 silly fetch manifest @babel/helper-compilation-targets@^7.28.6
576 silly packumentCache full:https://registry.npmjs.org/@babel%2fhelper-compilation-targets cache-miss
577 silly fetch manifest @babel/helper-module-transforms@^7.28.6
578 silly packumentCache full:https://registry.npmjs.org/@babel%2fhelper-module-transforms cache-miss
579 silly fetch manifest @babel/helpers@^7.28.6
580 silly packumentCache full:https://registry.npmjs.org/@babel%2fhelpers cache-miss
581 silly fetch manifest @babel/parser@^7.28.6
582 silly packumentCache full:https://registry.npmjs.org/@babel%2fparser cache-miss
583 silly fetch manifest @babel/template@^7.28.6
584 silly packumentCache full:https://registry.npmjs.org/@babel%2ftemplate cache-miss
585 http cache https://registry.npmjs.org/@babel%2fhelper-module-transforms 6ms (cache hit)
586 silly packumentCache full:https://registry.npmjs.org/@babel%2fhelper-module-transforms set size:327322 disposed:false
587 silly fetch manifest @babel/traverse@^7.28.6
588 silly packumentCache full:https://registry.npmjs.org/@babel%2ftraverse cache-miss
589 http cache https://registry.npmjs.org/@babel%2fgenerator 8ms (cache hit)
590 silly packumentCache full:https://registry.npmjs.org/@babel%2fgenerator set size:496498 disposed:false
591 silly fetch manifest @babel/types@^7.28.6
592 silly packumentCache full:https://registry.npmjs.org/@babel%2ftypes cache-miss
593 http cache https://registry.npmjs.org/@babel%2fhelper-compilation-targets 9ms (cache hit)
594 silly packumentCache full:https://registry.npmjs.org/@babel%2fhelper-compilation-targets set size:212538 disposed:false
595 silly fetch manifest @jridgewell/remapping@^2.3.5
596 silly packumentCache full:https://registry.npmjs.org/@jridgewell%2fremapping cache-miss
597 http cache https://registry.npmjs.org/@babel%2fhelpers 10ms (cache hit)
598 silly packumentCache full:https://registry.npmjs.org/@babel%2fhelpers set size:380578 disposed:false
599 silly fetch manifest convert-source-map@^2.0.0
600 silly packumentCache full:https://registry.npmjs.org/convert-source-map cache-miss
601 http cache https://registry.npmjs.org/@babel%2fparser 12ms (cache hit)
602 silly packumentCache full:https://registry.npmjs.org/@babel%2fparser set size:707345 disposed:false
603 silly fetch manifest debug@^4.1.0
604 silly packumentCache full:https://registry.npmjs.org/debug cache-hit
605 silly fetch manifest gensync@^1.0.0-beta.2
606 silly packumentCache full:https://registry.npmjs.org/gensync cache-miss
607 http cache https://registry.npmjs.org/@babel%2ftemplate 15ms (cache hit)
608 silly packumentCache full:https://registry.npmjs.org/@babel%2ftemplate set size:221398 disposed:false
609 silly fetch manifest json5@^2.2.3
610 silly packumentCache full:https://registry.npmjs.org/json5 cache-miss
611 http cache https://registry.npmjs.org/@babel%2fcode-frame 16ms (cache hit)
612 silly packumentCache full:https://registry.npmjs.org/@babel%2fcode-frame set size:188246 disposed:false
613 silly fetch manifest semver@^6.3.1
614 silly packumentCache full:https://registry.npmjs.org/semver cache-miss
615 http cache https://registry.npmjs.org/@babel%2ftraverse 12ms (cache hit)
616 silly packumentCache full:https://registry.npmjs.org/@babel%2ftraverse set size:540005 disposed:false
617 silly fetch manifest @babel/helper-plugin-utils@^7.27.1
618 silly packumentCache full:https://registry.npmjs.org/@babel%2fhelper-plugin-utils cache-miss
619 http cache https://registry.npmjs.org/convert-source-map 9ms (cache hit)
620 silly packumentCache full:https://registry.npmjs.org/convert-source-map set size:66997 disposed:false
621 silly fetch manifest @babel/helper-plugin-utils@^7.27.1
622 silly packumentCache full:https://registry.npmjs.org/@babel%2fhelper-plugin-utils cache-miss
623 http cache https://registry.npmjs.org/gensync 6ms (cache hit)
624 silly packumentCache full:https://registry.npmjs.org/gensync set size:15068 disposed:false
625 silly fetch manifest @babel/types@^7.20.7
626 silly packumentCache full:https://registry.npmjs.org/@babel%2ftypes cache-miss
627 http cache https://registry.npmjs.org/@jridgewell%2fremapping 11ms (cache hit)
628 silly packumentCache full:https://registry.npmjs.org/@jridgewell%2fremapping set size:23809 disposed:false
629 silly fetch manifest @babel/parser@^7.20.7
630 silly packumentCache full:https://registry.npmjs.org/@babel%2fparser cache-hit
631 silly fetch manifest @types/babel__template@*
632 silly packumentCache full:https://registry.npmjs.org/@types%2fbabel__template cache-miss
633 http cache https://registry.npmjs.org/@babel%2ftypes 13ms (cache hit)
634 silly packumentCache full:https://registry.npmjs.org/@babel%2ftypes set size:479758 disposed:false
635 silly fetch manifest @types/babel__traverse@*
636 silly packumentCache full:https://registry.npmjs.org/@types%2fbabel__traverse cache-miss
637 http cache https://registry.npmjs.org/semver 7ms (cache hit)
638 silly packumentCache full:https://registry.npmjs.org/semver set size:226907 disposed:false
639 silly fetch manifest @types/babel__generator@*
640 silly packumentCache full:https://registry.npmjs.org/@types%2fbabel__generator cache-miss
641 http cache https://registry.npmjs.org/json5 9ms (cache hit)
642 silly packumentCache full:https://registry.npmjs.org/json5 set size:86136 disposed:false
643 http cache https://registry.npmjs.org/@babel%2ftypes 7ms (cache hit)
644 silly packumentCache full:https://registry.npmjs.org/@babel%2ftypes set size:479758 disposed:false
645 silly packumentCache full:https://registry.npmjs.org/@babel%2ftypes dispose
646 http cache https://registry.npmjs.org/@babel%2fhelper-plugin-utils 10ms (cache hit)
647 silly packumentCache full:https://registry.npmjs.org/@babel%2fhelper-plugin-utils set size:158351 disposed:false
648 http cache https://registry.npmjs.org/@types%2fbabel__template 9ms (cache hit)
649 silly packumentCache full:https://registry.npmjs.org/@types%2fbabel__template set size:22631 disposed:false
650 http cache https://registry.npmjs.org/@babel%2fhelper-plugin-utils 10ms (cache hit)
651 silly packumentCache full:https://registry.npmjs.org/@babel%2fhelper-plugin-utils set size:158351 disposed:false
652 silly packumentCache full:https://registry.npmjs.org/@babel%2fhelper-plugin-utils dispose
653 http cache https://registry.npmjs.org/@types%2fbabel__traverse 8ms (cache hit)
654 silly packumentCache full:https://registry.npmjs.org/@types%2fbabel__traverse set size:107819 disposed:false
655 http cache https://registry.npmjs.org/@types%2fbabel__generator 6ms (cache hit)
656 silly packumentCache full:https://registry.npmjs.org/@types%2fbabel__generator set size:31587 disposed:false
657 silly fetch manifest @babel/core@^7.0.0
658 silly packumentCache full:https://registry.npmjs.org/@babel%2fcore cache-hit
659 silly placeDep ROOT @babel/code-frame@7.28.6 OK for: @babel/core@7.28.6 want: ^7.28.6
660 silly placeDep ROOT @babel/generator@7.28.6 OK for: @babel/core@7.28.6 want: ^7.28.6
661 silly placeDep ROOT @babel/helper-compilation-targets@7.28.6 OK for: @babel/core@7.28.6 want: ^7.28.6
662 silly placeDep ROOT @babel/helper-module-transforms@7.28.6 OK for: @babel/core@7.28.6 want: ^7.28.6
663 silly placeDep ROOT @babel/helpers@7.28.6 OK for: @babel/core@7.28.6 want: ^7.28.6
664 silly placeDep ROOT @babel/parser@7.28.6 OK for: @babel/core@7.28.6 want: ^7.28.6
665 silly placeDep ROOT @babel/template@7.28.6 OK for: @babel/core@7.28.6 want: ^7.28.6
666 silly placeDep ROOT @babel/traverse@7.28.6 OK for: @babel/core@7.28.6 want: ^7.28.6
667 silly placeDep ROOT @babel/types@7.28.6 OK for: @babel/core@7.28.6 want: ^7.28.6
668 silly placeDep ROOT @jridgewell/remapping@2.3.5 OK for: @babel/core@7.28.6 want: ^2.3.5
669 silly placeDep ROOT convert-source-map@2.0.0 OK for: @babel/core@7.28.6 want: ^2.0.0
670 silly placeDep ROOT debug@4.4.3 OK for: @babel/core@7.28.6 want: ^4.1.0
671 silly placeDep ROOT gensync@1.0.0-beta.2 OK for: @babel/core@7.28.6 want: ^1.0.0-beta.2
672 silly placeDep ROOT json5@2.2.3 OK for: @babel/core@7.28.6 want: ^2.2.3
673 silly placeDep ROOT semver@6.3.1 OK for: @babel/core@7.28.6 want: ^6.3.1
674 silly fetch manifest @babel/helper-validator-identifier@^7.28.5
675 silly packumentCache full:https://registry.npmjs.org/@babel%2fhelper-validator-identifier cache-miss
676 silly fetch manifest js-tokens@^4.0.0
677 silly packumentCache full:https://registry.npmjs.org/js-tokens cache-miss
678 silly fetch manifest @jridgewell/gen-mapping@^0.3.12
679 silly packumentCache full:https://registry.npmjs.org/@jridgewell%2fgen-mapping cache-miss
680 silly fetch manifest @jridgewell/trace-mapping@^0.3.28
681 silly packumentCache full:https://registry.npmjs.org/@jridgewell%2ftrace-mapping cache-miss
682 silly fetch manifest jsesc@^3.0.2
683 silly packumentCache full:https://registry.npmjs.org/jsesc cache-miss
684 silly fetch manifest @babel/compat-data@^7.28.6
685 silly packumentCache full:https://registry.npmjs.org/@babel%2fcompat-data cache-miss
686 silly fetch manifest @babel/helper-validator-option@^7.27.1
687 silly packumentCache full:https://registry.npmjs.org/@babel%2fhelper-validator-option cache-miss
688 http cache https://registry.npmjs.org/@jridgewell%2fgen-mapping 4ms (cache hit)
689 silly packumentCache full:https://registry.npmjs.org/@jridgewell%2fgen-mapping set size:80719 disposed:false
690 silly fetch manifest browserslist@^4.24.0
691 silly packumentCache full:https://registry.npmjs.org/browserslist cache-hit
692 silly fetch manifest lru-cache@^5.1.1
693 silly packumentCache full:https://registry.npmjs.org/lru-cache cache-miss
694 http cache https://registry.npmjs.org/jsesc 4ms (cache hit)
695 silly packumentCache full:https://registry.npmjs.org/jsesc set size:61512 disposed:false
696 silly fetch manifest @babel/helper-module-imports@^7.28.6
697 silly packumentCache full:https://registry.npmjs.org/@babel%2fhelper-module-imports cache-miss
698 http cache https://registry.npmjs.org/js-tokens 5ms (cache hit)
699 silly packumentCache full:https://registry.npmjs.org/js-tokens set size:41947 disposed:false
700 silly fetch manifest @babel/helper-validator-identifier@^7.28.5
701 silly packumentCache full:https://registry.npmjs.org/@babel%2fhelper-validator-identifier cache-miss
702 http cache https://registry.npmjs.org/@babel%2fhelper-validator-option 5ms (cache hit)
703 silly packumentCache full:https://registry.npmjs.org/@babel%2fhelper-validator-option set size:87094 disposed:false
704 silly fetch manifest @babel/helper-globals@^7.28.0
705 silly packumentCache full:https://registry.npmjs.org/@babel%2fhelper-globals cache-miss
706 http cache https://registry.npmjs.org/@jridgewell%2ftrace-mapping 6ms (cache hit)
707 silly packumentCache full:https://registry.npmjs.org/@jridgewell%2ftrace-mapping set size:170909 disposed:false
708 silly fetch manifest debug@^4.3.1
709 silly packumentCache full:https://registry.npmjs.org/debug cache-hit
710 silly fetch manifest @babel/helper-string-parser@^7.27.1
711 silly packumentCache full:https://registry.npmjs.org/@babel%2fhelper-string-parser cache-miss
712 http cache https://registry.npmjs.org/@babel%2fcompat-data 6ms (cache hit)
713 silly packumentCache full:https://registry.npmjs.org/@babel%2fcompat-data set size:297216 disposed:false
714 silly fetch manifest @babel/helper-validator-identifier@^7.28.5
715 silly packumentCache full:https://registry.npmjs.org/@babel%2fhelper-validator-identifier cache-miss
716 http cache https://registry.npmjs.org/@babel%2fhelper-validator-identifier 8ms (cache hit)
717 silly packumentCache full:https://registry.npmjs.org/@babel%2fhelper-validator-identifier set size:110831 disposed:false
718 silly fetch manifest @jridgewell/gen-mapping@^0.3.5
719 silly packumentCache full:https://registry.npmjs.org/@jridgewell%2fgen-mapping cache-hit
720 silly fetch manifest @jridgewell/trace-mapping@^0.3.24
721 silly packumentCache full:https://registry.npmjs.org/@jridgewell%2ftrace-mapping cache-hit
722 silly fetch manifest ms@^2.1.3
723 silly packumentCache full:https://registry.npmjs.org/ms cache-miss
724 http cache https://registry.npmjs.org/@babel%2fhelper-validator-identifier 5ms (cache hit)
725 silly packumentCache full:https://registry.npmjs.org/@babel%2fhelper-validator-identifier set size:110831 disposed:false
726 silly packumentCache full:https://registry.npmjs.org/@babel%2fhelper-validator-identifier dispose
727 http cache https://registry.npmjs.org/@babel%2fhelper-validator-identifier 3ms (cache hit)
728 silly packumentCache full:https://registry.npmjs.org/@babel%2fhelper-validator-identifier set size:110831 disposed:true
729 silly packumentCache full:https://registry.npmjs.org/@babel%2fhelper-validator-identifier dispose
730 http cache https://registry.npmjs.org/lru-cache 7ms (cache hit)
731 silly packumentCache full:https://registry.npmjs.org/lru-cache set size:406394 disposed:false
732 http cache https://registry.npmjs.org/@babel%2fhelper-module-imports 9ms (cache hit)
733 silly packumentCache full:https://registry.npmjs.org/@babel%2fhelper-module-imports set size:187679 disposed:false
734 http cache https://registry.npmjs.org/@babel%2fhelper-globals 8ms (cache hit)
735 silly packumentCache full:https://registry.npmjs.org/@babel%2fhelper-globals set size:9927 disposed:false
736 http cache https://registry.npmjs.org/ms 5ms (cache hit)
737 silly packumentCache full:https://registry.npmjs.org/ms set size:92208 disposed:false
738 http cache https://registry.npmjs.org/@babel%2fhelper-string-parser 8ms (cache hit)
739 silly packumentCache full:https://registry.npmjs.org/@babel%2fhelper-string-parser set size:76579 disposed:false
740 silly placeDep ROOT @babel/helper-validator-identifier@7.28.5 OK for: @babel/code-frame@7.28.6 want: ^7.28.5
741 silly placeDep ROOT js-tokens@4.0.0 OK for: @babel/code-frame@7.28.6 want: ^4.0.0
742 silly placeDep ROOT picocolors@1.1.1 OK for: @babel/code-frame@7.28.6 want: ^1.1.1
743 silly placeDep ROOT @jridgewell/gen-mapping@0.3.13 OK for: @babel/generator@7.28.6 want: ^0.3.12
744 silly placeDep ROOT @jridgewell/trace-mapping@0.3.31 OK for: @babel/generator@7.28.6 want: ^0.3.28
745 silly placeDep ROOT jsesc@3.1.0 OK for: @babel/generator@7.28.6 want: ^3.0.2
746 silly fetch manifest @jridgewell/sourcemap-codec@^1.5.0
747 silly packumentCache full:https://registry.npmjs.org/@jridgewell%2fsourcemap-codec cache-miss
748 silly fetch manifest @jridgewell/resolve-uri@^3.1.0
749 silly packumentCache full:https://registry.npmjs.org/@jridgewell%2fresolve-uri cache-miss
750 silly fetch manifest @jridgewell/sourcemap-codec@^1.4.14
751 silly packumentCache full:https://registry.npmjs.org/@jridgewell%2fsourcemap-codec cache-miss
752 http cache https://registry.npmjs.org/@jridgewell%2fsourcemap-codec 1ms (cache hit)
753 silly packumentCache full:https://registry.npmjs.org/@jridgewell%2fsourcemap-codec set size:59275 disposed:false
754 http cache https://registry.npmjs.org/@jridgewell%2fresolve-uri 2ms (cache hit)
755 silly packumentCache full:https://registry.npmjs.org/@jridgewell%2fresolve-uri set size:57361 disposed:false
756 http cache https://registry.npmjs.org/@jridgewell%2fsourcemap-codec 2ms (cache hit)
757 silly packumentCache full:https://registry.npmjs.org/@jridgewell%2fsourcemap-codec set size:59275 disposed:false
758 silly packumentCache full:https://registry.npmjs.org/@jridgewell%2fsourcemap-codec dispose
759 silly placeDep ROOT @babel/compat-data@7.28.6 OK for: @babel/helper-compilation-targets@7.28.6 want: ^7.28.6
760 silly placeDep ROOT @babel/helper-validator-option@7.27.1 OK for: @babel/helper-compilation-targets@7.28.6 want: ^7.27.1
761 silly placeDep ROOT browserslist@4.28.1 OK for: @babel/helper-compilation-targets@7.28.6 want: ^4.24.0
762 silly placeDep ROOT lru-cache@5.1.1 OK for: @babel/helper-compilation-targets@7.28.6 want: ^5.1.1
763 silly fetch manifest baseline-browser-mapping@^2.9.0
764 silly packumentCache full:https://registry.npmjs.org/baseline-browser-mapping cache-miss
765 silly fetch manifest caniuse-lite@^1.0.30001759
766 silly packumentCache full:https://registry.npmjs.org/caniuse-lite cache-miss
767 silly fetch manifest electron-to-chromium@^1.5.263
768 silly packumentCache full:https://registry.npmjs.org/electron-to-chromium cache-miss
769 silly fetch manifest node-releases@^2.0.27
770 silly packumentCache full:https://registry.npmjs.org/node-releases cache-miss
771 silly fetch manifest update-browserslist-db@^1.2.0
772 silly packumentCache full:https://registry.npmjs.org/update-browserslist-db cache-miss
773 silly fetch manifest yallist@^3.0.2
774 silly packumentCache full:https://registry.npmjs.org/yallist cache-miss
775 http cache https://registry.npmjs.org/caniuse-lite 5ms (cache hit)
776 silly packumentCache full:https://registry.npmjs.org/caniuse-lite set size:2246509 disposed:false
777 http cache https://registry.npmjs.org/node-releases 11ms (cache hit)
778 silly packumentCache full:https://registry.npmjs.org/node-releases set size:269192 disposed:false
779 http cache https://registry.npmjs.org/baseline-browser-mapping 14ms (cache hit)
780 silly packumentCache full:https://registry.npmjs.org/baseline-browser-mapping set size:382154 disposed:false
781 http cache https://registry.npmjs.org/electron-to-chromium 17ms (cache hit)
782 silly packumentCache full:https://registry.npmjs.org/electron-to-chromium set size:4710773 disposed:false
783 http cache https://registry.npmjs.org/update-browserslist-db 35ms (cache hit)
784 silly packumentCache full:https://registry.npmjs.org/update-browserslist-db set size:62000 disposed:false
785 http cache https://registry.npmjs.org/yallist 42ms (cache hit)
786 silly packumentCache full:https://registry.npmjs.org/yallist set size:34610 disposed:false
787 silly placeDep ROOT @babel/helper-module-imports@7.28.6 OK for: @babel/helper-module-transforms@7.28.6 want: ^7.28.6
788 silly placeDep ROOT @babel/helper-plugin-utils@7.28.6 OK for: @babel/plugin-transform-react-jsx-self@7.27.1 want: ^7.27.1
789 silly placeDep ROOT @babel/helper-globals@7.28.0 OK for: @babel/traverse@7.28.6 want: ^7.28.0
790 silly placeDep ROOT @babel/helper-string-parser@7.27.1 OK for: @babel/types@7.28.6 want: ^7.27.1
791 silly placeDep ROOT @jridgewell/sourcemap-codec@1.5.5 OK for: @jridgewell/gen-mapping@0.3.13 want: ^1.5.0
792 silly placeDep ROOT @jridgewell/resolve-uri@3.1.2 OK for: @jridgewell/trace-mapping@0.3.31 want: ^3.1.0
793 silly placeDep ROOT @types/babel__generator@7.27.0 OK for: @types/babel__core@7.20.5 want: *
794 silly placeDep ROOT @types/babel__template@7.4.4 OK for: @types/babel__core@7.20.5 want: *
795 silly placeDep ROOT @types/babel__traverse@7.28.0 OK for: @types/babel__core@7.20.5 want: *
796 silly placeDep ROOT caniuse-lite@1.0.30001766 OK for: autoprefixer@10.4.23 want: ^1.0.30001760
797 silly placeDep ROOT fraction.js@5.3.4 OK for: autoprefixer@10.4.23 want: ^5.3.4
798 silly placeDep ROOT postcss-value-parser@4.2.0 OK for: autoprefixer@10.4.23 want: ^4.2.0
799 silly fetch manifest browserslist@>= 4.21.0
800 silly packumentCache full:https://registry.npmjs.org/browserslist cache-hit
801 silly placeDep ROOT baseline-browser-mapping@2.9.18 OK for: browserslist@4.28.1 want: ^2.9.0
802 silly placeDep ROOT electron-to-chromium@1.5.278 OK for: browserslist@4.28.1 want: ^1.5.263
803 silly placeDep ROOT node-releases@2.0.27 OK for: browserslist@4.28.1 want: ^2.0.27
804 silly placeDep ROOT update-browserslist-db@1.2.3 OK for: browserslist@4.28.1 want: ^1.2.0
805 silly fetch manifest escalade@^3.2.0
806 silly packumentCache full:https://registry.npmjs.org/escalade cache-miss
807 http cache https://registry.npmjs.org/escalade 2ms (cache hit)
808 silly packumentCache full:https://registry.npmjs.org/escalade set size:33724 disposed:false
809 silly placeDep ROOT ms@2.1.3 OK for: debug@4.4.3 want: ^2.1.3
810 silly fetch manifest eslint@^6.0.0 || ^7.0.0 || >=8.0.0
811 silly packumentCache full:https://registry.npmjs.org/eslint cache-miss
812 http cache https://registry.npmjs.org/eslint 2ms (cache hit)
813 silly packumentCache full:https://registry.npmjs.org/eslint set size:1893750 disposed:false
814 silly placeDep ROOT @eslint-community/eslint-utils@4.9.1 OK for: eslint@9.39.2 want: ^4.8.0
815 silly placeDep ROOT @eslint-community/regexpp@4.12.2 OK for: eslint@9.39.2 want: ^4.12.1
816 silly placeDep ROOT @eslint/config-array@0.21.1 OK for: eslint@9.39.2 want: ^0.21.1
817 silly placeDep ROOT @eslint/config-helpers@0.4.2 OK for: eslint@9.39.2 want: ^0.4.2
818 silly placeDep ROOT @eslint/core@0.17.0 OK for: eslint@9.39.2 want: ^0.17.0
819 silly placeDep ROOT @eslint/eslintrc@3.3.3 OK for: eslint@9.39.2 want: ^3.3.1
820 silly placeDep ROOT @eslint/plugin-kit@0.4.1 OK for: eslint@9.39.2 want: ^0.4.1
821 silly placeDep ROOT @humanfs/node@0.16.7 OK for: eslint@9.39.2 want: ^0.16.6
822 silly placeDep ROOT @humanwhocodes/module-importer@1.0.1 OK for: eslint@9.39.2 want: ^1.0.1
823 silly placeDep ROOT @humanwhocodes/retry@0.4.3 OK for: eslint@9.39.2 want: ^0.4.2
824 silly placeDep ROOT @types/estree@1.0.8 OK for: eslint@9.39.2 want: ^1.0.6
825 silly placeDep ROOT ajv@6.12.6 OK for: eslint@9.39.2 want: ^6.12.4
826 silly placeDep ROOT chalk@4.1.2 OK for: eslint@9.39.2 want: ^4.0.0
827 silly placeDep ROOT cross-spawn@7.0.6 OK for: eslint@9.39.2 want: ^7.0.6
828 silly placeDep ROOT escape-string-regexp@4.0.0 OK for: eslint@9.39.2 want: ^4.0.0
829 silly placeDep ROOT eslint-scope@8.4.0 OK for: eslint@9.39.2 want: ^8.4.0
830 silly placeDep ROOT eslint-visitor-keys@4.2.1 OK for: eslint@9.39.2 want: ^4.2.1
831 silly placeDep ROOT espree@10.4.0 OK for: eslint@9.39.2 want: ^10.4.0
832 silly placeDep ROOT esquery@1.7.0 OK for: eslint@9.39.2 want: ^1.5.0
833 silly placeDep ROOT esutils@2.0.3 OK for: eslint@9.39.2 want: ^2.0.2
834 silly placeDep ROOT fast-deep-equal@3.1.3 OK for: eslint@9.39.2 want: ^3.1.3
835 silly placeDep ROOT file-entry-cache@8.0.0 OK for: eslint@9.39.2 want: ^8.0.0
836 silly placeDep ROOT find-up@5.0.0 OK for: eslint@9.39.2 want: ^5.0.0
837 silly placeDep ROOT glob-parent@6.0.2 OK for: eslint@9.39.2 want: ^6.0.2
838 silly placeDep ROOT ignore@5.3.2 OK for: eslint@9.39.2 want: ^5.2.0
839 silly placeDep ROOT imurmurhash@0.1.4 OK for: eslint@9.39.2 want: ^0.1.4
840 silly placeDep ROOT is-glob@4.0.3 OK for: eslint@9.39.2 want: ^4.0.0
841 silly placeDep ROOT json-stable-stringify-without-jsonify@1.0.1 OK for: eslint@9.39.2 want: ^1.0.1
842 silly placeDep ROOT lodash.merge@4.6.2 OK for: eslint@9.39.2 want: ^4.6.2
843 silly placeDep ROOT minimatch@3.1.2 OK for: eslint@9.39.2 want: ^3.1.2
844 silly placeDep ROOT natural-compare@1.4.0 OK for: eslint@9.39.2 want: ^1.4.0
845 silly placeDep ROOT optionator@0.9.4 OK for: eslint@9.39.2 want: ^0.9.3
846 silly fetch manifest eslint-visitor-keys@^3.4.3
847 silly packumentCache full:https://registry.npmjs.org/eslint-visitor-keys cache-hit
848 silly fetch manifest @eslint/object-schema@^2.1.7
849 silly packumentCache full:https://registry.npmjs.org/@eslint%2fobject-schema cache-miss
850 silly fetch manifest @types/json-schema@^7.0.15
851 silly packumentCache full:https://registry.npmjs.org/@types%2fjson-schema cache-miss
852 silly fetch manifest espree@^10.0.1
853 silly packumentCache full:https://registry.npmjs.org/espree cache-hit
854 silly fetch manifest globals@^14.0.0
855 silly packumentCache full:https://registry.npmjs.org/globals cache-hit
856 silly fetch manifest import-fresh@^3.2.1
857 silly packumentCache full:https://registry.npmjs.org/import-fresh cache-miss
858 silly fetch manifest js-yaml@^4.1.1
859 silly packumentCache full:https://registry.npmjs.org/js-yaml cache-miss
860 silly fetch manifest strip-json-comments@^3.1.1
861 silly packumentCache full:https://registry.npmjs.org/strip-json-comments cache-miss
862 silly fetch manifest levn@^0.4.1
863 silly packumentCache full:https://registry.npmjs.org/levn cache-miss
864 silly fetch manifest @humanwhocodes/retry@^0.4.0
865 silly packumentCache full:https://registry.npmjs.org/@humanwhocodes%2fretry cache-hit
866 silly fetch manifest @humanfs/core@^0.19.1
867 silly packumentCache full:https://registry.npmjs.org/@humanfs%2fcore cache-miss
868 http cache https://registry.npmjs.org/@types%2fjson-schema 4ms (cache hit)
869 silly packumentCache full:https://registry.npmjs.org/@types%2fjson-schema set size:44704 disposed:false
870 silly fetch manifest uri-js@^4.2.2
871 silly packumentCache full:https://registry.npmjs.org/uri-js cache-miss
872 http cache https://registry.npmjs.org/@eslint%2fobject-schema 5ms (cache hit)
873 silly packumentCache full:https://registry.npmjs.org/@eslint%2fobject-schema set size:23821 disposed:false
874 silly fetch manifest fast-deep-equal@^3.1.1
875 silly packumentCache full:https://registry.npmjs.org/fast-deep-equal cache-hit
876 silly fetch manifest json-schema-traverse@^0.4.1
877 silly packumentCache full:https://registry.npmjs.org/json-schema-traverse cache-miss
878 http cache https://registry.npmjs.org/import-fresh 4ms (cache hit)
879 silly packumentCache full:https://registry.npmjs.org/import-fresh set size:21461 disposed:false
880 silly fetch manifest fast-json-stable-stringify@^2.0.0
881 silly packumentCache full:https://registry.npmjs.org/fast-json-stable-stringify cache-miss
882 http cache https://registry.npmjs.org/strip-json-comments 5ms (cache hit)
883 silly packumentCache full:https://registry.npmjs.org/strip-json-comments set size:43569 disposed:false
884 silly fetch manifest ansi-styles@^4.1.0
885 silly packumentCache full:https://registry.npmjs.org/ansi-styles cache-miss
886 http cache https://registry.npmjs.org/js-yaml 5ms (cache hit)
887 silly packumentCache full:https://registry.npmjs.org/js-yaml set size:152232 disposed:false
888 silly fetch manifest supports-color@^7.1.0
889 silly packumentCache full:https://registry.npmjs.org/supports-color cache-miss
890 http cache https://registry.npmjs.org/levn 6ms (cache hit)
891 silly packumentCache full:https://registry.npmjs.org/levn set size:28223 disposed:false
892 silly fetch manifest which@^2.0.1
893 silly packumentCache full:https://registry.npmjs.org/which cache-miss
894 http cache https://registry.npmjs.org/@humanfs%2fcore 7ms (cache hit)
895 silly packumentCache full:https://registry.npmjs.org/@humanfs%2fcore set size:35472 disposed:false
896 silly fetch manifest path-key@^3.1.0
897 silly packumentCache full:https://registry.npmjs.org/path-key cache-miss
898 http cache https://registry.npmjs.org/fast-json-stable-stringify 4ms (cache hit)
899 silly packumentCache full:https://registry.npmjs.org/fast-json-stable-stringify set size:11337 disposed:false
900 silly fetch manifest shebang-command@^2.0.0
901 silly packumentCache full:https://registry.npmjs.org/shebang-command cache-miss
902 http cache https://registry.npmjs.org/json-schema-traverse 5ms (cache hit)
903 silly packumentCache full:https://registry.npmjs.org/json-schema-traverse set size:23537 disposed:false
904 silly fetch manifest esrecurse@^4.3.0
905 silly packumentCache full:https://registry.npmjs.org/esrecurse cache-miss
906 http cache https://registry.npmjs.org/uri-js 5ms (cache hit)
907 silly packumentCache full:https://registry.npmjs.org/uri-js set size:42559 disposed:false
908 silly fetch manifest estraverse@^5.2.0
909 silly packumentCache full:https://registry.npmjs.org/estraverse cache-miss
910 http cache https://registry.npmjs.org/ansi-styles 5ms (cache hit)
911 silly packumentCache full:https://registry.npmjs.org/ansi-styles set size:63233 disposed:false
912 silly fetch manifest acorn@^8.15.0
913 silly packumentCache full:https://registry.npmjs.org/acorn cache-miss
914 http cache https://registry.npmjs.org/supports-color 5ms (cache hit)
915 silly packumentCache full:https://registry.npmjs.org/supports-color set size:118680 disposed:false
916 silly fetch manifest acorn-jsx@^5.3.2
917 silly packumentCache full:https://registry.npmjs.org/acorn-jsx cache-miss
918 http cache https://registry.npmjs.org/which 4ms (cache hit)
919 silly packumentCache full:https://registry.npmjs.org/which set size:65264 disposed:false
920 silly fetch manifest estraverse@^5.1.0
921 silly packumentCache full:https://registry.npmjs.org/estraverse cache-miss
922 http cache https://registry.npmjs.org/path-key 5ms (cache hit)
923 silly packumentCache full:https://registry.npmjs.org/path-key set size:16975 disposed:false
924 silly fetch manifest flat-cache@^4.0.0
925 silly packumentCache full:https://registry.npmjs.org/flat-cache cache-miss
926 http cache https://registry.npmjs.org/shebang-command 4ms (cache hit)
927 silly packumentCache full:https://registry.npmjs.org/shebang-command set size:8525 disposed:false
928 silly fetch manifest locate-path@^6.0.0
929 silly packumentCache full:https://registry.npmjs.org/locate-path cache-miss
930 http cache https://registry.npmjs.org/esrecurse 5ms (cache hit)
931 silly packumentCache full:https://registry.npmjs.org/esrecurse set size:29005 disposed:false
932 silly fetch manifest path-exists@^4.0.0
933 silly packumentCache full:https://registry.npmjs.org/path-exists cache-miss
934 http cache https://registry.npmjs.org/estraverse 4ms (cache hit)
935 silly packumentCache full:https://registry.npmjs.org/estraverse set size:62412 disposed:false
936 silly fetch manifest is-extglob@^2.1.1
937 silly packumentCache full:https://registry.npmjs.org/is-extglob cache-miss
938 http cache https://registry.npmjs.org/estraverse 3ms (cache hit)
939 silly packumentCache full:https://registry.npmjs.org/estraverse set size:62412 disposed:false
940 silly packumentCache full:https://registry.npmjs.org/estraverse dispose
941 silly fetch manifest brace-expansion@^1.1.7
942 silly packumentCache full:https://registry.npmjs.org/brace-expansion cache-miss
943 http cache https://registry.npmjs.org/acorn-jsx 5ms (cache hit)
944 silly packumentCache full:https://registry.npmjs.org/acorn-jsx set size:71068 disposed:false
945 silly fetch manifest prelude-ls@^1.2.1
946 silly packumentCache full:https://registry.npmjs.org/prelude-ls cache-miss
947 http cache https://registry.npmjs.org/flat-cache 4ms (cache hit)
948 silly packumentCache full:https://registry.npmjs.org/flat-cache set size:164041 disposed:false
949 silly fetch manifest deep-is@^0.1.3
950 silly packumentCache full:https://registry.npmjs.org/deep-is cache-miss
951 http cache https://registry.npmjs.org/acorn 7ms (cache hit)
952 silly packumentCache full:https://registry.npmjs.org/acorn set size:377362 disposed:false
953 silly fetch manifest word-wrap@^1.2.5
954 silly packumentCache full:https://registry.npmjs.org/word-wrap cache-miss
955 http cache https://registry.npmjs.org/locate-path 7ms (cache hit)
956 silly packumentCache full:https://registry.npmjs.org/locate-path set size:31329 disposed:false
957 silly fetch manifest type-check@^0.4.0
958 silly packumentCache full:https://registry.npmjs.org/type-check cache-miss
959 http cache https://registry.npmjs.org/path-exists 7ms (cache hit)
960 silly packumentCache full:https://registry.npmjs.org/path-exists set size:13704 disposed:false
961 silly fetch manifest fast-levenshtein@^2.0.6
962 silly packumentCache full:https://registry.npmjs.org/fast-levenshtein cache-miss
963 http cache https://registry.npmjs.org/is-extglob 7ms (cache hit)
964 silly packumentCache full:https://registry.npmjs.org/is-extglob set size:11766 disposed:false
965 http cache https://registry.npmjs.org/brace-expansion 7ms (cache hit)
966 silly packumentCache full:https://registry.npmjs.org/brace-expansion set size:46250 disposed:false
967 http cache https://registry.npmjs.org/prelude-ls 7ms (cache hit)
968 silly packumentCache full:https://registry.npmjs.org/prelude-ls set size:25777 disposed:false
969 http cache https://registry.npmjs.org/deep-is 6ms (cache hit)
970 silly packumentCache full:https://registry.npmjs.org/deep-is set size:10205 disposed:false
971 http cache https://registry.npmjs.org/word-wrap 4ms (cache hit)
972 silly packumentCache full:https://registry.npmjs.org/word-wrap set size:37835 disposed:false
973 http cache https://registry.npmjs.org/fast-levenshtein 2ms (cache hit)
974 silly packumentCache full:https://registry.npmjs.org/fast-levenshtein set size:39317 disposed:false
975 http cache https://registry.npmjs.org/type-check 3ms (cache hit)
976 silly packumentCache full:https://registry.npmjs.org/type-check set size:21221 disposed:false
977 silly placeDep node_modules/@eslint-community/eslint-utils eslint-visitor-keys@3.4.3 OK for: @eslint-community/eslint-utils@4.9.1 want: ^3.4.3
978 silly placeDep ROOT @eslint/object-schema@2.1.7 OK for: @eslint/config-array@0.21.1 want: ^2.1.7
979 silly placeDep ROOT @types/json-schema@7.0.15 OK for: @eslint/core@0.17.0 want: ^7.0.15
980 silly placeDep node_modules/@eslint/eslintrc globals@14.0.0 OK for: @eslint/eslintrc@3.3.3 want: ^14.0.0
981 silly placeDep ROOT import-fresh@3.3.1 OK for: @eslint/eslintrc@3.3.3 want: ^3.2.1
982 silly placeDep ROOT js-yaml@4.1.1 OK for: @eslint/eslintrc@3.3.3 want: ^4.1.1
983 silly placeDep ROOT strip-json-comments@3.1.1 OK for: @eslint/eslintrc@3.3.3 want: ^3.1.1
984 silly fetch manifest parent-module@^1.0.0
985 silly packumentCache full:https://registry.npmjs.org/parent-module cache-miss
986 silly fetch manifest resolve-from@^4.0.0
987 silly packumentCache full:https://registry.npmjs.org/resolve-from cache-miss
988 silly fetch manifest argparse@^2.0.1
989 silly packumentCache full:https://registry.npmjs.org/argparse cache-miss
990 http cache https://registry.npmjs.org/parent-module 1ms (cache hit)
991 silly packumentCache full:https://registry.npmjs.org/parent-module set size:18255 disposed:false
992 http cache https://registry.npmjs.org/resolve-from 1ms (cache hit)
993 silly packumentCache full:https://registry.npmjs.org/resolve-from set size:12911 disposed:false
994 http cache https://registry.npmjs.org/argparse 2ms (cache hit)
995 silly packumentCache full:https://registry.npmjs.org/argparse set size:49266 disposed:false
996 silly placeDep ROOT levn@0.4.1 OK for: @eslint/plugin-kit@0.4.1 want: ^0.4.1
997 silly fetch manifest type-check@~0.4.0
998 silly packumentCache full:https://registry.npmjs.org/type-check cache-hit
999 silly placeDep ROOT @humanfs/core@0.19.1 OK for: @humanfs/node@0.16.7 want: ^0.19.1
1000 silly placeDep ROOT fast-json-stable-stringify@2.1.0 OK for: ajv@6.12.6 want: ^2.0.0
1001 silly placeDep ROOT json-schema-traverse@0.4.1 OK for: ajv@6.12.6 want: ^0.4.1
1002 silly placeDep ROOT uri-js@4.4.1 OK for: ajv@6.12.6 want: ^4.2.2
1003 silly fetch manifest punycode@^2.1.0
1004 silly packumentCache full:https://registry.npmjs.org/punycode cache-miss
1005 http cache https://registry.npmjs.org/punycode 1ms (cache hit)
1006 silly packumentCache full:https://registry.npmjs.org/punycode set size:61302 disposed:false
1007 silly placeDep ROOT ansi-styles@4.3.0 OK for: chalk@4.1.2 want: ^4.1.0
1008 silly placeDep ROOT supports-color@7.2.0 OK for: chalk@4.1.2 want: ^7.1.0
1009 silly fetch manifest color-convert@^2.0.1
1010 silly packumentCache full:https://registry.npmjs.org/color-convert cache-miss
1011 silly fetch manifest has-flag@^4.0.0
1012 silly packumentCache full:https://registry.npmjs.org/has-flag cache-miss
1013 http cache https://registry.npmjs.org/has-flag 1ms (cache hit)
1014 silly packumentCache full:https://registry.npmjs.org/has-flag set size:15180 disposed:false
1015 http cache https://registry.npmjs.org/color-convert 1ms (cache hit)
1016 silly packumentCache full:https://registry.npmjs.org/color-convert set size:72663 disposed:false
1017 silly placeDep ROOT color-convert@2.0.1 OK for: ansi-styles@4.3.0 want: ^2.0.1
1018 silly fetch manifest color-name@~1.1.4
1019 silly packumentCache full:https://registry.npmjs.org/color-name cache-miss
1020 http cache https://registry.npmjs.org/color-name 1ms (cache hit)
1021 silly packumentCache full:https://registry.npmjs.org/color-name set size:19467 disposed:false
1022 silly placeDep ROOT color-name@1.1.4 OK for: color-convert@2.0.1 want: ~1.1.4
1023 silly placeDep ROOT path-key@3.1.1 OK for: cross-spawn@7.0.6 want: ^3.1.0
1024 silly placeDep ROOT shebang-command@2.0.0 OK for: cross-spawn@7.0.6 want: ^2.0.0
1025 silly placeDep ROOT which@2.0.2 OK for: cross-spawn@7.0.6 want: ^2.0.1
1026 silly fetch manifest shebang-regex@^3.0.0
1027 silly packumentCache full:https://registry.npmjs.org/shebang-regex cache-miss
1028 silly fetch manifest isexe@^2.0.0
1029 silly packumentCache full:https://registry.npmjs.org/isexe cache-miss
1030 http cache https://registry.npmjs.org/isexe 0ms (cache hit)
1031 silly packumentCache full:https://registry.npmjs.org/isexe set size:19340 disposed:false
1032 http cache https://registry.npmjs.org/shebang-regex 1ms (cache hit)
1033 silly packumentCache full:https://registry.npmjs.org/shebang-regex set size:9763 disposed:false
1034 silly placeDep ROOT esrecurse@4.3.0 OK for: eslint-scope@8.4.0 want: ^4.3.0
1035 silly placeDep ROOT estraverse@5.3.0 OK for: eslint-scope@8.4.0 want: ^5.2.0
1036 silly placeDep ROOT acorn@8.15.0 OK for: espree@10.4.0 want: ^8.15.0
1037 silly placeDep ROOT acorn-jsx@5.3.2 OK for: espree@10.4.0 want: ^5.3.2
1038 silly placeDep ROOT flat-cache@4.0.1 OK for: file-entry-cache@8.0.0 want: ^4.0.0
1039 silly fetch manifest keyv@^4.5.4
1040 silly packumentCache full:https://registry.npmjs.org/keyv cache-miss
1041 silly fetch manifest flatted@^3.2.9
1042 silly packumentCache full:https://registry.npmjs.org/flatted cache-miss
1043 http cache https://registry.npmjs.org/flatted 3ms (cache hit)
1044 silly packumentCache full:https://registry.npmjs.org/flatted set size:126610 disposed:false
1045 http cache https://registry.npmjs.org/keyv 3ms (cache hit)
1046 silly packumentCache full:https://registry.npmjs.org/keyv set size:235223 disposed:false
1047 silly placeDep ROOT locate-path@6.0.0 OK for: find-up@5.0.0 want: ^6.0.0
1048 silly placeDep ROOT path-exists@4.0.0 OK for: find-up@5.0.0 want: ^4.0.0
1049 silly fetch manifest p-locate@^5.0.0
1050 silly packumentCache full:https://registry.npmjs.org/p-locate cache-miss
1051 http cache https://registry.npmjs.org/p-locate 1ms (cache hit)
1052 silly packumentCache full:https://registry.npmjs.org/p-locate set size:20789 disposed:false
1053 silly placeDep ROOT flatted@3.3.3 OK for: flat-cache@4.0.1 want: ^3.2.9
1054 silly placeDep ROOT keyv@4.5.4 OK for: flat-cache@4.0.1 want: ^4.5.4
1055 silly fetch manifest json-buffer@3.0.1
1056 silly packumentCache full:https://registry.npmjs.org/json-buffer cache-miss
1057 http cache https://registry.npmjs.org/json-buffer 0ms (cache hit)
1058 silly packumentCache full:https://registry.npmjs.org/json-buffer set size:23474 disposed:false
1059 silly placeDep ROOT parent-module@1.0.1 OK for: import-fresh@3.3.1 want: ^1.0.0
1060 silly placeDep ROOT resolve-from@4.0.0 OK for: import-fresh@3.3.1 want: ^4.0.0
1061 silly fetch manifest callsites@^3.0.0
1062 silly packumentCache full:https://registry.npmjs.org/callsites cache-miss
1063 http cache https://registry.npmjs.org/callsites 1ms (cache hit)
1064 silly packumentCache full:https://registry.npmjs.org/callsites set size:21349 disposed:false
1065 silly placeDep ROOT is-extglob@2.1.1 OK for: is-glob@4.0.3 want: ^2.1.1
1066 silly placeDep ROOT argparse@2.0.1 OK for: js-yaml@4.1.1 want: ^2.0.1
1067 silly placeDep ROOT json-buffer@3.0.1 OK for: keyv@4.5.4 want: 3.0.1
1068 silly placeDep ROOT prelude-ls@1.2.1 OK for: levn@0.4.1 want: ^1.2.1
1069 silly placeDep ROOT type-check@0.4.0 OK for: levn@0.4.1 want: ~0.4.0
1070 silly placeDep ROOT p-locate@5.0.0 OK for: locate-path@6.0.0 want: ^5.0.0
1071 silly fetch manifest p-limit@^3.0.2
1072 silly packumentCache full:https://registry.npmjs.org/p-limit cache-miss
1073 http cache https://registry.npmjs.org/p-limit 1ms (cache hit)
1074 silly packumentCache full:https://registry.npmjs.org/p-limit set size:58608 disposed:false
1075 silly placeDep ROOT yallist@3.1.1 OK for: lru-cache@5.1.1 want: ^3.0.2
1076 silly placeDep ROOT brace-expansion@1.1.12 OK for: minimatch@3.1.2 want: ^1.1.7
1077 silly fetch manifest balanced-match@^1.0.0
1078 silly packumentCache full:https://registry.npmjs.org/balanced-match cache-miss
1079 silly fetch manifest concat-map@0.0.1
1080 silly packumentCache full:https://registry.npmjs.org/concat-map cache-miss
1081 http cache https://registry.npmjs.org/concat-map 2ms (cache hit)
1082 silly packumentCache full:https://registry.npmjs.org/concat-map set size:9290 disposed:false
1083 http cache https://registry.npmjs.org/balanced-match 2ms (cache hit)
1084 silly packumentCache full:https://registry.npmjs.org/balanced-match set size:33860 disposed:false
1085 silly placeDep ROOT balanced-match@1.0.2 OK for: brace-expansion@1.1.12 want: ^1.0.0
1086 silly placeDep ROOT concat-map@0.0.1 OK for: brace-expansion@1.1.12 want: 0.0.1
1087 silly placeDep ROOT deep-is@0.1.4 OK for: optionator@0.9.4 want: ^0.1.3
1088 silly placeDep ROOT fast-levenshtein@2.0.6 OK for: optionator@0.9.4 want: ^2.0.6
1089 silly placeDep ROOT word-wrap@1.2.5 OK for: optionator@0.9.4 want: ^1.2.5
1090 silly placeDep ROOT p-limit@3.1.0 OK for: p-locate@5.0.0 want: ^3.0.2
1091 silly fetch manifest yocto-queue@^0.1.0
1092 silly packumentCache full:https://registry.npmjs.org/yocto-queue cache-miss
1093 http cache https://registry.npmjs.org/yocto-queue 1ms (cache hit)
1094 silly packumentCache full:https://registry.npmjs.org/yocto-queue set size:20256 disposed:false
1095 silly placeDep ROOT yocto-queue@0.1.0 OK for: p-limit@3.1.0 want: ^0.1.0
1096 silly placeDep ROOT callsites@3.1.0 OK for: parent-module@1.0.1 want: ^3.0.0
1097 silly placeDep ROOT nanoid@3.3.11 OK for: postcss@8.5.6 want: ^3.3.11
1098 silly placeDep ROOT source-map-js@1.2.1 OK for: postcss@8.5.6 want: ^1.2.1
1099 silly placeDep ROOT loose-envify@1.4.0 OK for: react@18.3.1 want: ^1.1.0
1100 silly placeDep ROOT scheduler@0.23.2 OK for: react-dom@18.3.1 want: ^0.23.2
1101 silly placeDep ROOT shebang-regex@3.0.0 OK for: shebang-command@2.0.0 want: ^3.0.0
1102 silly placeDep ROOT has-flag@4.0.0 OK for: supports-color@7.2.0 want: ^4.0.0
1103 silly fetch manifest postcss@^8.4.47
1104 silly packumentCache full:https://registry.npmjs.org/postcss cache-hit
1105 silly placeDep ROOT @alloc/quick-lru@5.2.0 OK for: tailwindcss@3.4.19 want: ^5.2.0
1106 silly placeDep ROOT arg@5.0.2 OK for: tailwindcss@3.4.19 want: ^5.0.2
1107 silly placeDep ROOT chokidar@3.6.0 OK for: tailwindcss@3.4.19 want: ^3.6.0
1108 silly placeDep ROOT didyoumean@1.2.2 OK for: tailwindcss@3.4.19 want: ^1.2.2
1109 silly placeDep ROOT dlv@1.1.3 OK for: tailwindcss@3.4.19 want: ^1.1.3
1110 silly placeDep ROOT fast-glob@3.3.3 OK for: tailwindcss@3.4.19 want: ^3.3.2
1111 silly placeDep ROOT jiti@1.21.7 OK for: tailwindcss@3.4.19 want: ^1.21.7
1112 silly placeDep ROOT lilconfig@3.1.3 OK for: tailwindcss@3.4.19 want: ^3.1.3
1113 silly placeDep ROOT micromatch@4.0.8 OK for: tailwindcss@3.4.19 want: ^4.0.8
1114 silly placeDep ROOT normalize-path@3.0.0 OK for: tailwindcss@3.4.19 want: ^3.0.0
1115 silly placeDep ROOT object-hash@3.0.0 OK for: tailwindcss@3.4.19 want: ^3.0.0
1116 silly placeDep ROOT postcss-import@15.1.0 OK for: tailwindcss@3.4.19 want: ^15.1.0
1117 silly placeDep ROOT postcss-js@4.1.0 OK for: tailwindcss@3.4.19 want: ^4.0.1
1118 silly placeDep ROOT postcss-load-config@6.0.1 OK for: tailwindcss@3.4.19 want: ^4.0.2 || ^5.0 || ^6.0
1119 silly placeDep ROOT postcss-nested@6.2.0 OK for: tailwindcss@3.4.19 want: ^6.2.0
1120 silly placeDep ROOT postcss-selector-parser@6.1.2 OK for: tailwindcss@3.4.19 want: ^6.1.2
1121 silly placeDep ROOT resolve@1.22.11 OK for: tailwindcss@3.4.19 want: ^1.22.8
1122 silly placeDep ROOT sucrase@3.35.1 OK for: tailwindcss@3.4.19 want: ^3.35.0
1123 silly fetch manifest braces@~3.0.2
1124 silly packumentCache full:https://registry.npmjs.org/braces cache-miss
1125 silly fetch manifest anymatch@~3.1.2
1126 silly packumentCache full:https://registry.npmjs.org/anymatch cache-miss
1127 silly fetch manifest readdirp@~3.6.0
1128 silly packumentCache full:https://registry.npmjs.org/readdirp cache-miss
1129 silly fetch manifest glob-parent@~5.1.2
1130 silly packumentCache full:https://registry.npmjs.org/glob-parent cache-hit
1131 silly fetch manifest is-binary-path@~2.1.0
1132 silly packumentCache full:https://registry.npmjs.org/is-binary-path cache-miss
1133 silly fetch manifest normalize-path@~3.0.0
1134 silly packumentCache full:https://registry.npmjs.org/normalize-path cache-hit
1135 silly fetch manifest fsevents@~2.3.2
1136 silly packumentCache full:https://registry.npmjs.org/fsevents cache-hit
1137 silly fetch manifest @nodelib/fs.stat@^2.0.2
1138 silly packumentCache full:https://registry.npmjs.org/@nodelib%2ffs.stat cache-miss
1139 silly fetch manifest @nodelib/fs.walk@^1.2.3
1140 silly packumentCache full:https://registry.npmjs.org/@nodelib%2ffs.walk cache-miss
1141 silly fetch manifest glob-parent@^5.1.2
1142 silly packumentCache full:https://registry.npmjs.org/glob-parent cache-hit
1143 silly fetch manifest merge2@^1.3.0
1144 silly packumentCache full:https://registry.npmjs.org/merge2 cache-miss
1145 http cache https://registry.npmjs.org/anymatch 4ms (cache hit)
1146 silly packumentCache full:https://registry.npmjs.org/anymatch set size:42974 disposed:false
1147 silly fetch manifest braces@^3.0.3
1148 silly packumentCache full:https://registry.npmjs.org/braces cache-miss
1149 http cache https://registry.npmjs.org/is-binary-path 4ms (cache hit)
1150 silly packumentCache full:https://registry.npmjs.org/is-binary-path set size:13475 disposed:false
1151 silly fetch manifest picomatch@^2.3.1
1152 silly packumentCache full:https://registry.npmjs.org/picomatch cache-hit
1153 silly fetch manifest resolve@^1.1.7
1154 silly packumentCache full:https://registry.npmjs.org/resolve cache-hit
1155 silly fetch manifest read-cache@^1.0.0
1156 silly packumentCache full:https://registry.npmjs.org/read-cache cache-miss
1157 http cache https://registry.npmjs.org/readdirp 5ms (cache hit)
1158 silly packumentCache full:https://registry.npmjs.org/readdirp set size:107589 disposed:false
1159 silly fetch manifest camelcase-css@^2.0.1
1160 silly packumentCache full:https://registry.npmjs.org/camelcase-css cache-miss
1161 http cache https://registry.npmjs.org/merge2 4ms (cache hit)
1162 silly packumentCache full:https://registry.npmjs.org/merge2 set size:46159 disposed:false
1163 silly fetch manifest postcss-selector-parser@^6.1.1
1164 silly packumentCache full:https://registry.npmjs.org/postcss-selector-parser cache-hit
1165 silly fetch manifest cssesc@^3.0.0
1166 silly packumentCache full:https://registry.npmjs.org/cssesc cache-miss
1167 http cache https://registry.npmjs.org/@nodelib%2ffs.stat 6ms (cache hit)
1168 silly packumentCache full:https://registry.npmjs.org/@nodelib%2ffs.stat set size:36993 disposed:false
1169 silly fetch manifest util-deprecate@^1.0.2
1170 silly packumentCache full:https://registry.npmjs.org/util-deprecate cache-miss
1171 http cache https://registry.npmjs.org/@nodelib%2ffs.walk 6ms (cache hit)
1172 silly packumentCache full:https://registry.npmjs.org/@nodelib%2ffs.walk set size:41589 disposed:false
1173 silly fetch manifest is-core-module@^2.16.1
1174 silly packumentCache full:https://registry.npmjs.org/is-core-module cache-miss
1175 http cache https://registry.npmjs.org/braces 7ms (cache hit)
1176 silly packumentCache full:https://registry.npmjs.org/braces set size:114529 disposed:false
1177 silly fetch manifest path-parse@^1.0.7
1178 silly packumentCache full:https://registry.npmjs.org/path-parse cache-miss
1179 http cache https://registry.npmjs.org/braces 5ms (cache hit)
1180 silly packumentCache full:https://registry.npmjs.org/braces set size:114529 disposed:false
1181 silly packumentCache full:https://registry.npmjs.org/braces dispose
1182 silly fetch manifest supports-preserve-symlinks-flag@^1.0.0
1183 silly packumentCache full:https://registry.npmjs.org/supports-preserve-symlinks-flag cache-miss
1184 http cache https://registry.npmjs.org/camelcase-css 5ms (cache hit)
1185 silly packumentCache full:https://registry.npmjs.org/camelcase-css set size:9392 disposed:false
1186 silly fetch manifest commander@^4.0.0
1187 silly packumentCache full:https://registry.npmjs.org/commander cache-miss
1188 http cache https://registry.npmjs.org/read-cache 5ms (cache hit)
1189 silly packumentCache full:https://registry.npmjs.org/read-cache set size:3003 disposed:false
1190 silly fetch manifest lines-and-columns@^1.1.6
1191 silly packumentCache full:https://registry.npmjs.org/lines-and-columns cache-miss
1192 http cache https://registry.npmjs.org/util-deprecate 4ms (cache hit)
1193 silly packumentCache full:https://registry.npmjs.org/util-deprecate set size:6674 disposed:false
1194 silly fetch manifest mz@^2.7.0
1195 silly packumentCache full:https://registry.npmjs.org/mz cache-miss
1196 http cache https://registry.npmjs.org/cssesc 5ms (cache hit)
1197 silly packumentCache full:https://registry.npmjs.org/cssesc set size:18815 disposed:false
1198 silly fetch manifest pirates@^4.0.1
1199 silly packumentCache full:https://registry.npmjs.org/pirates cache-miss
1200 http cache https://registry.npmjs.org/is-core-module 4ms (cache hit)
1201 silly packumentCache full:https://registry.npmjs.org/is-core-module set size:71788 disposed:false
1202 silly fetch manifest tinyglobby@^0.2.11
1203 silly packumentCache full:https://registry.npmjs.org/tinyglobby cache-hit
1204 silly fetch manifest ts-interface-checker@^0.1.9
1205 silly packumentCache full:https://registry.npmjs.org/ts-interface-checker cache-miss
1206 http cache https://registry.npmjs.org/path-parse 5ms (cache hit)
1207 silly packumentCache full:https://registry.npmjs.org/path-parse set size:14523 disposed:false
1208 http cache https://registry.npmjs.org/commander 5ms (cache hit)
1209 silly packumentCache full:https://registry.npmjs.org/commander set size:345426 disposed:false
1210 http cache https://registry.npmjs.org/lines-and-columns 7ms (cache hit)
1211 silly packumentCache full:https://registry.npmjs.org/lines-and-columns set size:73796 disposed:false
1212 http cache https://registry.npmjs.org/supports-preserve-symlinks-flag 7ms (cache hit)
1213 silly packumentCache full:https://registry.npmjs.org/supports-preserve-symlinks-flag set size:6802 disposed:false
1214 http cache https://registry.npmjs.org/mz 7ms (cache hit)
1215 silly packumentCache full:https://registry.npmjs.org/mz set size:42731 disposed:false
1216 http cache https://registry.npmjs.org/pirates 7ms (cache hit)
1217 silly packumentCache full:https://registry.npmjs.org/pirates set size:51327 disposed:false
1218 http cache https://registry.npmjs.org/ts-interface-checker 6ms (cache hit)
1219 silly packumentCache full:https://registry.npmjs.org/ts-interface-checker set size:58946 disposed:false
1220 silly placeDep ROOT anymatch@3.1.3 OK for: chokidar@3.6.0 want: ~3.1.2
1221 silly placeDep ROOT braces@3.0.3 OK for: chokidar@3.6.0 want: ~3.0.2
1222 silly placeDep ROOT fsevents@2.3.3 OK for: chokidar@3.6.0 want: ~2.3.2
1223 silly placeDep node_modules/chokidar glob-parent@5.1.2 OK for: chokidar@3.6.0 want: ~5.1.2
1224 silly placeDep ROOT is-binary-path@2.1.0 OK for: chokidar@3.6.0 want: ~2.1.0
1225 silly placeDep ROOT readdirp@3.6.0 OK for: chokidar@3.6.0 want: ~3.6.0
1226 silly fetch manifest picomatch@^2.0.4
1227 silly packumentCache full:https://registry.npmjs.org/picomatch cache-hit
1228 silly fetch manifest fill-range@^7.1.1
1229 silly packumentCache full:https://registry.npmjs.org/fill-range cache-miss
1230 silly fetch manifest binary-extensions@^2.0.0
1231 silly packumentCache full:https://registry.npmjs.org/binary-extensions cache-miss
1232 silly fetch manifest picomatch@^2.2.1
1233 silly packumentCache full:https://registry.npmjs.org/picomatch cache-hit
1234 http cache https://registry.npmjs.org/binary-extensions 2ms (cache hit)
1235 silly packumentCache full:https://registry.npmjs.org/binary-extensions set size:51551 disposed:false
1236 http cache https://registry.npmjs.org/fill-range 2ms (cache hit)
1237 silly packumentCache full:https://registry.npmjs.org/fill-range set size:90212 disposed:false
1238 silly placeDep ROOT picomatch@2.3.1 OK for: anymatch@3.1.3 want: ^2.0.4
1239 silly placeDep ROOT fill-range@7.1.1 OK for: braces@3.0.3 want: ^7.1.1
1240 silly fetch manifest to-regex-range@^5.0.1
1241 silly packumentCache full:https://registry.npmjs.org/to-regex-range cache-miss
1242 http cache https://registry.npmjs.org/to-regex-range 0ms (cache hit)
1243 silly packumentCache full:https://registry.npmjs.org/to-regex-range set size:61569 disposed:false
1244 silly placeDep ROOT @nodelib/fs.stat@2.0.5 OK for: fast-glob@3.3.3 want: ^2.0.2
1245 silly placeDep ROOT @nodelib/fs.walk@1.2.8 OK for: fast-glob@3.3.3 want: ^1.2.3
1246 silly placeDep node_modules/fast-glob glob-parent@5.1.2 OK for: fast-glob@3.3.3 want: ^5.1.2
1247 silly placeDep ROOT merge2@1.4.1 OK for: fast-glob@3.3.3 want: ^1.3.0
1248 silly fetch manifest fastq@^1.6.0
1249 silly packumentCache full:https://registry.npmjs.org/fastq cache-miss
1250 silly fetch manifest @nodelib/fs.scandir@2.1.5
1251 silly packumentCache full:https://registry.npmjs.org/@nodelib%2ffs.scandir cache-miss
1252 http cache https://registry.npmjs.org/fastq 1ms (cache hit)
1253 silly packumentCache full:https://registry.npmjs.org/fastq set size:78301 disposed:false
1254 http cache https://registry.npmjs.org/@nodelib%2ffs.scandir 1ms (cache hit)
1255 silly packumentCache full:https://registry.npmjs.org/@nodelib%2ffs.scandir set size:49256 disposed:false
1256 silly placeDep ROOT @nodelib/fs.scandir@2.1.5 OK for: @nodelib/fs.walk@1.2.8 want: 2.1.5
1257 silly placeDep ROOT fastq@1.20.1 OK for: @nodelib/fs.walk@1.2.8 want: ^1.6.0
1258 silly fetch manifest run-parallel@^1.1.9
1259 silly packumentCache full:https://registry.npmjs.org/run-parallel cache-miss
1260 silly fetch manifest reusify@^1.0.4
1261 silly packumentCache full:https://registry.npmjs.org/reusify cache-miss
1262 http cache https://registry.npmjs.org/reusify 1ms (cache hit)
1263 silly packumentCache full:https://registry.npmjs.org/reusify set size:14249 disposed:false
1264 http cache https://registry.npmjs.org/run-parallel 1ms (cache hit)
1265 silly packumentCache full:https://registry.npmjs.org/run-parallel set size:35172 disposed:false
1266 silly placeDep ROOT run-parallel@1.2.0 OK for: @nodelib/fs.scandir@2.1.5 want: ^1.1.9
1267 silly fetch manifest queue-microtask@^1.2.2
1268 silly packumentCache full:https://registry.npmjs.org/queue-microtask cache-miss
1269 http cache https://registry.npmjs.org/queue-microtask 0ms (cache hit)
1270 silly packumentCache full:https://registry.npmjs.org/queue-microtask set size:36088 disposed:false
1271 silly placeDep ROOT reusify@1.1.0 OK for: fastq@1.20.1 want: ^1.0.4
1272 silly placeDep ROOT to-regex-range@5.0.1 OK for: fill-range@7.1.1 want: ^5.0.1
1273 silly fetch manifest is-number@^7.0.0
1274 silly packumentCache full:https://registry.npmjs.org/is-number cache-miss
1275 http cache https://registry.npmjs.org/is-number 1ms (cache hit)
1276 silly packumentCache full:https://registry.npmjs.org/is-number set size:36183 disposed:false
1277 silly placeDep ROOT binary-extensions@2.3.0 OK for: is-binary-path@2.1.0 want: ^2.0.0
1278 silly placeDep ROOT read-cache@1.0.0 OK for: postcss-import@15.1.0 want: ^1.0.0
1279 silly fetch manifest pify@^2.3.0
1280 silly packumentCache full:https://registry.npmjs.org/pify cache-miss
1281 http cache https://registry.npmjs.org/pify 1ms (cache hit)
1282 silly packumentCache full:https://registry.npmjs.org/pify set size:33583 disposed:false
1283 silly placeDep ROOT camelcase-css@2.0.1 OK for: postcss-js@4.1.0 want: ^2.0.1
1284 silly placeDep ROOT cssesc@3.0.0 OK for: postcss-selector-parser@6.1.2 want: ^3.0.0
1285 silly placeDep ROOT util-deprecate@1.0.2 OK for: postcss-selector-parser@6.1.2 want: ^1.0.2
1286 silly placeDep ROOT pify@2.3.0 OK for: read-cache@1.0.0 want: ^2.3.0
1287 silly placeDep ROOT is-core-module@2.16.1 OK for: resolve@1.22.11 want: ^2.16.1
1288 silly placeDep ROOT path-parse@1.0.7 OK for: resolve@1.22.11 want: ^1.0.7
1289 silly placeDep ROOT supports-preserve-symlinks-flag@1.0.0 OK for: resolve@1.22.11 want: ^1.0.0
1290 silly fetch manifest hasown@^2.0.2
1291 silly packumentCache full:https://registry.npmjs.org/hasown cache-miss
1292 http cache https://registry.npmjs.org/hasown 1ms (cache hit)
1293 silly packumentCache full:https://registry.npmjs.org/hasown set size:12476 disposed:false
1294 silly placeDep ROOT hasown@2.0.2 OK for: is-core-module@2.16.1 want: ^2.0.2
1295 silly fetch manifest function-bind@^1.1.2
1296 silly packumentCache full:https://registry.npmjs.org/function-bind cache-miss
1297 http cache https://registry.npmjs.org/function-bind 0ms (cache hit)
1298 silly packumentCache full:https://registry.npmjs.org/function-bind set size:15733 disposed:false
1299 silly placeDep ROOT function-bind@1.1.2 OK for: hasown@2.0.2 want: ^1.1.2
1300 silly placeDep ROOT queue-microtask@1.2.3 OK for: run-parallel@1.2.0 want: ^1.2.2
1301 silly placeDep ROOT commander@4.1.1 OK for: sucrase@3.35.1 want: ^4.0.0
1302 silly placeDep ROOT lines-and-columns@1.2.4 OK for: sucrase@3.35.1 want: ^1.1.6
1303 silly placeDep ROOT mz@2.7.0 OK for: sucrase@3.35.1 want: ^2.7.0
1304 silly placeDep ROOT pirates@4.0.7 OK for: sucrase@3.35.1 want: ^4.0.1
1305 silly placeDep ROOT tinyglobby@0.2.15 OK for: sucrase@3.35.1 want: ^0.2.11
1306 silly placeDep ROOT ts-interface-checker@0.1.13 OK for: sucrase@3.35.1 want: ^0.1.9
1307 silly fetch manifest any-promise@^1.0.0
1308 silly packumentCache full:https://registry.npmjs.org/any-promise cache-miss
1309 silly fetch manifest object-assign@^4.0.1
1310 silly packumentCache full:https://registry.npmjs.org/object-assign cache-miss
1311 silly fetch manifest thenify-all@^1.0.0
1312 silly packumentCache full:https://registry.npmjs.org/thenify-all cache-miss
1313 silly fetch manifest fdir@^6.5.0
1314 silly packumentCache full:https://registry.npmjs.org/fdir cache-hit
1315 silly fetch manifest picomatch@^4.0.3
1316 silly packumentCache full:https://registry.npmjs.org/picomatch cache-hit
1317 http cache https://registry.npmjs.org/object-assign 1ms (cache hit)
1318 silly packumentCache full:https://registry.npmjs.org/object-assign set size:28988 disposed:false
1319 http cache https://registry.npmjs.org/thenify-all 1ms (cache hit)
1320 silly packumentCache full:https://registry.npmjs.org/thenify-all set size:18488 disposed:false
1321 http cache https://registry.npmjs.org/any-promise 2ms (cache hit)
1322 silly packumentCache full:https://registry.npmjs.org/any-promise set size:20233 disposed:false
1323 silly placeDep ROOT any-promise@1.3.0 OK for: mz@2.7.0 want: ^1.0.0
1324 silly placeDep ROOT object-assign@4.1.1 OK for: mz@2.7.0 want: ^4.0.1
1325 silly placeDep ROOT thenify-all@1.6.0 OK for: mz@2.7.0 want: ^1.0.0
1326 silly fetch manifest thenify@>= 3.1.0 < 4
1327 silly packumentCache full:https://registry.npmjs.org/thenify cache-miss
1328 http cache https://registry.npmjs.org/thenify 2ms (cache hit)
1329 silly packumentCache full:https://registry.npmjs.org/thenify set size:21379 disposed:false
1330 silly placeDep ROOT thenify@3.3.1 OK for: thenify-all@1.6.0 want: >= 3.1.0 < 4
1331 silly placeDep node_modules/tinyglobby fdir@6.5.0 OK for: tinyglobby@0.2.15 want: ^6.5.0
1332 silly placeDep node_modules/tinyglobby picomatch@4.0.3 OK for: fdir@6.5.0 want: ^3 || ^4
1333 silly placeDep ROOT is-number@7.0.0 OK for: to-regex-range@5.0.1 want: ^7.0.0
1334 silly fetch manifest eslint@^8.57.0 || ^9.0.0
1335 silly packumentCache full:https://registry.npmjs.org/eslint cache-miss
1336 http cache https://registry.npmjs.org/eslint 3ms (cache hit)
1337 silly packumentCache full:https://registry.npmjs.org/eslint set size:1893750 disposed:false
1338 silly fetch manifest typescript@>=4.8.4 <6.0.0
1339 silly packumentCache full:https://registry.npmjs.org/typescript cache-miss
1340 http cache https://registry.npmjs.org/typescript 12ms (cache hit)
1341 silly packumentCache full:https://registry.npmjs.org/typescript set size:15167206 disposed:false
1342 silly placeDep ROOT @typescript-eslint/eslint-plugin@8.53.1 OK for: typescript-eslint@8.53.1 want: 8.53.1
1343 silly placeDep ROOT @typescript-eslint/parser@8.53.1 OK for: @typescript-eslint/eslint-plugin@8.53.1 want: ^8.53.1
1344 silly placeDep ROOT @typescript-eslint/typescript-estree@8.53.1 OK for: typescript-eslint@8.53.1 want: 8.53.1
1345 silly placeDep ROOT @typescript-eslint/utils@8.53.1 OK for: typescript-eslint@8.53.1 want: 8.53.1
1346 silly fetch manifest ignore@^7.0.5
1347 silly packumentCache full:https://registry.npmjs.org/ignore cache-hit
1348 silly fetch manifest ts-api-utils@^2.4.0
1349 silly packumentCache full:https://registry.npmjs.org/ts-api-utils cache-miss
1350 silly fetch manifest @typescript-eslint/type-utils@8.53.1
1351 silly packumentCache full:https://registry.npmjs.org/@typescript-eslint%2ftype-utils cache-miss
1352 silly fetch manifest @typescript-eslint/visitor-keys@8.53.1
1353 silly packumentCache full:https://registry.npmjs.org/@typescript-eslint%2fvisitor-keys cache-miss
1354 silly fetch manifest @typescript-eslint/scope-manager@8.53.1
1355 silly packumentCache full:https://registry.npmjs.org/@typescript-eslint%2fscope-manager cache-miss
1356 silly fetch manifest @typescript-eslint/types@8.53.1
1357 silly packumentCache full:https://registry.npmjs.org/@typescript-eslint%2ftypes cache-miss
1358 silly fetch manifest @typescript-eslint/visitor-keys@8.53.1
1359 silly packumentCache full:https://registry.npmjs.org/@typescript-eslint%2fvisitor-keys cache-miss
1360 silly fetch manifest @typescript-eslint/scope-manager@8.53.1
1361 silly packumentCache full:https://registry.npmjs.org/@typescript-eslint%2fscope-manager cache-miss
1362 http cache https://registry.npmjs.org/@typescript-eslint%2ftype-utils 16ms (cache hit)
1363 silly packumentCache full:https://registry.npmjs.org/@typescript-eslint%2ftype-utils set size:8869942 disposed:false
1364 silly fetch manifest semver@^7.7.3
1365 silly packumentCache full:https://registry.npmjs.org/semver cache-hit
1366 silly fetch manifest minimatch@^9.0.5
1367 silly packumentCache full:https://registry.npmjs.org/minimatch cache-hit
1368 silly fetch manifest ts-api-utils@^2.4.0
1369 silly packumentCache full:https://registry.npmjs.org/ts-api-utils cache-miss
1370 http cache https://registry.npmjs.org/@typescript-eslint%2fscope-manager 47ms (cache hit)
1371 silly packumentCache full:https://registry.npmjs.org/@typescript-eslint%2fscope-manager set size:11991228 disposed:false
1372 silly fetch manifest @typescript-eslint/types@8.53.1
1373 silly packumentCache full:https://registry.npmjs.org/@typescript-eslint%2ftypes cache-miss
1374 http cache https://registry.npmjs.org/@typescript-eslint%2fvisitor-keys 101ms (cache hit)
1375 silly packumentCache full:https://registry.npmjs.org/@typescript-eslint%2fvisitor-keys set size:11431250 disposed:false
1376 silly fetch manifest @typescript-eslint/tsconfig-utils@8.53.1
1377 silly packumentCache full:https://registry.npmjs.org/@typescript-eslint%2ftsconfig-utils cache-miss
1378 http cache https://registry.npmjs.org/ts-api-utils 128ms (cache hit)
1379 silly packumentCache full:https://registry.npmjs.org/ts-api-utils set size:220519 disposed:false
1380 silly fetch manifest @typescript-eslint/project-service@8.53.1
1381 silly packumentCache full:https://registry.npmjs.org/@typescript-eslint%2fproject-service cache-miss
1382 http cache https://registry.npmjs.org/@typescript-eslint%2fscope-manager 138ms (cache hit)
1383 silly packumentCache full:https://registry.npmjs.org/@typescript-eslint%2fscope-manager set size:11991228 disposed:false
1384 silly fetch manifest @typescript-eslint/types@8.53.1
1385 silly packumentCache full:https://registry.npmjs.org/@typescript-eslint%2ftypes cache-miss
1386 http cache https://registry.npmjs.org/@typescript-eslint%2ftypes 174ms (cache hit)
1387 silly packumentCache full:https://registry.npmjs.org/@typescript-eslint%2ftypes set size:11795894 disposed:false
1388 http cache https://registry.npmjs.org/@typescript-eslint%2fvisitor-keys 213ms (cache hit)
1389 silly packumentCache full:https://registry.npmjs.org/@typescript-eslint%2fvisitor-keys set size:11431250 disposed:false
1390 http cache https://registry.npmjs.org/ts-api-utils 208ms (cache hit)
1391 silly packumentCache full:https://registry.npmjs.org/ts-api-utils set size:220519 disposed:false
1392 silly packumentCache full:https://registry.npmjs.org/ts-api-utils dispose
1393 http cache https://registry.npmjs.org/@typescript-eslint%2fproject-service 118ms (cache hit)
1394 silly packumentCache full:https://registry.npmjs.org/@typescript-eslint%2fproject-service set size:890007 disposed:false
1395 http cache https://registry.npmjs.org/@typescript-eslint%2ftypes 180ms (cache hit)
1396 silly packumentCache full:https://registry.npmjs.org/@typescript-eslint%2ftypes set size:11795894 disposed:false
1397 http cache https://registry.npmjs.org/@typescript-eslint%2ftsconfig-utils 184ms (cache hit)
1398 silly packumentCache full:https://registry.npmjs.org/@typescript-eslint%2ftsconfig-utils set size:836752 disposed:false
1399 http cache https://registry.npmjs.org/@typescript-eslint%2ftypes 153ms (cache hit)
1400 silly packumentCache full:https://registry.npmjs.org/@typescript-eslint%2ftypes set size:11795894 disposed:false
1401 silly placeDep ROOT @typescript-eslint/scope-manager@8.53.1 OK for: @typescript-eslint/eslint-plugin@8.53.1 want: 8.53.1
1402 silly placeDep ROOT @typescript-eslint/type-utils@8.53.1 OK for: @typescript-eslint/eslint-plugin@8.53.1 want: 8.53.1
1403 silly placeDep ROOT @typescript-eslint/visitor-keys@8.53.1 OK for: @typescript-eslint/eslint-plugin@8.53.1 want: 8.53.1
1404 silly placeDep node_modules/@typescript-eslint/eslint-plugin ignore@7.0.5 OK for: @typescript-eslint/eslint-plugin@8.53.1 want: ^7.0.5
1405 silly placeDep ROOT ts-api-utils@2.4.0 OK for: @typescript-eslint/eslint-plugin@8.53.1 want: ^2.4.0
1406 silly placeDep ROOT @typescript-eslint/types@8.53.1 OK for: @typescript-eslint/parser@8.53.1 want: 8.53.1
1407 silly placeDep ROOT @typescript-eslint/project-service@8.53.1 OK for: @typescript-eslint/typescript-estree@8.53.1 want: 8.53.1
1408 silly placeDep ROOT @typescript-eslint/tsconfig-utils@8.53.1 OK for: @typescript-eslint/typescript-estree@8.53.1 want: 8.53.1
1409 silly placeDep node_modules/@typescript-eslint/typescript-estree minimatch@9.0.5 OK for: @typescript-eslint/typescript-estree@8.53.1 want: ^9.0.5
1410 silly placeDep node_modules/@typescript-eslint/typescript-estree semver@7.7.3 OK for: @typescript-eslint/typescript-estree@8.53.1 want: ^7.7.3
1411 silly fetch manifest @typescript-eslint/tsconfig-utils@^8.53.1
1412 silly packumentCache full:https://registry.npmjs.org/@typescript-eslint%2ftsconfig-utils cache-hit
1413 silly fetch manifest brace-expansion@^2.0.1
1414 silly packumentCache full:https://registry.npmjs.org/brace-expansion cache-hit
1415 silly placeDep ROOT escalade@3.2.0 OK for: update-browserslist-db@1.2.3 want: ^3.2.0
1416 silly placeDep ROOT punycode@2.3.1 OK for: uri-js@4.4.1 want: ^2.1.0
1417 silly placeDep ROOT esbuild@0.25.12 OK for: vite@6.4.1 want: ^0.25.0
1418 silly placeDep node_modules/vite fdir@6.5.0 OK for: vite@6.4.1 want: ^6.4.4
1419 silly placeDep node_modules/vite picomatch@4.0.3 OK for: fdir@6.5.0 want: ^3 || ^4
1420 silly placeDep ROOT rollup@4.56.0 OK for: vite@6.4.1 want: ^4.34.9
1421 silly fetch manifest @esbuild/aix-ppc64@0.25.12
1422 silly packumentCache full:https://registry.npmjs.org/@esbuild%2faix-ppc64 cache-miss
1423 silly fetch manifest @esbuild/linux-arm@0.25.12
1424 silly packumentCache full:https://registry.npmjs.org/@esbuild%2flinux-arm cache-miss
1425 silly fetch manifest @esbuild/linux-x64@0.25.12
1426 silly packumentCache full:https://registry.npmjs.org/@esbuild%2flinux-x64 cache-miss
1427 silly fetch manifest @esbuild/sunos-x64@0.25.12
1428 silly packumentCache full:https://registry.npmjs.org/@esbuild%2fsunos-x64 cache-miss
1429 silly fetch manifest @esbuild/win32-x64@0.25.12
1430 silly packumentCache full:https://registry.npmjs.org/@esbuild%2fwin32-x64 cache-miss
1431 silly fetch manifest @esbuild/darwin-x64@0.25.12
1432 silly packumentCache full:https://registry.npmjs.org/@esbuild%2fdarwin-x64 cache-miss
1433 silly fetch manifest @esbuild/linux-ia32@0.25.12
1434 silly packumentCache full:https://registry.npmjs.org/@esbuild%2flinux-ia32 cache-miss
1435 http cache https://registry.npmjs.org/@esbuild%2fsunos-x64 3ms (cache hit)
1436 silly packumentCache full:https://registry.npmjs.org/@esbuild%2fsunos-x64 set size:185826 disposed:false
1437 silly fetch manifest @esbuild/netbsd-x64@0.25.12
1438 silly packumentCache full:https://registry.npmjs.org/@esbuild%2fnetbsd-x64 cache-miss
1439 http cache https://registry.npmjs.org/@esbuild%2flinux-x64 4ms (cache hit)
1440 silly packumentCache full:https://registry.npmjs.org/@esbuild%2flinux-x64 set size:185597 disposed:false
1441 silly fetch manifest @esbuild/win32-ia32@0.25.12
1442 silly packumentCache full:https://registry.npmjs.org/@esbuild%2fwin32-ia32 cache-miss
1443 http cache https://registry.npmjs.org/@esbuild%2faix-ppc64 5ms (cache hit)
1444 silly packumentCache full:https://registry.npmjs.org/@esbuild%2faix-ppc64 set size:54372 disposed:false
1445 silly fetch manifest @esbuild/android-arm@0.25.12
1446 silly packumentCache full:https://registry.npmjs.org/@esbuild%2fandroid-arm cache-miss
1447 http cache https://registry.npmjs.org/@esbuild%2fwin32-x64 5ms (cache hit)
1448 silly packumentCache full:https://registry.npmjs.org/@esbuild%2fwin32-x64 set size:185827 disposed:false
1449 silly fetch manifest @esbuild/android-x64@0.25.12
1450 silly packumentCache full:https://registry.npmjs.org/@esbuild%2fandroid-x64 cache-miss
1451 http cache https://registry.npmjs.org/@esbuild%2flinux-arm 6ms (cache hit)
1452 silly packumentCache full:https://registry.npmjs.org/@esbuild%2flinux-arm set size:185272 disposed:false
1453 silly fetch manifest @esbuild/freebsd-x64@0.25.12
1454 silly packumentCache full:https://registry.npmjs.org/@esbuild%2ffreebsd-x64 cache-miss
1455 http cache https://registry.npmjs.org/@esbuild%2fdarwin-x64 7ms (cache hit)
1456 silly packumentCache full:https://registry.npmjs.org/@esbuild%2fdarwin-x64 set size:186270 disposed:false
1457 silly fetch manifest @esbuild/linux-arm64@0.25.12
1458 silly packumentCache full:https://registry.npmjs.org/@esbuild%2flinux-arm64 cache-miss
1459 http cache https://registry.npmjs.org/@esbuild%2flinux-ia32 8ms (cache hit)
1460 silly packumentCache full:https://registry.npmjs.org/@esbuild%2flinux-ia32 set size:186223 disposed:false
1461 silly fetch manifest @esbuild/linux-ppc64@0.25.12
1462 silly packumentCache full:https://registry.npmjs.org/@esbuild%2flinux-ppc64 cache-miss
1463 http cache https://registry.npmjs.org/@esbuild%2fnetbsd-x64 6ms (cache hit)
1464 silly packumentCache full:https://registry.npmjs.org/@esbuild%2fnetbsd-x64 set size:184100 disposed:false
1465 silly fetch manifest @esbuild/linux-s390x@0.25.12
1466 silly packumentCache full:https://registry.npmjs.org/@esbuild%2flinux-s390x cache-miss
1467 http cache https://registry.npmjs.org/@esbuild%2fandroid-arm 6ms (cache hit)
1468 silly packumentCache full:https://registry.npmjs.org/@esbuild%2fandroid-arm set size:211855 disposed:false
1469 silly fetch manifest @esbuild/openbsd-x64@0.25.12
1470 silly packumentCache full:https://registry.npmjs.org/@esbuild%2fopenbsd-x64 cache-miss
1471 http cache https://registry.npmjs.org/@esbuild%2ffreebsd-x64 5ms (cache hit)
1472 silly packumentCache full:https://registry.npmjs.org/@esbuild%2ffreebsd-x64 set size:187094 disposed:false
1473 silly fetch manifest @esbuild/win32-arm64@0.25.12
1474 silly packumentCache full:https://registry.npmjs.org/@esbuild%2fwin32-arm64 cache-miss
1475 http cache https://registry.npmjs.org/@esbuild%2flinux-arm64 6ms (cache hit)
1476 silly packumentCache full:https://registry.npmjs.org/@esbuild%2flinux-arm64 set size:187283 disposed:false
1477 silly fetch manifest @esbuild/darwin-arm64@0.25.12
1478 silly packumentCache full:https://registry.npmjs.org/@esbuild%2fdarwin-arm64 cache-miss
1479 http cache https://registry.npmjs.org/@esbuild%2fandroid-x64 8ms (cache hit)
1480 silly packumentCache full:https://registry.npmjs.org/@esbuild%2fandroid-x64 set size:185657 disposed:false
1481 silly fetch manifest @esbuild/netbsd-arm64@0.25.12
1482 silly packumentCache full:https://registry.npmjs.org/@esbuild%2fnetbsd-arm64 cache-miss
1483 http cache https://registry.npmjs.org/@esbuild%2fwin32-ia32 9ms (cache hit)
1484 silly packumentCache full:https://registry.npmjs.org/@esbuild%2fwin32-ia32 set size:186438 disposed:false
1485 silly fetch manifest @esbuild/android-arm64@0.25.12
1486 silly packumentCache full:https://registry.npmjs.org/@esbuild%2fandroid-arm64 cache-miss
1487 http cache https://registry.npmjs.org/@esbuild%2flinux-ppc64 6ms (cache hit)
1488 silly packumentCache full:https://registry.npmjs.org/@esbuild%2flinux-ppc64 set size:189212 disposed:false
1489 silly fetch manifest @esbuild/freebsd-arm64@0.25.12
1490 silly packumentCache full:https://registry.npmjs.org/@esbuild%2ffreebsd-arm64 cache-miss
1491 http cache https://registry.npmjs.org/@esbuild%2fopenbsd-x64 6ms (cache hit)
1492 silly packumentCache full:https://registry.npmjs.org/@esbuild%2fopenbsd-x64 set size:187098 disposed:false
1493 silly fetch manifest @esbuild/linux-loong64@0.25.12
1494 silly packumentCache full:https://registry.npmjs.org/@esbuild%2flinux-loong64 cache-miss
1495 http cache https://registry.npmjs.org/@esbuild%2flinux-s390x 8ms (cache hit)
1496 silly packumentCache full:https://registry.npmjs.org/@esbuild%2flinux-s390x set size:188714 disposed:false
1497 silly fetch manifest @esbuild/linux-riscv64@0.25.12
1498 silly packumentCache full:https://registry.npmjs.org/@esbuild%2flinux-riscv64 cache-miss
1499 http cache https://registry.npmjs.org/@esbuild%2fnetbsd-arm64 5ms (cache hit)
1500 silly packumentCache full:https://registry.npmjs.org/@esbuild%2fnetbsd-arm64 set size:30755 disposed:false
1501 silly fetch manifest @esbuild/openbsd-arm64@0.25.12
1502 silly packumentCache full:https://registry.npmjs.org/@esbuild%2fopenbsd-arm64 cache-miss
1503 http cache https://registry.npmjs.org/@esbuild%2fwin32-arm64 7ms (cache hit)
1504 silly packumentCache full:https://registry.npmjs.org/@esbuild%2fwin32-arm64 set size:187502 disposed:false
1505 silly fetch manifest @esbuild/linux-mips64el@0.25.12
1506 silly packumentCache full:https://registry.npmjs.org/@esbuild%2flinux-mips64el cache-miss
1507 http cache https://registry.npmjs.org/@esbuild%2fandroid-arm64 6ms (cache hit)
1508 silly packumentCache full:https://registry.npmjs.org/@esbuild%2fandroid-arm64 set size:190597 disposed:false
1509 silly fetch manifest @esbuild/openharmony-arm64@0.25.12
1510 silly packumentCache full:https://registry.npmjs.org/@esbuild%2fopenharmony-arm64 cache-miss
1511 http cache https://registry.npmjs.org/@esbuild%2fdarwin-arm64 9ms (cache hit)
1512 silly packumentCache full:https://registry.npmjs.org/@esbuild%2fdarwin-arm64 set size:187924 disposed:false
1513 silly fetch manifest @rollup/rollup-darwin-arm64@4.56.0
1514 silly packumentCache full:https://registry.npmjs.org/@rollup%2frollup-darwin-arm64 cache-miss
1515 http cache https://registry.npmjs.org/@esbuild%2ffreebsd-arm64 7ms (cache hit)
1516 silly packumentCache full:https://registry.npmjs.org/@esbuild%2ffreebsd-arm64 set size:188766 disposed:false
1517 silly fetch manifest @rollup/rollup-android-arm64@4.56.0
1518 silly packumentCache full:https://registry.npmjs.org/@rollup%2frollup-android-arm64 cache-miss
1519 http cache https://registry.npmjs.org/@esbuild%2flinux-riscv64 5ms (cache hit)
1520 silly packumentCache full:https://registry.npmjs.org/@esbuild%2flinux-riscv64 set size:188887 disposed:false
1521 silly fetch manifest @rollup/rollup-win32-arm64-msvc@4.56.0
1522 silly packumentCache full:https://registry.npmjs.org/@rollup%2frollup-win32-arm64-msvc cache-miss
1523 http cache https://registry.npmjs.org/@esbuild%2fopenbsd-arm64 5ms (cache hit)
1524 silly packumentCache full:https://registry.npmjs.org/@esbuild%2fopenbsd-arm64 set size:36022 disposed:false
1525 silly fetch manifest @rollup/rollup-freebsd-arm64@4.56.0
1526 silly packumentCache full:https://registry.npmjs.org/@rollup%2frollup-freebsd-arm64 cache-miss
1527 http cache https://registry.npmjs.org/@esbuild%2flinux-mips64el 5ms (cache hit)
1528 silly packumentCache full:https://registry.npmjs.org/@esbuild%2flinux-mips64el set size:190856 disposed:false
1529 silly fetch manifest @rollup/rollup-linux-arm64-gnu@4.56.0
1530 silly packumentCache full:https://registry.npmjs.org/@rollup%2frollup-linux-arm64-gnu cache-miss
1531 http cache https://registry.npmjs.org/@esbuild%2flinux-loong64 7ms (cache hit)
1532 silly packumentCache full:https://registry.npmjs.org/@esbuild%2flinux-loong64 set size:242096 disposed:false
1533 silly fetch manifest @rollup/rollup-linux-arm64-musl@4.56.0
1534 silly packumentCache full:https://registry.npmjs.org/@rollup%2frollup-linux-arm64-musl cache-miss
1535 http cache https://registry.npmjs.org/@esbuild%2fopenharmony-arm64 6ms (cache hit)
1536 silly packumentCache full:https://registry.npmjs.org/@esbuild%2fopenharmony-arm64 set size:19310 disposed:false
1537 silly fetch manifest @rollup/rollup-android-arm-eabi@4.56.0
1538 silly packumentCache full:https://registry.npmjs.org/@rollup%2frollup-android-arm-eabi cache-miss
1539 http cache https://registry.npmjs.org/@rollup%2frollup-darwin-arm64 6ms (cache hit)
1540 silly packumentCache full:https://registry.npmjs.org/@rollup%2frollup-darwin-arm64 set size:319168 disposed:false
1541 silly fetch manifest @rollup/rollup-linux-arm-gnueabihf@4.56.0
1542 silly packumentCache full:https://registry.npmjs.org/@rollup%2frollup-linux-arm-gnueabihf cache-miss
1543 http cache https://registry.npmjs.org/@rollup%2frollup-android-arm64 6ms (cache hit)
1544 silly packumentCache full:https://registry.npmjs.org/@rollup%2frollup-android-arm64 set size:320583 disposed:false
1545 silly fetch manifest @rollup/rollup-linux-arm-musleabihf@4.56.0
1546 silly packumentCache full:https://registry.npmjs.org/@rollup%2frollup-linux-arm-musleabihf cache-miss
1547 http cache https://registry.npmjs.org/@rollup%2frollup-win32-arm64-msvc 8ms (cache hit)
1548 silly packumentCache full:https://registry.npmjs.org/@rollup%2frollup-win32-arm64-msvc set size:323791 disposed:false
1549 silly fetch manifest @rollup/rollup-win32-ia32-msvc@4.56.0
1550 silly packumentCache full:https://registry.npmjs.org/@rollup%2frollup-win32-ia32-msvc cache-miss
1551 http cache https://registry.npmjs.org/@rollup%2frollup-freebsd-arm64 9ms (cache hit)
1552 silly packumentCache full:https://registry.npmjs.org/@rollup%2frollup-freebsd-arm64 set size:168788 disposed:false
1553 silly fetch manifest @rollup/rollup-linux-loong64-gnu@4.56.0
1554 silly packumentCache full:https://registry.npmjs.org/@rollup%2frollup-linux-loong64-gnu cache-miss
1555 http cache https://registry.npmjs.org/@rollup%2frollup-linux-arm64-gnu 9ms (cache hit)
1556 silly packumentCache full:https://registry.npmjs.org/@rollup%2frollup-linux-arm64-gnu set size:325943 disposed:false
1557 silly fetch manifest @rollup/rollup-linux-loong64-musl@4.56.0
1558 silly packumentCache full:https://registry.npmjs.org/@rollup%2frollup-linux-loong64-musl cache-miss
1559 http cache https://registry.npmjs.org/@rollup%2frollup-android-arm-eabi 9ms (cache hit)
1560 silly packumentCache full:https://registry.npmjs.org/@rollup%2frollup-android-arm-eabi set size:323798 disposed:false
1561 silly fetch manifest @rollup/rollup-linux-riscv64-gnu@4.56.0
1562 silly packumentCache full:https://registry.npmjs.org/@rollup%2frollup-linux-riscv64-gnu cache-miss
1563 http cache https://registry.npmjs.org/@rollup%2frollup-linux-arm64-musl 10ms (cache hit)
1564 silly packumentCache full:https://registry.npmjs.org/@rollup%2frollup-linux-arm64-musl set size:281266 disposed:false
1565 silly fetch manifest @rollup/rollup-linux-riscv64-musl@4.56.0
1566 silly packumentCache full:https://registry.npmjs.org/@rollup%2frollup-linux-riscv64-musl cache-miss
1567 http cache https://registry.npmjs.org/@rollup%2frollup-linux-arm-gnueabihf 10ms (cache hit)
1568 silly packumentCache full:https://registry.npmjs.org/@rollup%2frollup-linux-arm-gnueabihf set size:329173 disposed:false
1569 silly fetch manifest @rollup/rollup-linux-ppc64-gnu@4.56.0
1570 silly packumentCache full:https://registry.npmjs.org/@rollup%2frollup-linux-ppc64-gnu cache-miss
1571 http cache https://registry.npmjs.org/@rollup%2frollup-linux-arm-musleabihf 9ms (cache hit)
1572 silly packumentCache full:https://registry.npmjs.org/@rollup%2frollup-linux-arm-musleabihf set size:223291 disposed:false
1573 silly fetch manifest @rollup/rollup-linux-ppc64-musl@4.56.0
1574 silly packumentCache full:https://registry.npmjs.org/@rollup%2frollup-linux-ppc64-musl cache-miss
1575 http cache https://registry.npmjs.org/@rollup%2frollup-linux-loong64-gnu 7ms (cache hit)
1576 silly packumentCache full:https://registry.npmjs.org/@rollup%2frollup-linux-loong64-gnu set size:50238 disposed:false
1577 silly fetch manifest @rollup/rollup-linux-s390x-gnu@4.56.0
1578 silly packumentCache full:https://registry.npmjs.org/@rollup%2frollup-linux-s390x-gnu cache-miss
1579 http cache https://registry.npmjs.org/@rollup%2frollup-linux-riscv64-gnu 5ms (cache hit)
1580 silly packumentCache full:https://registry.npmjs.org/@rollup%2frollup-linux-riscv64-gnu set size:251925 disposed:false
1581 silly fetch manifest @rollup/rollup-darwin-x64@4.56.0
1582 silly packumentCache full:https://registry.npmjs.org/@rollup%2frollup-darwin-x64 cache-miss
1583 http cache https://registry.npmjs.org/@rollup%2frollup-win32-ia32-msvc 9ms (cache hit)
1584 silly packumentCache full:https://registry.npmjs.org/@rollup%2frollup-win32-ia32-msvc set size:322388 disposed:false
1585 silly fetch manifest @rollup/rollup-win32-x64-gnu@4.56.0
1586 silly packumentCache full:https://registry.npmjs.org/@rollup%2frollup-win32-x64-gnu cache-miss
1587 http cache https://registry.npmjs.org/@rollup%2frollup-linux-riscv64-musl 6ms (cache hit)
1588 silly packumentCache full:https://registry.npmjs.org/@rollup%2frollup-linux-riscv64-musl set size:97849 disposed:false
1589 silly fetch manifest @rollup/rollup-win32-x64-msvc@4.56.0
1590 silly packumentCache full:https://registry.npmjs.org/@rollup%2frollup-win32-x64-msvc cache-miss
1591 http cache https://registry.npmjs.org/@rollup%2frollup-linux-loong64-musl 8ms (cache hit)
1592 silly packumentCache full:https://registry.npmjs.org/@rollup%2frollup-linux-loong64-musl set size:12183 disposed:false
1593 silly fetch manifest @rollup/rollup-freebsd-x64@4.56.0
1594 silly packumentCache full:https://registry.npmjs.org/@rollup%2frollup-freebsd-x64 cache-miss
1595 http cache https://registry.npmjs.org/@rollup%2frollup-linux-ppc64-musl 4ms (cache hit)
1596 silly packumentCache full:https://registry.npmjs.org/@rollup%2frollup-linux-ppc64-musl set size:12083 disposed:false
1597 silly fetch manifest @rollup/rollup-linux-x64-gnu@4.56.0
1598 silly packumentCache full:https://registry.npmjs.org/@rollup%2frollup-linux-x64-gnu cache-miss
1599 http cache https://registry.npmjs.org/@rollup%2frollup-linux-ppc64-gnu 6ms (cache hit)
1600 silly packumentCache full:https://registry.npmjs.org/@rollup%2frollup-linux-ppc64-gnu set size:70618 disposed:false
1601 silly fetch manifest @rollup/rollup-linux-x64-musl@4.56.0
1602 silly packumentCache full:https://registry.npmjs.org/@rollup%2frollup-linux-x64-musl cache-miss
1603 http cache https://registry.npmjs.org/@rollup%2frollup-linux-s390x-gnu 5ms (cache hit)
1604 silly packumentCache full:https://registry.npmjs.org/@rollup%2frollup-linux-s390x-gnu set size:225786 disposed:false
1605 silly fetch manifest @rollup/rollup-openbsd-x64@4.56.0
1606 silly packumentCache full:https://registry.npmjs.org/@rollup%2frollup-openbsd-x64 cache-miss
1607 http cache https://registry.npmjs.org/@rollup%2frollup-darwin-x64 5ms (cache hit)
1608 silly packumentCache full:https://registry.npmjs.org/@rollup%2frollup-darwin-x64 set size:314524 disposed:false
1609 silly fetch manifest @rollup/rollup-openharmony-arm64@4.56.0
1610 silly packumentCache full:https://registry.npmjs.org/@rollup%2frollup-openharmony-arm64 cache-miss
1611 http cache https://registry.npmjs.org/@rollup%2frollup-freebsd-x64 7ms (cache hit)
1612 silly packumentCache full:https://registry.npmjs.org/@rollup%2frollup-freebsd-x64 set size:167047 disposed:false
1613 http cache https://registry.npmjs.org/@rollup%2frollup-win32-x64-gnu 7ms (cache hit)
1614 silly packumentCache full:https://registry.npmjs.org/@rollup%2frollup-win32-x64-gnu set size:42267 disposed:false
1615 http cache https://registry.npmjs.org/@rollup%2frollup-win32-x64-msvc 8ms (cache hit)
1616 silly packumentCache full:https://registry.npmjs.org/@rollup%2frollup-win32-x64-msvc set size:319124 disposed:false
1617 http cache https://registry.npmjs.org/@rollup%2frollup-linux-x64-gnu 8ms (cache hit)
1618 silly packumentCache full:https://registry.npmjs.org/@rollup%2frollup-linux-x64-gnu set size:321236 disposed:false
1619 http cache https://registry.npmjs.org/@rollup%2frollup-linux-x64-musl 9ms (cache hit)
1620 silly packumentCache full:https://registry.npmjs.org/@rollup%2frollup-linux-x64-musl set size:320530 disposed:false
1621 http cache https://registry.npmjs.org/@rollup%2frollup-openbsd-x64 9ms (cache hit)
1622 silly packumentCache full:https://registry.npmjs.org/@rollup%2frollup-openbsd-x64 set size:11769 disposed:false
1623 http cache https://registry.npmjs.org/@rollup%2frollup-openharmony-arm64 7ms (cache hit)
1624 silly packumentCache full:https://registry.npmjs.org/@rollup%2frollup-openharmony-arm64 set size:51248 disposed:false
1625 silly placeDep ROOT @esbuild/aix-ppc64@0.25.12 OK for: esbuild@0.25.12 want: 0.25.12
1626 silly placeDep ROOT @esbuild/android-arm@0.25.12 OK for: esbuild@0.25.12 want: 0.25.12
1627 silly placeDep ROOT @esbuild/android-arm64@0.25.12 OK for: esbuild@0.25.12 want: 0.25.12
1628 silly placeDep ROOT @esbuild/android-x64@0.25.12 OK for: esbuild@0.25.12 want: 0.25.12
1629 silly placeDep ROOT @esbuild/darwin-arm64@0.25.12 OK for: esbuild@0.25.12 want: 0.25.12
1630 silly placeDep ROOT @esbuild/darwin-x64@0.25.12 OK for: esbuild@0.25.12 want: 0.25.12
1631 silly placeDep ROOT @esbuild/freebsd-arm64@0.25.12 OK for: esbuild@0.25.12 want: 0.25.12
1632 silly placeDep ROOT @esbuild/freebsd-x64@0.25.12 OK for: esbuild@0.25.12 want: 0.25.12
1633 silly placeDep ROOT @esbuild/linux-arm@0.25.12 OK for: esbuild@0.25.12 want: 0.25.12
1634 silly placeDep ROOT @esbuild/linux-arm64@0.25.12 OK for: esbuild@0.25.12 want: 0.25.12
1635 silly placeDep ROOT @esbuild/linux-ia32@0.25.12 OK for: esbuild@0.25.12 want: 0.25.12
1636 silly placeDep ROOT @esbuild/linux-loong64@0.25.12 OK for: esbuild@0.25.12 want: 0.25.12
1637 silly placeDep ROOT @esbuild/linux-mips64el@0.25.12 OK for: esbuild@0.25.12 want: 0.25.12
1638 silly placeDep ROOT @esbuild/linux-ppc64@0.25.12 OK for: esbuild@0.25.12 want: 0.25.12
1639 silly placeDep ROOT @esbuild/linux-riscv64@0.25.12 OK for: esbuild@0.25.12 want: 0.25.12
1640 silly placeDep ROOT @esbuild/linux-s390x@0.25.12 OK for: esbuild@0.25.12 want: 0.25.12
1641 silly placeDep ROOT @esbuild/linux-x64@0.25.12 OK for: esbuild@0.25.12 want: 0.25.12
1642 silly placeDep ROOT @esbuild/netbsd-arm64@0.25.12 OK for: esbuild@0.25.12 want: 0.25.12
1643 silly placeDep ROOT @esbuild/netbsd-x64@0.25.12 OK for: esbuild@0.25.12 want: 0.25.12
1644 silly placeDep ROOT @esbuild/openbsd-arm64@0.25.12 OK for: esbuild@0.25.12 want: 0.25.12
1645 silly placeDep ROOT @esbuild/openbsd-x64@0.25.12 OK for: esbuild@0.25.12 want: 0.25.12
1646 silly placeDep ROOT @esbuild/openharmony-arm64@0.25.12 OK for: esbuild@0.25.12 want: 0.25.12
1647 silly placeDep ROOT @esbuild/sunos-x64@0.25.12 OK for: esbuild@0.25.12 want: 0.25.12
1648 silly placeDep ROOT @esbuild/win32-arm64@0.25.12 OK for: esbuild@0.25.12 want: 0.25.12
1649 silly placeDep ROOT @esbuild/win32-ia32@0.25.12 OK for: esbuild@0.25.12 want: 0.25.12
1650 silly placeDep ROOT @esbuild/win32-x64@0.25.12 OK for: esbuild@0.25.12 want: 0.25.12
1651 silly placeDep ROOT @rollup/rollup-android-arm-eabi@4.56.0 OK for: rollup@4.56.0 want: 4.56.0
1652 silly placeDep ROOT @rollup/rollup-android-arm64@4.56.0 OK for: rollup@4.56.0 want: 4.56.0
1653 silly placeDep ROOT @rollup/rollup-darwin-arm64@4.56.0 OK for: rollup@4.56.0 want: 4.56.0
1654 silly placeDep ROOT @rollup/rollup-darwin-x64@4.56.0 OK for: rollup@4.56.0 want: 4.56.0
1655 silly placeDep ROOT @rollup/rollup-freebsd-arm64@4.56.0 OK for: rollup@4.56.0 want: 4.56.0
1656 silly placeDep ROOT @rollup/rollup-freebsd-x64@4.56.0 OK for: rollup@4.56.0 want: 4.56.0
1657 silly placeDep ROOT @rollup/rollup-linux-arm-gnueabihf@4.56.0 OK for: rollup@4.56.0 want: 4.56.0
1658 silly placeDep ROOT @rollup/rollup-linux-arm-musleabihf@4.56.0 OK for: rollup@4.56.0 want: 4.56.0
1659 silly placeDep ROOT @rollup/rollup-linux-arm64-gnu@4.56.0 OK for: rollup@4.56.0 want: 4.56.0
1660 silly placeDep ROOT @rollup/rollup-linux-arm64-musl@4.56.0 OK for: rollup@4.56.0 want: 4.56.0
1661 silly placeDep ROOT @rollup/rollup-linux-loong64-gnu@4.56.0 OK for: rollup@4.56.0 want: 4.56.0
1662 silly placeDep ROOT @rollup/rollup-linux-loong64-musl@4.56.0 OK for: rollup@4.56.0 want: 4.56.0
1663 silly placeDep ROOT @rollup/rollup-linux-ppc64-gnu@4.56.0 OK for: rollup@4.56.0 want: 4.56.0
1664 silly placeDep ROOT @rollup/rollup-linux-ppc64-musl@4.56.0 OK for: rollup@4.56.0 want: 4.56.0
1665 silly placeDep ROOT @rollup/rollup-linux-riscv64-gnu@4.56.0 OK for: rollup@4.56.0 want: 4.56.0
1666 silly placeDep ROOT @rollup/rollup-linux-riscv64-musl@4.56.0 OK for: rollup@4.56.0 want: 4.56.0
1667 silly placeDep ROOT @rollup/rollup-linux-s390x-gnu@4.56.0 OK for: rollup@4.56.0 want: 4.56.0
1668 silly placeDep ROOT @rollup/rollup-linux-x64-gnu@4.56.0 OK for: rollup@4.56.0 want: 4.56.0
1669 silly placeDep ROOT @rollup/rollup-linux-x64-musl@4.56.0 OK for: rollup@4.56.0 want: 4.56.0
1670 silly placeDep ROOT @rollup/rollup-openbsd-x64@4.56.0 OK for: rollup@4.56.0 want: 4.56.0
1671 silly placeDep ROOT @rollup/rollup-openharmony-arm64@4.56.0 OK for: rollup@4.56.0 want: 4.56.0
1672 silly placeDep ROOT @rollup/rollup-win32-arm64-msvc@4.56.0 OK for: rollup@4.56.0 want: 4.56.0
1673 silly placeDep ROOT @rollup/rollup-win32-ia32-msvc@4.56.0 OK for: rollup@4.56.0 want: 4.56.0
1674 silly placeDep ROOT @rollup/rollup-win32-x64-gnu@4.56.0 OK for: rollup@4.56.0 want: 4.56.0
1675 silly placeDep ROOT @rollup/rollup-win32-x64-msvc@4.56.0 OK for: rollup@4.56.0 want: 4.56.0
1676 silly placeDep ROOT isexe@2.0.0 OK for: which@2.0.2 want: ^2.0.0
1677 silly placeDep node_modules/@typescript-eslint/typescript-estree brace-expansion@2.0.2 OK for: minimatch@9.0.5 want: ^2.0.1
1678 silly reify moves {}
1679 silly audit bulk request {
1679 silly audit   '@eslint/js': [ '9.39.2' ],
1679 silly audit   '@supabase/supabase-js': [ '2.91.1' ],
1679 silly audit   '@types/react': [ '18.3.27' ],
1679 silly audit   '@types/react-dom': [ '18.3.7' ],
1679 silly audit   '@vitejs/plugin-react': [ '4.7.0' ],
1679 silly audit   vite: [ '6.4.1' ],
1679 silly audit   autoprefixer: [ '10.4.23' ],
1679 silly audit   postcss: [ '8.5.6' ],
1679 silly audit   clsx: [ '2.1.1' ],
1679 silly audit   eslint: [ '9.39.2' ],
1679 silly audit   'eslint-plugin-react-hooks': [ '5.2.0' ],
1679 silly audit   'eslint-plugin-react-refresh': [ '0.4.26' ],
1679 silly audit   globals: [ '15.15.0', '14.0.0' ],
1679 silly audit   'lucide-react': [ '0.469.0' ],
1679 silly audit   react: [ '18.3.1' ],
1679 silly audit   'react-dom': [ '18.3.1' ],
1679 silly audit   tailwindcss: [ '3.4.19' ],
1679 silly audit   typescript: [ '5.9.3' ],
1679 silly audit   'typescript-eslint': [ '8.53.1' ],
1679 silly audit   '@supabase/auth-js': [ '2.91.1' ],
1679 silly audit   '@supabase/functions-js': [ '2.91.1' ],
1679 silly audit   '@supabase/postgrest-js': [ '2.91.1' ],
1679 silly audit   '@supabase/realtime-js': [ '2.91.1' ],
1679 silly audit   '@supabase/storage-js': [ '2.91.1' ],
1679 silly audit   tslib: [ '2.8.1' ],
1679 silly audit   '@types/phoenix': [ '1.6.7' ],
1679 silly audit   '@types/ws': [ '8.18.1' ],
1679 silly audit   ws: [ '8.19.0' ],
1679 silly audit   'iceberg-js': [ '0.8.1' ],
1679 silly audit   '@types/prop-types': [ '15.7.15' ],
1679 silly audit   csstype: [ '3.2.3' ],
1679 silly audit   '@types/node': [ '25.0.10' ],
1679 silly audit   'undici-types': [ '7.16.0' ],
1679 silly audit   '@babel/core': [ '7.28.6' ],
1679 silly audit   '@babel/plugin-transform-react-jsx-self': [ '7.27.1' ],
1679 silly audit   '@babel/plugin-transform-react-jsx-source': [ '7.27.1' ],
1679 silly audit   '@rolldown/pluginutils': [ '1.0.0-beta.27' ],
1679 silly audit   '@types/babel__core': [ '7.20.5' ],
1679 silly audit   'react-refresh': [ '0.17.0' ],
1679 silly audit   '@babel/code-frame': [ '7.28.6' ],
1679 silly audit   '@babel/generator': [ '7.28.6' ],
1679 silly audit   '@babel/helper-compilation-targets': [ '7.28.6' ],
1679 silly audit   '@babel/helper-module-transforms': [ '7.28.6' ],
1679 silly audit   '@babel/helpers': [ '7.28.6' ],
1679 silly audit   '@babel/parser': [ '7.28.6' ],
1679 silly audit   '@babel/template': [ '7.28.6' ],
1679 silly audit   '@babel/traverse': [ '7.28.6' ],
1679 silly audit   '@babel/types': [ '7.28.6' ],
1679 silly audit   '@jridgewell/remapping': [ '2.3.5' ],
1679 silly audit   'convert-source-map': [ '2.0.0' ],
1679 silly audit   debug: [ '4.4.3' ],
1679 silly audit   gensync: [ '1.0.0-beta.2' ],
1679 silly audit   json5: [ '2.2.3' ],
1679 silly audit   semver: [ '6.3.1', '7.7.3' ],
1679 silly audit   '@babel/helper-validator-identifier': [ '7.28.5' ],
1679 silly audit   'js-tokens': [ '4.0.0' ],
1679 silly audit   picocolors: [ '1.1.1' ],
1679 silly audit   '@jridgewell/gen-mapping': [ '0.3.13' ],
1679 silly audit   '@jridgewell/trace-mapping': [ '0.3.31' ],
1679 silly audit   jsesc: [ '3.1.0' ],
1679 silly audit   '@babel/compat-data': [ '7.28.6' ],
1679 silly audit   '@babel/helper-validator-option': [ '7.27.1' ],
1679 silly audit   browserslist: [ '4.28.1' ],
1679 silly audit   'lru-cache': [ '5.1.1' ],
1679 silly audit   '@babel/helper-module-imports': [ '7.28.6' ],
1679 silly audit   '@babel/helper-plugin-utils': [ '7.28.6' ],
1679 silly audit   '@babel/helper-globals': [ '7.28.0' ],
1679 silly audit   '@babel/helper-string-parser': [ '7.27.1' ],
1679 silly audit   '@jridgewell/sourcemap-codec': [ '1.5.5' ],
1679 silly audit   '@jridgewell/resolve-uri': [ '3.1.2' ],
1679 silly audit   '@types/babel__generator': [ '7.27.0' ],
1679 silly audit   '@types/babel__template': [ '7.4.4' ],
1679 silly audit   '@types/babel__traverse': [ '7.28.0' ],
1679 silly audit   'caniuse-lite': [ '1.0.30001766' ],
1679 silly audit   'fraction.js': [ '5.3.4' ],
1679 silly audit   'postcss-value-parser': [ '4.2.0' ],
1679 silly audit   'baseline-browser-mapping': [ '2.9.18' ],
1679 silly audit   'electron-to-chromium': [ '1.5.278' ],
1679 silly audit   'node-releases': [ '2.0.27' ],
1679 silly audit   'update-browserslist-db': [ '1.2.3' ],
1679 silly audit   ms: [ '2.1.3' ],
1679 silly audit   '@eslint-community/eslint-utils': [ '4.9.1' ],
1679 silly audit   '@eslint-community/regexpp': [ '4.12.2' ],
1679 silly audit   '@eslint/config-array': [ '0.21.1' ],
1679 silly audit   '@eslint/config-helpers': [ '0.4.2' ],
1679 silly audit   '@eslint/core': [ '0.17.0' ],
1679 silly audit   '@eslint/eslintrc': [ '3.3.3' ],
1679 silly audit   '@eslint/plugin-kit': [ '0.4.1' ],
1679 silly audit   '@humanfs/node': [ '0.16.7' ],
1679 silly audit   '@humanwhocodes/module-importer': [ '1.0.1' ],
1679 silly audit   '@humanwhocodes/retry': [ '0.4.3' ],
1679 silly audit   '@types/estree': [ '1.0.8' ],
1679 silly audit   ajv: [ '6.12.6' ],
1679 silly audit   chalk: [ '4.1.2' ],
1679 silly audit   'cross-spawn': [ '7.0.6' ],
1679 silly audit   'escape-string-regexp': [ '4.0.0' ],
1679 silly audit   'eslint-scope': [ '8.4.0' ],
1679 silly audit   'eslint-visitor-keys': [ '4.2.1', '3.4.3' ],
1679 silly audit   espree: [ '10.4.0' ],
1679 silly audit   esquery: [ '1.7.0' ],
1679 silly audit   esutils: [ '2.0.3' ],
1679 silly audit   'fast-deep-equal': [ '3.1.3' ],
1679 silly audit   'file-entry-cache': [ '8.0.0' ],
1679 silly audit   'find-up': [ '5.0.0' ],
1679 silly audit   'glob-parent': [ '6.0.2', '5.1.2' ],
1679 silly audit   ignore: [ '5.3.2', '7.0.5' ],
1679 silly audit   imurmurhash: [ '0.1.4' ],
1679 silly audit   'is-glob': [ '4.0.3' ],
1679 silly audit   'json-stable-stringify-without-jsonify': [ '1.0.1' ],
1679 silly audit   'lodash.merge': [ '4.6.2' ],
1679 silly audit   minimatch: [ '3.1.2', '9.0.5' ],
1679 silly audit   'natural-compare': [ '1.4.0' ],
1679 silly audit   optionator: [ '0.9.4' ],
1679 silly audit   '@eslint/object-schema': [ '2.1.7' ],
1679 silly audit   '@types/json-schema': [ '7.0.15' ],
1679 silly audit   'import-fresh': [ '3.3.1' ],
1679 silly audit   'js-yaml': [ '4.1.1' ],
1679 silly audit   'strip-json-comments': [ '3.1.1' ],
1679 silly audit   levn: [ '0.4.1' ],
1679 silly audit   '@humanfs/core': [ '0.19.1' ],
1679 silly audit   'fast-json-stable-stringify': [ '2.1.0' ],
1679 silly audit   'json-schema-traverse': [ '0.4.1' ],
1679 silly audit   'uri-js': [ '4.4.1' ],
1679 silly audit   'ansi-styles': [ '4.3.0' ],
1679 silly audit   'supports-color': [ '7.2.0' ],
1679 silly audit   'color-convert': [ '2.0.1' ],
1679 silly audit   'color-name': [ '1.1.4' ],
1679 silly audit   'path-key': [ '3.1.1' ],
1679 silly audit   'shebang-command': [ '2.0.0' ],
1679 silly audit   which: [ '2.0.2' ],
1679 silly audit   esrecurse: [ '4.3.0' ],
1679 silly audit   estraverse: [ '5.3.0' ],
1679 silly audit   acorn: [ '8.15.0' ],
1679 silly audit   'acorn-jsx': [ '5.3.2' ],
1679 silly audit   'flat-cache': [ '4.0.1' ],
1679 silly audit   'locate-path': [ '6.0.0' ],
1679 silly audit   'path-exists': [ '4.0.0' ],
1679 silly audit   flatted: [ '3.3.3' ],
1679 silly audit   keyv: [ '4.5.4' ],
1679 silly audit   'parent-module': [ '1.0.1' ],
1679 silly audit   'resolve-from': [ '4.0.0' ],
1679 silly audit   'is-extglob': [ '2.1.1' ],
1679 silly audit   argparse: [ '2.0.1' ],
1679 silly audit   'json-buffer': [ '3.0.1' ],
1679 silly audit   'prelude-ls': [ '1.2.1' ],
1679 silly audit   'type-check': [ '0.4.0' ],
1679 silly audit   'p-locate': [ '5.0.0' ],
1679 silly audit   yallist: [ '3.1.1' ],
1679 silly audit   'brace-expansion': [ '1.1.12', '2.0.2' ],
1679 silly audit   'balanced-match': [ '1.0.2' ],
1679 silly audit   'concat-map': [ '0.0.1' ],
1679 silly audit   'deep-is': [ '0.1.4' ],
1679 silly audit   'fast-levenshtein': [ '2.0.6' ],
1679 silly audit   'word-wrap': [ '1.2.5' ],
1679 silly audit   'p-limit': [ '3.1.0' ],
1679 silly audit   'yocto-queue': [ '0.1.0' ],
1679 silly audit   callsites: [ '3.1.0' ],
1679 silly audit   nanoid: [ '3.3.11' ],
1679 silly audit   'source-map-js': [ '1.2.1' ],
1679 silly audit   'loose-envify': [ '1.4.0' ],
1679 silly audit   scheduler: [ '0.23.2' ],
1679 silly audit   'shebang-regex': [ '3.0.0' ],
1679 silly audit   'has-flag': [ '4.0.0' ],
1679 silly audit   '@alloc/quick-lru': [ '5.2.0' ],
1679 silly audit   arg: [ '5.0.2' ],
1679 silly audit   chokidar: [ '3.6.0' ],
1679 silly audit   didyoumean: [ '1.2.2' ],
1679 silly audit   dlv: [ '1.1.3' ],
1679 silly audit   'fast-glob': [ '3.3.3' ],
1679 silly audit   jiti: [ '1.21.7' ],
1679 silly audit   lilconfig: [ '3.1.3' ],
1679 silly audit   micromatch: [ '4.0.8' ],
1679 silly audit   'normalize-path': [ '3.0.0' ],
1679 silly audit   'object-hash': [ '3.0.0' ],
1679 silly audit   'postcss-import': [ '15.1.0' ],
1679 silly audit   'postcss-js': [ '4.1.0' ],
1679 silly audit   'postcss-load-config': [ '6.0.1' ],
1679 silly audit   'postcss-nested': [ '6.2.0' ],
1679 silly audit   'postcss-selector-parser': [ '6.1.2' ],
1679 silly audit   resolve: [ '1.22.11' ],
1679 silly audit   sucrase: [ '3.35.1' ],
1679 silly audit   anymatch: [ '3.1.3' ],
1679 silly audit   braces: [ '3.0.3' ],
1679 silly audit   fsevents: [ '2.3.3' ],
1679 silly audit   'is-binary-path': [ '2.1.0' ],
1679 silly audit   readdirp: [ '3.6.0' ],
1679 silly audit   picomatch: [ '2.3.1', '4.0.3' ],
1679 silly audit   'fill-range': [ '7.1.1' ],
1679 silly audit   '@nodelib/fs.stat': [ '2.0.5' ],
1679 silly audit   '@nodelib/fs.walk': [ '1.2.8' ],
1679 silly audit   merge2: [ '1.4.1' ],
1679 silly audit   '@nodelib/fs.scandir': [ '2.1.5' ],
1679 silly audit   fastq: [ '1.20.1' ],
1679 silly audit   'run-parallel': [ '1.2.0' ],
1679 silly audit   reusify: [ '1.1.0' ],
1679 silly audit   'to-regex-range': [ '5.0.1' ],
1679 silly audit   'binary-extensions': [ '2.3.0' ],
1679 silly audit   'read-cache': [ '1.0.0' ],
1679 silly audit   'camelcase-css': [ '2.0.1' ],
1679 silly audit   cssesc: [ '3.0.0' ],
1679 silly audit   'util-deprecate': [ '1.0.2' ],
1679 silly audit   pify: [ '2.3.0' ],
1679 silly audit   'is-core-module': [ '2.16.1' ],
1679 silly audit   'path-parse': [ '1.0.7' ],
1679 silly audit   'supports-preserve-symlinks-flag': [ '1.0.0' ],
1679 silly audit   hasown: [ '2.0.2' ],
1679 silly audit   'function-bind': [ '1.1.2' ],
1679 silly audit   'queue-microtask': [ '1.2.3' ],
1679 silly audit   commander: [ '4.1.1' ],
1679 silly audit   'lines-and-columns': [ '1.2.4' ],
1679 silly audit   mz: [ '2.7.0' ],
1679 silly audit   pirates: [ '4.0.7' ],
1679 silly audit   tinyglobby: [ '0.2.15' ],
1679 silly audit   'ts-interface-checker': [ '0.1.13' ],
1679 silly audit   'any-promise': [ '1.3.0' ],
1679 silly audit   'object-assign': [ '4.1.1' ],
1679 silly audit   'thenify-all': [ '1.6.0' ],
1679 silly audit   thenify: [ '3.3.1' ],
1679 silly audit   fdir: [ '6.5.0' ],
1679 silly audit   'is-number': [ '7.0.0' ],
1679 silly audit   '@typescript-eslint/eslint-plugin': [ '8.53.1' ],
1679 silly audit   '@typescript-eslint/parser': [ '8.53.1' ],
1679 silly audit   '@typescript-eslint/typescript-estree': [ '8.53.1' ],
1679 silly audit   '@typescript-eslint/utils': [ '8.53.1' ],
1679 silly audit   '@typescript-eslint/scope-manager': [ '8.53.1' ],
1679 silly audit   '@typescript-eslint/type-utils': [ '8.53.1' ],
1679 silly audit   '@typescript-eslint/visitor-keys': [ '8.53.1' ],
1679 silly audit   'ts-api-utils': [ '2.4.0' ],
1679 silly audit   '@typescript-eslint/types': [ '8.53.1' ],
1679 silly audit   '@typescript-eslint/project-service': [ '8.53.1' ],
1679 silly audit   '@typescript-eslint/tsconfig-utils': [ '8.53.1' ],
1679 silly audit   escalade: [ '3.2.0' ],
1679 silly audit   punycode: [ '2.3.1' ],
1679 silly audit   esbuild: [ '0.25.12' ],
1679 silly audit   rollup: [ '4.56.0' ],
1679 silly audit   '@esbuild/aix-ppc64': [ '0.25.12' ],
1679 silly audit   '@esbuild/android-arm': [ '0.25.12' ],
1679 silly audit   '@esbuild/android-arm64': [ '0.25.12' ],
1679 silly audit   '@esbuild/android-x64': [ '0.25.12' ],
1679 silly audit   '@esbuild/darwin-arm64': [ '0.25.12' ],
1679 silly audit   '@esbuild/darwin-x64': [ '0.25.12' ],
1679 silly audit   '@esbuild/freebsd-arm64': [ '0.25.12' ],
1679 silly audit   '@esbuild/freebsd-x64': [ '0.25.12' ],
1679 silly audit   '@esbuild/linux-arm': [ '0.25.12' ],
1679 silly audit   '@esbuild/linux-arm64': [ '0.25.12' ],
1679 silly audit   '@esbuild/linux-ia32': [ '0.25.12' ],
1679 silly audit   '@esbuild/linux-loong64': [ '0.25.12' ],
1679 silly audit   '@esbuild/linux-mips64el': [ '0.25.12' ],
1679 silly audit   '@esbuild/linux-ppc64': [ '0.25.12' ],
1679 silly audit   '@esbuild/linux-riscv64': [ '0.25.12' ],
1679 silly audit   '@esbuild/linux-s390x': [ '0.25.12' ],
1679 silly audit   '@esbuild/linux-x64': [ '0.25.12' ],
1679 silly audit   '@esbuild/netbsd-arm64': [ '0.25.12' ],
1679 silly audit   '@esbuild/netbsd-x64': [ '0.25.12' ],
1679 silly audit   '@esbuild/openbsd-arm64': [ '0.25.12' ],
1679 silly audit   '@esbuild/openbsd-x64': [ '0.25.12' ],
1679 silly audit   '@esbuild/openharmony-arm64': [ '0.25.12' ],
1679 silly audit   '@esbuild/sunos-x64': [ '0.25.12' ],
1679 silly audit   '@esbuild/win32-arm64': [ '0.25.12' ],
1679 silly audit   '@esbuild/win32-ia32': [ '0.25.12' ],
1679 silly audit   '@esbuild/win32-x64': [ '0.25.12' ],
1679 silly audit   '@rollup/rollup-android-arm-eabi': [ '4.56.0' ],
1679 silly audit   '@rollup/rollup-android-arm64': [ '4.56.0' ],
1679 silly audit   '@rollup/rollup-darwin-arm64': [ '4.56.0' ],
1679 silly audit   '@rollup/rollup-darwin-x64': [ '4.56.0' ],
1679 silly audit   '@rollup/rollup-freebsd-arm64': [ '4.56.0' ],
1679 silly audit   '@rollup/rollup-freebsd-x64': [ '4.56.0' ],
1679 silly audit   '@rollup/rollup-linux-arm-gnueabihf': [ '4.56.0' ],
1679 silly audit   '@rollup/rollup-linux-arm-musleabihf': [ '4.56.0' ],
1679 silly audit   '@rollup/rollup-linux-arm64-gnu': [ '4.56.0' ],
1679 silly audit   '@rollup/rollup-linux-arm64-musl': [ '4.56.0' ],
1679 silly audit   '@rollup/rollup-linux-loong64-gnu': [ '4.56.0' ],
1679 silly audit   '@rollup/rollup-linux-loong64-musl': [ '4.56.0' ],
1679 silly audit   '@rollup/rollup-linux-ppc64-gnu': [ '4.56.0' ],
1679 silly audit   '@rollup/rollup-linux-ppc64-musl': [ '4.56.0' ],
1679 silly audit   '@rollup/rollup-linux-riscv64-gnu': [ '4.56.0' ],
1679 silly audit   '@rollup/rollup-linux-riscv64-musl': [ '4.56.0' ],
1679 silly audit   '@rollup/rollup-linux-s390x-gnu': [ '4.56.0' ],
1679 silly audit   '@rollup/rollup-linux-x64-gnu': [ '4.56.0' ],
1679 silly audit   '@rollup/rollup-linux-x64-musl': [ '4.56.0' ],
1679 silly audit   '@rollup/rollup-openbsd-x64': [ '4.56.0' ],
1679 silly audit   '@rollup/rollup-openharmony-arm64': [ '4.56.0' ],
1679 silly audit   '@rollup/rollup-win32-arm64-msvc': [ '4.56.0' ],
1679 silly audit   '@rollup/rollup-win32-ia32-msvc': [ '4.56.0' ],
1679 silly audit   '@rollup/rollup-win32-x64-gnu': [ '4.56.0' ],
1679 silly audit   '@rollup/rollup-win32-x64-msvc': [ '4.56.0' ],
1679 silly audit   isexe: [ '2.0.0' ]
1679 silly audit }
1680 verbose reify failed optional dependency /Users/mitchellengare/Downloads/african-gbv-tracker-v2/node_modules/@rollup/rollup-win32-x64-msvc
1681 silly reify mark deleted [
1681 silly reify   '/Users/mitchellengare/Downloads/african-gbv-tracker-v2/node_modules/@rollup/rollup-win32-x64-msvc'
1681 silly reify ]
1682 verbose reify failed optional dependency /Users/mitchellengare/Downloads/african-gbv-tracker-v2/node_modules/@rollup/rollup-win32-x64-gnu
1683 silly reify mark deleted [
1683 silly reify   '/Users/mitchellengare/Downloads/african-gbv-tracker-v2/node_modules/@rollup/rollup-win32-x64-gnu'
1683 silly reify ]
1684 verbose reify failed optional dependency /Users/mitchellengare/Downloads/african-gbv-tracker-v2/node_modules/@rollup/rollup-win32-ia32-msvc
1685 silly reify mark deleted [
1685 silly reify   '/Users/mitchellengare/Downloads/african-gbv-tracker-v2/node_modules/@rollup/rollup-win32-ia32-msvc'
1685 silly reify ]
1686 verbose reify failed optional dependency /Users/mitchellengare/Downloads/african-gbv-tracker-v2/node_modules/@rollup/rollup-win32-arm64-msvc
1687 silly reify mark deleted [
1687 silly reify   '/Users/mitchellengare/Downloads/african-gbv-tracker-v2/node_modules/@rollup/rollup-win32-arm64-msvc'
1687 silly reify ]
1688 verbose reify failed optional dependency /Users/mitchellengare/Downloads/african-gbv-tracker-v2/node_modules/@rollup/rollup-openharmony-arm64
1689 silly reify mark deleted [
1689 silly reify   '/Users/mitchellengare/Downloads/african-gbv-tracker-v2/node_modules/@rollup/rollup-openharmony-arm64'
1689 silly reify ]
1690 verbose reify failed optional dependency /Users/mitchellengare/Downloads/african-gbv-tracker-v2/node_modules/@rollup/rollup-openbsd-x64
1691 silly reify mark deleted [
1691 silly reify   '/Users/mitchellengare/Downloads/african-gbv-tracker-v2/node_modules/@rollup/rollup-openbsd-x64'
1691 silly reify ]
1692 verbose reify failed optional dependency /Users/mitchellengare/Downloads/african-gbv-tracker-v2/node_modules/@rollup/rollup-linux-x64-musl
1693 silly reify mark deleted [
1693 silly reify   '/Users/mitchellengare/Downloads/african-gbv-tracker-v2/node_modules/@rollup/rollup-linux-x64-musl'
1693 silly reify ]
1694 verbose reify failed optional dependency /Users/mitchellengare/Downloads/african-gbv-tracker-v2/node_modules/@rollup/rollup-linux-x64-gnu
1695 silly reify mark deleted [
1695 silly reify   '/Users/mitchellengare/Downloads/african-gbv-tracker-v2/node_modules/@rollup/rollup-linux-x64-gnu'
1695 silly reify ]
1696 verbose reify failed optional dependency /Users/mitchellengare/Downloads/african-gbv-tracker-v2/node_modules/@rollup/rollup-linux-s390x-gnu
1697 silly reify mark deleted [
1697 silly reify   '/Users/mitchellengare/Downloads/african-gbv-tracker-v2/node_modules/@rollup/rollup-linux-s390x-gnu'
1697 silly reify ]
1698 verbose reify failed optional dependency /Users/mitchellengare/Downloads/african-gbv-tracker-v2/node_modules/@rollup/rollup-linux-riscv64-musl
1699 silly reify mark deleted [
1699 silly reify   '/Users/mitchellengare/Downloads/african-gbv-tracker-v2/node_modules/@rollup/rollup-linux-riscv64-musl'
1699 silly reify ]
1700 verbose reify failed optional dependency /Users/mitchellengare/Downloads/african-gbv-tracker-v2/node_modules/@rollup/rollup-linux-riscv64-gnu
1701 silly reify mark deleted [
1701 silly reify   '/Users/mitchellengare/Downloads/african-gbv-tracker-v2/node_modules/@rollup/rollup-linux-riscv64-gnu'
1701 silly reify ]
1702 verbose reify failed optional dependency /Users/mitchellengare/Downloads/african-gbv-tracker-v2/node_modules/@rollup/rollup-linux-ppc64-musl
1703 silly reify mark deleted [
1703 silly reify   '/Users/mitchellengare/Downloads/african-gbv-tracker-v2/node_modules/@rollup/rollup-linux-ppc64-musl'
1703 silly reify ]
1704 verbose reify failed optional dependency /Users/mitchellengare/Downloads/african-gbv-tracker-v2/node_modules/@rollup/rollup-linux-ppc64-gnu
1705 silly reify mark deleted [
1705 silly reify   '/Users/mitchellengare/Downloads/african-gbv-tracker-v2/node_modules/@rollup/rollup-linux-ppc64-gnu'
1705 silly reify ]
1706 verbose reify failed optional dependency /Users/mitchellengare/Downloads/african-gbv-tracker-v2/node_modules/@rollup/rollup-linux-loong64-musl
1707 silly reify mark deleted [
1707 silly reify   '/Users/mitchellengare/Downloads/african-gbv-tracker-v2/node_modules/@rollup/rollup-linux-loong64-musl'
1707 silly reify ]
1708 verbose reify failed optional dependency /Users/mitchellengare/Downloads/african-gbv-tracker-v2/node_modules/@rollup/rollup-linux-loong64-gnu
1709 silly reify mark deleted [
1709 silly reify   '/Users/mitchellengare/Downloads/african-gbv-tracker-v2/node_modules/@rollup/rollup-linux-loong64-gnu'
1709 silly reify ]
1710 verbose reify failed optional dependency /Users/mitchellengare/Downloads/african-gbv-tracker-v2/node_modules/@rollup/rollup-linux-arm64-musl
1711 silly reify mark deleted [
1711 silly reify   '/Users/mitchellengare/Downloads/african-gbv-tracker-v2/node_modules/@rollup/rollup-linux-arm64-musl'
1711 silly reify ]
1712 verbose reify failed optional dependency /Users/mitchellengare/Downloads/african-gbv-tracker-v2/node_modules/@rollup/rollup-linux-arm64-gnu
1713 silly reify mark deleted [
1713 silly reify   '/Users/mitchellengare/Downloads/african-gbv-tracker-v2/node_modules/@rollup/rollup-linux-arm64-gnu'
1713 silly reify ]
1714 verbose reify failed optional dependency /Users/mitchellengare/Downloads/african-gbv-tracker-v2/node_modules/@rollup/rollup-linux-arm-musleabihf
1715 silly reify mark deleted [
1715 silly reify   '/Users/mitchellengare/Downloads/african-gbv-tracker-v2/node_modules/@rollup/rollup-linux-arm-musleabihf'
1715 silly reify ]
1716 verbose reify failed optional dependency /Users/mitchellengare/Downloads/african-gbv-tracker-v2/node_modules/@rollup/rollup-linux-arm-gnueabihf
1717 silly reify mark deleted [
1717 silly reify   '/Users/mitchellengare/Downloads/african-gbv-tracker-v2/node_modules/@rollup/rollup-linux-arm-gnueabihf'
1717 silly reify ]
1718 verbose reify failed optional dependency /Users/mitchellengare/Downloads/african-gbv-tracker-v2/node_modules/@rollup/rollup-freebsd-x64
1719 silly reify mark deleted [
1719 silly reify   '/Users/mitchellengare/Downloads/african-gbv-tracker-v2/node_modules/@rollup/rollup-freebsd-x64'
1719 silly reify ]
1720 verbose reify failed optional dependency /Users/mitchellengare/Downloads/african-gbv-tracker-v2/node_modules/@rollup/rollup-freebsd-arm64
1721 silly reify mark deleted [
1721 silly reify   '/Users/mitchellengare/Downloads/african-gbv-tracker-v2/node_modules/@rollup/rollup-freebsd-arm64'
1721 silly reify ]
1722 verbose reify failed optional dependency /Users/mitchellengare/Downloads/african-gbv-tracker-v2/node_modules/@rollup/rollup-darwin-x64
1723 silly reify mark deleted [
1723 silly reify   '/Users/mitchellengare/Downloads/african-gbv-tracker-v2/node_modules/@rollup/rollup-darwin-x64'
1723 silly reify ]
1724 verbose reify failed optional dependency /Users/mitchellengare/Downloads/african-gbv-tracker-v2/node_modules/@rollup/rollup-android-arm64
1725 silly reify mark deleted [
1725 silly reify   '/Users/mitchellengare/Downloads/african-gbv-tracker-v2/node_modules/@rollup/rollup-android-arm64'
1725 silly reify ]
1726 verbose reify failed optional dependency /Users/mitchellengare/Downloads/african-gbv-tracker-v2/node_modules/@rollup/rollup-android-arm-eabi
1727 silly reify mark deleted [
1727 silly reify   '/Users/mitchellengare/Downloads/african-gbv-tracker-v2/node_modules/@rollup/rollup-android-arm-eabi'
1727 silly reify ]
1728 verbose reify failed optional dependency /Users/mitchellengare/Downloads/african-gbv-tracker-v2/node_modules/@esbuild/win32-x64
1729 silly reify mark deleted [
1729 silly reify   '/Users/mitchellengare/Downloads/african-gbv-tracker-v2/node_modules/@esbuild/win32-x64'
1729 silly reify ]
1730 verbose reify failed optional dependency /Users/mitchellengare/Downloads/african-gbv-tracker-v2/node_modules/@esbuild/win32-ia32
1731 silly reify mark deleted [
1731 silly reify   '/Users/mitchellengare/Downloads/african-gbv-tracker-v2/node_modules/@esbuild/win32-ia32'
1731 silly reify ]
1732 verbose reify failed optional dependency /Users/mitchellengare/Downloads/african-gbv-tracker-v2/node_modules/@esbuild/win32-arm64
1733 silly reify mark deleted [
1733 silly reify   '/Users/mitchellengare/Downloads/african-gbv-tracker-v2/node_modules/@esbuild/win32-arm64'
1733 silly reify ]
1734 verbose reify failed optional dependency /Users/mitchellengare/Downloads/african-gbv-tracker-v2/node_modules/@esbuild/sunos-x64
1735 silly reify mark deleted [
1735 silly reify   '/Users/mitchellengare/Downloads/african-gbv-tracker-v2/node_modules/@esbuild/sunos-x64'
1735 silly reify ]
1736 verbose reify failed optional dependency /Users/mitchellengare/Downloads/african-gbv-tracker-v2/node_modules/@esbuild/openharmony-arm64
1737 silly reify mark deleted [
1737 silly reify   '/Users/mitchellengare/Downloads/african-gbv-tracker-v2/node_modules/@esbuild/openharmony-arm64'
1737 silly reify ]
1738 verbose reify failed optional dependency /Users/mitchellengare/Downloads/african-gbv-tracker-v2/node_modules/@esbuild/openbsd-x64
1739 silly reify mark deleted [
1739 silly reify   '/Users/mitchellengare/Downloads/african-gbv-tracker-v2/node_modules/@esbuild/openbsd-x64'
1739 silly reify ]
1740 verbose reify failed optional dependency /Users/mitchellengare/Downloads/african-gbv-tracker-v2/node_modules/@esbuild/openbsd-arm64
1741 silly reify mark deleted [
1741 silly reify   '/Users/mitchellengare/Downloads/african-gbv-tracker-v2/node_modules/@esbuild/openbsd-arm64'
1741 silly reify ]
1742 verbose reify failed optional dependency /Users/mitchellengare/Downloads/african-gbv-tracker-v2/node_modules/@esbuild/netbsd-x64
1743 silly reify mark deleted [
1743 silly reify   '/Users/mitchellengare/Downloads/african-gbv-tracker-v2/node_modules/@esbuild/netbsd-x64'
1743 silly reify ]
1744 verbose reify failed optional dependency /Users/mitchellengare/Downloads/african-gbv-tracker-v2/node_modules/@esbuild/netbsd-arm64
1745 silly reify mark deleted [
1745 silly reify   '/Users/mitchellengare/Downloads/african-gbv-tracker-v2/node_modules/@esbuild/netbsd-arm64'
1745 silly reify ]
1746 verbose reify failed optional dependency /Users/mitchellengare/Downloads/african-gbv-tracker-v2/node_modules/@esbuild/linux-x64
1747 silly reify mark deleted [
1747 silly reify   '/Users/mitchellengare/Downloads/african-gbv-tracker-v2/node_modules/@esbuild/linux-x64'
1747 silly reify ]
1748 verbose reify failed optional dependency /Users/mitchellengare/Downloads/african-gbv-tracker-v2/node_modules/@esbuild/linux-s390x
1749 silly reify mark deleted [
1749 silly reify   '/Users/mitchellengare/Downloads/african-gbv-tracker-v2/node_modules/@esbuild/linux-s390x'
1749 silly reify ]
1750 verbose reify failed optional dependency /Users/mitchellengare/Downloads/african-gbv-tracker-v2/node_modules/@esbuild/linux-riscv64
1751 silly reify mark deleted [
1751 silly reify   '/Users/mitchellengare/Downloads/african-gbv-tracker-v2/node_modules/@esbuild/linux-riscv64'
1751 silly reify ]
1752 verbose reify failed optional dependency /Users/mitchellengare/Downloads/african-gbv-tracker-v2/node_modules/@esbuild/linux-ppc64
1753 silly reify mark deleted [
1753 silly reify   '/Users/mitchellengare/Downloads/african-gbv-tracker-v2/node_modules/@esbuild/linux-ppc64'
1753 silly reify ]
1754 verbose reify failed optional dependency /Users/mitchellengare/Downloads/african-gbv-tracker-v2/node_modules/@esbuild/linux-mips64el
1755 silly reify mark deleted [
1755 silly reify   '/Users/mitchellengare/Downloads/african-gbv-tracker-v2/node_modules/@esbuild/linux-mips64el'
1755 silly reify ]
1756 verbose reify failed optional dependency /Users/mitchellengare/Downloads/african-gbv-tracker-v2/node_modules/@esbuild/linux-loong64
1757 silly reify mark deleted [
1757 silly reify   '/Users/mitchellengare/Downloads/african-gbv-tracker-v2/node_modules/@esbuild/linux-loong64'
1757 silly reify ]
1758 verbose reify failed optional dependency /Users/mitchellengare/Downloads/african-gbv-tracker-v2/node_modules/@esbuild/linux-ia32
1759 silly reify mark deleted [
1759 silly reify   '/Users/mitchellengare/Downloads/african-gbv-tracker-v2/node_modules/@esbuild/linux-ia32'
1759 silly reify ]
1760 verbose reify failed optional dependency /Users/mitchellengare/Downloads/african-gbv-tracker-v2/node_modules/@esbuild/linux-arm64
1761 silly reify mark deleted [
1761 silly reify   '/Users/mitchellengare/Downloads/african-gbv-tracker-v2/node_modules/@esbuild/linux-arm64'
1761 silly reify ]
1762 verbose reify failed optional dependency /Users/mitchellengare/Downloads/african-gbv-tracker-v2/node_modules/@esbuild/linux-arm
1763 silly reify mark deleted [
1763 silly reify   '/Users/mitchellengare/Downloads/african-gbv-tracker-v2/node_modules/@esbuild/linux-arm'
1763 silly reify ]
1764 verbose reify failed optional dependency /Users/mitchellengare/Downloads/african-gbv-tracker-v2/node_modules/@esbuild/freebsd-x64
1765 silly reify mark deleted [
1765 silly reify   '/Users/mitchellengare/Downloads/african-gbv-tracker-v2/node_modules/@esbuild/freebsd-x64'
1765 silly reify ]
1766 verbose reify failed optional dependency /Users/mitchellengare/Downloads/african-gbv-tracker-v2/node_modules/@esbuild/freebsd-arm64
1767 silly reify mark deleted [
1767 silly reify   '/Users/mitchellengare/Downloads/african-gbv-tracker-v2/node_modules/@esbuild/freebsd-arm64'
1767 silly reify ]
1768 verbose reify failed optional dependency /Users/mitchellengare/Downloads/african-gbv-tracker-v2/node_modules/@esbuild/darwin-x64
1769 silly reify mark deleted [
1769 silly reify   '/Users/mitchellengare/Downloads/african-gbv-tracker-v2/node_modules/@esbuild/darwin-x64'
1769 silly reify ]
1770 verbose reify failed optional dependency /Users/mitchellengare/Downloads/african-gbv-tracker-v2/node_modules/@esbuild/android-x64
1771 silly reify mark deleted [
1771 silly reify   '/Users/mitchellengare/Downloads/african-gbv-tracker-v2/node_modules/@esbuild/android-x64'
1771 silly reify ]
1772 verbose reify failed optional dependency /Users/mitchellengare/Downloads/african-gbv-tracker-v2/node_modules/@esbuild/android-arm64
1773 silly reify mark deleted [
1773 silly reify   '/Users/mitchellengare/Downloads/african-gbv-tracker-v2/node_modules/@esbuild/android-arm64'
1773 silly reify ]
1774 verbose reify failed optional dependency /Users/mitchellengare/Downloads/african-gbv-tracker-v2/node_modules/@esbuild/android-arm
1775 silly reify mark deleted [
1775 silly reify   '/Users/mitchellengare/Downloads/african-gbv-tracker-v2/node_modules/@esbuild/android-arm'
1775 silly reify ]
1776 verbose reify failed optional dependency /Users/mitchellengare/Downloads/african-gbv-tracker-v2/node_modules/@esbuild/aix-ppc64
1777 silly reify mark deleted [
1777 silly reify   '/Users/mitchellengare/Downloads/african-gbv-tracker-v2/node_modules/@esbuild/aix-ppc64'
1777 silly reify ]
1778 http cache isexe@https://registry.npmjs.org/isexe/-/isexe-2.0.0.tgz 0ms (cache hit)
1779 http cache @rollup/rollup-darwin-arm64@https://registry.npmjs.org/@rollup/rollup-darwin-arm64/-/rollup-darwin-arm64-4.56.0.tgz 0ms (cache hit)
1780 http cache rollup@https://registry.npmjs.org/rollup/-/rollup-4.56.0.tgz 0ms (cache hit)
1781 http cache @esbuild/darwin-arm64@https://registry.npmjs.org/@esbuild/darwin-arm64/-/darwin-arm64-0.25.12.tgz 0ms (cache hit)
1782 http cache esbuild@https://registry.npmjs.org/esbuild/-/esbuild-0.25.12.tgz 0ms (cache hit)
1783 http cache punycode@https://registry.npmjs.org/punycode/-/punycode-2.3.1.tgz 0ms (cache hit)
1784 http cache @typescript-eslint/project-service@https://registry.npmjs.org/@typescript-eslint/project-service/-/project-service-8.53.1.tgz 0ms (cache hit)
1785 http cache @typescript-eslint/tsconfig-utils@https://registry.npmjs.org/@typescript-eslint/tsconfig-utils/-/tsconfig-utils-8.53.1.tgz 0ms (cache hit)
1786 http cache escalade@https://registry.npmjs.org/escalade/-/escalade-3.2.0.tgz 0ms (cache hit)
1787 http cache ts-api-utils@https://registry.npmjs.org/ts-api-utils/-/ts-api-utils-2.4.0.tgz 0ms (cache hit)
1788 http cache @typescript-eslint/visitor-keys@https://registry.npmjs.org/@typescript-eslint/visitor-keys/-/visitor-keys-8.53.1.tgz 0ms (cache hit)
1789 http cache @typescript-eslint/types@https://registry.npmjs.org/@typescript-eslint/types/-/types-8.53.1.tgz 0ms (cache hit)
1790 http cache @typescript-eslint/type-utils@https://registry.npmjs.org/@typescript-eslint/type-utils/-/type-utils-8.53.1.tgz 0ms (cache hit)
1791 http cache @typescript-eslint/scope-manager@https://registry.npmjs.org/@typescript-eslint/scope-manager/-/scope-manager-8.53.1.tgz 0ms (cache hit)
1792 http cache @typescript-eslint/typescript-estree@https://registry.npmjs.org/@typescript-eslint/typescript-estree/-/typescript-estree-8.53.1.tgz 0ms (cache hit)
1793 http cache @typescript-eslint/eslint-plugin@https://registry.npmjs.org/@typescript-eslint/eslint-plugin/-/eslint-plugin-8.53.1.tgz 0ms (cache hit)
1794 http cache @typescript-eslint/parser@https://registry.npmjs.org/@typescript-eslint/parser/-/parser-8.53.1.tgz 0ms (cache hit)
1795 http cache is-number@https://registry.npmjs.org/is-number/-/is-number-7.0.0.tgz 0ms (cache hit)
1796 http cache thenify@https://registry.npmjs.org/thenify/-/thenify-3.3.1.tgz 0ms (cache hit)
1797 http cache thenify-all@https://registry.npmjs.org/thenify-all/-/thenify-all-1.6.0.tgz 0ms (cache hit)
1798 http cache any-promise@https://registry.npmjs.org/any-promise/-/any-promise-1.3.0.tgz 0ms (cache hit)
1799 http cache ts-interface-checker@https://registry.npmjs.org/ts-interface-checker/-/ts-interface-checker-0.1.13.tgz 0ms (cache hit)
1800 http cache pirates@https://registry.npmjs.org/pirates/-/pirates-4.0.7.tgz 0ms (cache hit)
1801 http cache tinyglobby@https://registry.npmjs.org/tinyglobby/-/tinyglobby-0.2.15.tgz 0ms (cache hit)
1802 http cache @typescript-eslint/utils@https://registry.npmjs.org/@typescript-eslint/utils/-/utils-8.53.1.tgz 0ms (cache hit)
1803 http cache mz@https://registry.npmjs.org/mz/-/mz-2.7.0.tgz 0ms (cache hit)
1804 http cache lines-and-columns@https://registry.npmjs.org/lines-and-columns/-/lines-and-columns-1.2.4.tgz 0ms (cache hit)
1805 http cache commander@https://registry.npmjs.org/commander/-/commander-4.1.1.tgz 0ms (cache hit)
1806 http cache queue-microtask@https://registry.npmjs.org/queue-microtask/-/queue-microtask-1.2.3.tgz 0ms (cache hit)
1807 http cache function-bind@https://registry.npmjs.org/function-bind/-/function-bind-1.1.2.tgz 0ms (cache hit)
1808 http cache hasown@https://registry.npmjs.org/hasown/-/hasown-2.0.2.tgz 0ms (cache hit)
1809 http cache supports-preserve-symlinks-flag@https://registry.npmjs.org/supports-preserve-symlinks-flag/-/supports-preserve-symlinks-flag-1.0.0.tgz 0ms (cache hit)
1810 http cache path-parse@https://registry.npmjs.org/path-parse/-/path-parse-1.0.7.tgz 0ms (cache hit)
1811 http cache is-core-module@https://registry.npmjs.org/is-core-module/-/is-core-module-2.16.1.tgz 0ms (cache hit)
1812 http cache pify@https://registry.npmjs.org/pify/-/pify-2.3.0.tgz 0ms (cache hit)
1813 http cache cssesc@https://registry.npmjs.org/cssesc/-/cssesc-3.0.0.tgz 0ms (cache hit)
1814 http cache camelcase-css@https://registry.npmjs.org/camelcase-css/-/camelcase-css-2.0.1.tgz 0ms (cache hit)
1815 http cache object-assign@https://registry.npmjs.org/object-assign/-/object-assign-4.1.1.tgz 0ms (cache hit)
1816 http cache read-cache@https://registry.npmjs.org/read-cache/-/read-cache-1.0.0.tgz 0ms (cache hit)
1817 http cache binary-extensions@https://registry.npmjs.org/binary-extensions/-/binary-extensions-2.3.0.tgz 0ms (cache hit)
1818 http cache util-deprecate@https://registry.npmjs.org/util-deprecate/-/util-deprecate-1.0.2.tgz 0ms (cache hit)
1819 http cache to-regex-range@https://registry.npmjs.org/to-regex-range/-/to-regex-range-5.0.1.tgz 0ms (cache hit)
1820 http cache reusify@https://registry.npmjs.org/reusify/-/reusify-1.1.0.tgz 0ms (cache hit)
1821 http cache run-parallel@https://registry.npmjs.org/run-parallel/-/run-parallel-1.2.0.tgz 0ms (cache hit)
1822 http cache fastq@https://registry.npmjs.org/fastq/-/fastq-1.20.1.tgz 0ms (cache hit)
1823 http cache @nodelib/fs.scandir@https://registry.npmjs.org/@nodelib/fs.scandir/-/fs.scandir-2.1.5.tgz 0ms (cache hit)
1824 http cache @nodelib/fs.walk@https://registry.npmjs.org/@nodelib/fs.walk/-/fs.walk-1.2.8.tgz 0ms (cache hit)
1825 http cache @nodelib/fs.stat@https://registry.npmjs.org/@nodelib/fs.stat/-/fs.stat-2.0.5.tgz 0ms (cache hit)
1826 http cache picomatch@https://registry.npmjs.org/picomatch/-/picomatch-2.3.1.tgz 0ms (cache hit)
1827 http cache fill-range@https://registry.npmjs.org/fill-range/-/fill-range-7.1.1.tgz 0ms (cache hit)
1828 http cache readdirp@https://registry.npmjs.org/readdirp/-/readdirp-3.6.0.tgz 0ms (cache hit)
1829 http cache is-binary-path@https://registry.npmjs.org/is-binary-path/-/is-binary-path-2.1.0.tgz 0ms (cache hit)
1830 http cache fsevents@https://registry.npmjs.org/fsevents/-/fsevents-2.3.3.tgz 0ms (cache hit)
1831 http cache braces@https://registry.npmjs.org/braces/-/braces-3.0.3.tgz 0ms (cache hit)
1832 http cache anymatch@https://registry.npmjs.org/anymatch/-/anymatch-3.1.3.tgz 0ms (cache hit)
1833 http cache sucrase@https://registry.npmjs.org/sucrase/-/sucrase-3.35.1.tgz 0ms (cache hit)
1834 http cache resolve@https://registry.npmjs.org/resolve/-/resolve-1.22.11.tgz 0ms (cache hit)
1835 http cache postcss-selector-parser@https://registry.npmjs.org/postcss-selector-parser/-/postcss-selector-parser-6.1.2.tgz 0ms (cache hit)
1836 http cache postcss-nested@https://registry.npmjs.org/postcss-nested/-/postcss-nested-6.2.0.tgz 0ms (cache hit)
1837 http cache postcss-load-config@https://registry.npmjs.org/postcss-load-config/-/postcss-load-config-6.0.1.tgz 0ms (cache hit)
1838 http cache postcss-js@https://registry.npmjs.org/postcss-js/-/postcss-js-4.1.0.tgz 0ms (cache hit)
1839 http cache postcss-import@https://registry.npmjs.org/postcss-import/-/postcss-import-15.1.0.tgz 0ms (cache hit)
1840 http cache object-hash@https://registry.npmjs.org/object-hash/-/object-hash-3.0.0.tgz 0ms (cache hit)
1841 http cache normalize-path@https://registry.npmjs.org/normalize-path/-/normalize-path-3.0.0.tgz 0ms (cache hit)
1842 http cache micromatch@https://registry.npmjs.org/micromatch/-/micromatch-4.0.8.tgz 0ms (cache hit)
1843 http cache lilconfig@https://registry.npmjs.org/lilconfig/-/lilconfig-3.1.3.tgz 0ms (cache hit)
1844 http cache jiti@https://registry.npmjs.org/jiti/-/jiti-1.21.7.tgz 0ms (cache hit)
1845 http cache dlv@https://registry.npmjs.org/dlv/-/dlv-1.1.3.tgz 0ms (cache hit)
1846 http cache didyoumean@https://registry.npmjs.org/didyoumean/-/didyoumean-1.2.2.tgz 0ms (cache hit)
1847 http cache fast-glob@https://registry.npmjs.org/fast-glob/-/fast-glob-3.3.3.tgz 0ms (cache hit)
1848 http cache merge2@https://registry.npmjs.org/merge2/-/merge2-1.4.1.tgz 0ms (cache hit)
1849 http cache chokidar@https://registry.npmjs.org/chokidar/-/chokidar-3.6.0.tgz 0ms (cache hit)
1850 http cache @alloc/quick-lru@https://registry.npmjs.org/@alloc/quick-lru/-/quick-lru-5.2.0.tgz 0ms (cache hit)
1851 http cache has-flag@https://registry.npmjs.org/has-flag/-/has-flag-4.0.0.tgz 0ms (cache hit)
1852 http cache shebang-regex@https://registry.npmjs.org/shebang-regex/-/shebang-regex-3.0.0.tgz 0ms (cache hit)
1853 http cache scheduler@https://registry.npmjs.org/scheduler/-/scheduler-0.23.2.tgz 0ms (cache hit)
1854 http cache arg@https://registry.npmjs.org/arg/-/arg-5.0.2.tgz 0ms (cache hit)
1855 http cache loose-envify@https://registry.npmjs.org/loose-envify/-/loose-envify-1.4.0.tgz 0ms (cache hit)
1856 http cache source-map-js@https://registry.npmjs.org/source-map-js/-/source-map-js-1.2.1.tgz 0ms (cache hit)
1857 http cache nanoid@https://registry.npmjs.org/nanoid/-/nanoid-3.3.11.tgz 0ms (cache hit)
1858 http cache callsites@https://registry.npmjs.org/callsites/-/callsites-3.1.0.tgz 0ms (cache hit)
1859 http cache yocto-queue@https://registry.npmjs.org/yocto-queue/-/yocto-queue-0.1.0.tgz 0ms (cache hit)
1860 http cache p-limit@https://registry.npmjs.org/p-limit/-/p-limit-3.1.0.tgz 0ms (cache hit)
1861 http cache word-wrap@https://registry.npmjs.org/word-wrap/-/word-wrap-1.2.5.tgz 0ms (cache hit)
1862 http cache fast-levenshtein@https://registry.npmjs.org/fast-levenshtein/-/fast-levenshtein-2.0.6.tgz 0ms (cache hit)
1863 http cache deep-is@https://registry.npmjs.org/deep-is/-/deep-is-0.1.4.tgz 0ms (cache hit)
1864 http cache concat-map@https://registry.npmjs.org/concat-map/-/concat-map-0.0.1.tgz 0ms (cache hit)
1865 http cache balanced-match@https://registry.npmjs.org/balanced-match/-/balanced-match-1.0.2.tgz 0ms (cache hit)
1866 http cache yallist@https://registry.npmjs.org/yallist/-/yallist-3.1.1.tgz 0ms (cache hit)
1867 http cache p-locate@https://registry.npmjs.org/p-locate/-/p-locate-5.0.0.tgz 0ms (cache hit)
1868 http cache brace-expansion@https://registry.npmjs.org/brace-expansion/-/brace-expansion-1.1.12.tgz 0ms (cache hit)
1869 http cache type-check@https://registry.npmjs.org/type-check/-/type-check-0.4.0.tgz 0ms (cache hit)
1870 http cache prelude-ls@https://registry.npmjs.org/prelude-ls/-/prelude-ls-1.2.1.tgz 0ms (cache hit)
1871 http cache argparse@https://registry.npmjs.org/argparse/-/argparse-2.0.1.tgz 0ms (cache hit)
1872 http cache is-extglob@https://registry.npmjs.org/is-extglob/-/is-extglob-2.1.1.tgz 0ms (cache hit)
1873 http cache resolve-from@https://registry.npmjs.org/resolve-from/-/resolve-from-4.0.0.tgz 0ms (cache hit)
1874 http cache json-buffer@https://registry.npmjs.org/json-buffer/-/json-buffer-3.0.1.tgz 0ms (cache hit)
1875 http cache keyv@https://registry.npmjs.org/keyv/-/keyv-4.5.4.tgz 0ms (cache hit)
1876 http cache flatted@https://registry.npmjs.org/flatted/-/flatted-3.3.3.tgz 0ms (cache hit)
1877 http cache locate-path@https://registry.npmjs.org/locate-path/-/locate-path-6.0.0.tgz 0ms (cache hit)
1878 http cache parent-module@https://registry.npmjs.org/parent-module/-/parent-module-1.0.1.tgz 0ms (cache hit)
1879 http cache path-exists@https://registry.npmjs.org/path-exists/-/path-exists-4.0.0.tgz 0ms (cache hit)
1880 http cache flat-cache@https://registry.npmjs.org/flat-cache/-/flat-cache-4.0.1.tgz 0ms (cache hit)
1881 http cache acorn@https://registry.npmjs.org/acorn/-/acorn-8.15.0.tgz 0ms (cache hit)
1882 http cache estraverse@https://registry.npmjs.org/estraverse/-/estraverse-5.3.0.tgz 0ms (cache hit)
1883 http cache which@https://registry.npmjs.org/which/-/which-2.0.2.tgz 0ms (cache hit)
1884 http cache shebang-command@https://registry.npmjs.org/shebang-command/-/shebang-command-2.0.0.tgz 0ms (cache hit)
1885 http cache path-key@https://registry.npmjs.org/path-key/-/path-key-3.1.1.tgz 0ms (cache hit)
1886 http cache acorn-jsx@https://registry.npmjs.org/acorn-jsx/-/acorn-jsx-5.3.2.tgz 0ms (cache hit)
1887 http cache color-convert@https://registry.npmjs.org/color-convert/-/color-convert-2.0.1.tgz 0ms (cache hit)
1888 http cache color-name@https://registry.npmjs.org/color-name/-/color-name-1.1.4.tgz 0ms (cache hit)
1889 http cache supports-color@https://registry.npmjs.org/supports-color/-/supports-color-7.2.0.tgz 0ms (cache hit)
1890 http cache ansi-styles@https://registry.npmjs.org/ansi-styles/-/ansi-styles-4.3.0.tgz 0ms (cache hit)
1891 http cache json-schema-traverse@https://registry.npmjs.org/json-schema-traverse/-/json-schema-traverse-0.4.1.tgz 0ms (cache hit)
1892 http cache esrecurse@https://registry.npmjs.org/esrecurse/-/esrecurse-4.3.0.tgz 0ms (cache hit)
1893 http cache fast-json-stable-stringify@https://registry.npmjs.org/fast-json-stable-stringify/-/fast-json-stable-stringify-2.1.0.tgz 0ms (cache hit)
1894 http cache uri-js@https://registry.npmjs.org/uri-js/-/uri-js-4.4.1.tgz 0ms (cache hit)
1895 http cache @humanfs/core@https://registry.npmjs.org/@humanfs/core/-/core-0.19.1.tgz 0ms (cache hit)
1896 http cache levn@https://registry.npmjs.org/levn/-/levn-0.4.1.tgz 0ms (cache hit)
1897 http cache strip-json-comments@https://registry.npmjs.org/strip-json-comments/-/strip-json-comments-3.1.1.tgz 0ms (cache hit)
1898 http cache js-yaml@https://registry.npmjs.org/js-yaml/-/js-yaml-4.1.1.tgz 0ms (cache hit)
1899 http cache import-fresh@https://registry.npmjs.org/import-fresh/-/import-fresh-3.3.1.tgz 0ms (cache hit)
1900 http cache @types/json-schema@https://registry.npmjs.org/@types/json-schema/-/json-schema-7.0.15.tgz 0ms (cache hit)
1901 http cache @eslint/object-schema@https://registry.npmjs.org/@eslint/object-schema/-/object-schema-2.1.7.tgz 0ms (cache hit)
1902 http cache optionator@https://registry.npmjs.org/optionator/-/optionator-0.9.4.tgz 0ms (cache hit)
1903 http cache natural-compare@https://registry.npmjs.org/natural-compare/-/natural-compare-1.4.0.tgz 0ms (cache hit)
1904 http cache minimatch@https://registry.npmjs.org/minimatch/-/minimatch-3.1.2.tgz 0ms (cache hit)
1905 http cache lodash.merge@https://registry.npmjs.org/lodash.merge/-/lodash.merge-4.6.2.tgz 0ms (cache hit)
1906 http cache json-stable-stringify-without-jsonify@https://registry.npmjs.org/json-stable-stringify-without-jsonify/-/json-stable-stringify-without-jsonify-1.0.1.tgz 0ms (cache hit)
1907 http cache is-glob@https://registry.npmjs.org/is-glob/-/is-glob-4.0.3.tgz 0ms (cache hit)
1908 http cache imurmurhash@https://registry.npmjs.org/imurmurhash/-/imurmurhash-0.1.4.tgz 0ms (cache hit)
1909 http cache ignore@https://registry.npmjs.org/ignore/-/ignore-5.3.2.tgz 0ms (cache hit)
1910 http cache glob-parent@https://registry.npmjs.org/glob-parent/-/glob-parent-6.0.2.tgz 0ms (cache hit)
1911 http cache find-up@https://registry.npmjs.org/find-up/-/find-up-5.0.0.tgz 0ms (cache hit)
1912 http cache file-entry-cache@https://registry.npmjs.org/file-entry-cache/-/file-entry-cache-8.0.0.tgz 0ms (cache hit)
1913 http cache fast-deep-equal@https://registry.npmjs.org/fast-deep-equal/-/fast-deep-equal-3.1.3.tgz 0ms (cache hit)
1914 http cache esutils@https://registry.npmjs.org/esutils/-/esutils-2.0.3.tgz 0ms (cache hit)
1915 http cache esquery@https://registry.npmjs.org/esquery/-/esquery-1.7.0.tgz 0ms (cache hit)
1916 http cache espree@https://registry.npmjs.org/espree/-/espree-10.4.0.tgz 0ms (cache hit)
1917 http cache eslint-visitor-keys@https://registry.npmjs.org/eslint-visitor-keys/-/eslint-visitor-keys-4.2.1.tgz 0ms (cache hit)
1918 http cache eslint-scope@https://registry.npmjs.org/eslint-scope/-/eslint-scope-8.4.0.tgz 0ms (cache hit)
1919 http cache escape-string-regexp@https://registry.npmjs.org/escape-string-regexp/-/escape-string-regexp-4.0.0.tgz 0ms (cache hit)
1920 http cache cross-spawn@https://registry.npmjs.org/cross-spawn/-/cross-spawn-7.0.6.tgz 0ms (cache hit)
1921 http cache chalk@https://registry.npmjs.org/chalk/-/chalk-4.1.2.tgz 0ms (cache hit)
1922 http cache ajv@https://registry.npmjs.org/ajv/-/ajv-6.12.6.tgz 0ms (cache hit)
1923 http cache @types/estree@https://registry.npmjs.org/@types/estree/-/estree-1.0.8.tgz 0ms (cache hit)
1924 http cache @humanwhocodes/retry@https://registry.npmjs.org/@humanwhocodes/retry/-/retry-0.4.3.tgz 0ms (cache hit)
1925 http cache @humanwhocodes/module-importer@https://registry.npmjs.org/@humanwhocodes/module-importer/-/module-importer-1.0.1.tgz 0ms (cache hit)
1926 http cache @humanfs/node@https://registry.npmjs.org/@humanfs/node/-/node-0.16.7.tgz 0ms (cache hit)
1927 http cache @eslint/plugin-kit@https://registry.npmjs.org/@eslint/plugin-kit/-/plugin-kit-0.4.1.tgz 0ms (cache hit)
1928 http cache @eslint/eslintrc@https://registry.npmjs.org/@eslint/eslintrc/-/eslintrc-3.3.3.tgz 0ms (cache hit)
1929 http cache @eslint/core@https://registry.npmjs.org/@eslint/core/-/core-0.17.0.tgz 0ms (cache hit)
1930 http cache @eslint/config-helpers@https://registry.npmjs.org/@eslint/config-helpers/-/config-helpers-0.4.2.tgz 0ms (cache hit)
1931 http cache @eslint/config-array@https://registry.npmjs.org/@eslint/config-array/-/config-array-0.21.1.tgz 0ms (cache hit)
1932 http cache @eslint-community/regexpp@https://registry.npmjs.org/@eslint-community/regexpp/-/regexpp-4.12.2.tgz 0ms (cache hit)
1933 http cache @eslint-community/eslint-utils@https://registry.npmjs.org/@eslint-community/eslint-utils/-/eslint-utils-4.9.1.tgz 0ms (cache hit)
1934 http cache update-browserslist-db@https://registry.npmjs.org/update-browserslist-db/-/update-browserslist-db-1.2.3.tgz 0ms (cache hit)
1935 http cache ms@https://registry.npmjs.org/ms/-/ms-2.1.3.tgz 0ms (cache hit)
1936 http cache node-releases@https://registry.npmjs.org/node-releases/-/node-releases-2.0.27.tgz 0ms (cache hit)
1937 http cache electron-to-chromium@https://registry.npmjs.org/electron-to-chromium/-/electron-to-chromium-1.5.278.tgz 0ms (cache hit)
1938 http cache baseline-browser-mapping@https://registry.npmjs.org/baseline-browser-mapping/-/baseline-browser-mapping-2.9.18.tgz 0ms (cache hit)
1939 http cache fraction.js@https://registry.npmjs.org/fraction.js/-/fraction.js-5.3.4.tgz 0ms (cache hit)
1940 http cache caniuse-lite@https://registry.npmjs.org/caniuse-lite/-/caniuse-lite-1.0.30001766.tgz 0ms (cache hit)
1941 http cache @types/babel__traverse@https://registry.npmjs.org/@types/babel__traverse/-/babel__traverse-7.28.0.tgz 0ms (cache hit)
1942 http cache @types/babel__template@https://registry.npmjs.org/@types/babel__template/-/babel__template-7.4.4.tgz 0ms (cache hit)
1943 http cache @jridgewell/resolve-uri@https://registry.npmjs.org/@jridgewell/resolve-uri/-/resolve-uri-3.1.2.tgz 0ms (cache hit)
1944 http cache @babel/helper-string-parser@https://registry.npmjs.org/@babel/helper-string-parser/-/helper-string-parser-7.27.1.tgz 0ms (cache hit)
1945 http cache @jridgewell/sourcemap-codec@https://registry.npmjs.org/@jridgewell/sourcemap-codec/-/sourcemap-codec-1.5.5.tgz 0ms (cache hit)
1946 http cache @babel/helper-globals@https://registry.npmjs.org/@babel/helper-globals/-/helper-globals-7.28.0.tgz 0ms (cache hit)
1947 http cache @babel/helper-plugin-utils@https://registry.npmjs.org/@babel/helper-plugin-utils/-/helper-plugin-utils-7.28.6.tgz 0ms (cache hit)
1948 http cache @types/babel__generator@https://registry.npmjs.org/@types/babel__generator/-/babel__generator-7.27.0.tgz 0ms (cache hit)
1949 http cache lru-cache@https://registry.npmjs.org/lru-cache/-/lru-cache-5.1.1.tgz 0ms (cache hit)
1950 http cache browserslist@https://registry.npmjs.org/browserslist/-/browserslist-4.28.1.tgz 0ms (cache hit)
1951 http cache postcss-value-parser@https://registry.npmjs.org/postcss-value-parser/-/postcss-value-parser-4.2.0.tgz 0ms (cache hit)
1952 http cache @babel/helper-module-imports@https://registry.npmjs.org/@babel/helper-module-imports/-/helper-module-imports-7.28.6.tgz 0ms (cache hit)
1953 http cache @babel/helper-validator-option@https://registry.npmjs.org/@babel/helper-validator-option/-/helper-validator-option-7.27.1.tgz 0ms (cache hit)
1954 http cache @babel/compat-data@https://registry.npmjs.org/@babel/compat-data/-/compat-data-7.28.6.tgz 0ms (cache hit)
1955 http cache jsesc@https://registry.npmjs.org/jsesc/-/jsesc-3.1.0.tgz 0ms (cache hit)
1956 http cache @jridgewell/gen-mapping@https://registry.npmjs.org/@jridgewell/gen-mapping/-/gen-mapping-0.3.13.tgz 0ms (cache hit)
1957 http cache @jridgewell/trace-mapping@https://registry.npmjs.org/@jridgewell/trace-mapping/-/trace-mapping-0.3.31.tgz 0ms (cache hit)
1958 http cache picocolors@https://registry.npmjs.org/picocolors/-/picocolors-1.1.1.tgz 0ms (cache hit)
1959 http cache @babel/helper-validator-identifier@https://registry.npmjs.org/@babel/helper-validator-identifier/-/helper-validator-identifier-7.28.5.tgz 0ms (cache hit)
1960 http cache js-tokens@https://registry.npmjs.org/js-tokens/-/js-tokens-4.0.0.tgz 0ms (cache hit)
1961 http cache json5@https://registry.npmjs.org/json5/-/json5-2.2.3.tgz 0ms (cache hit)
1962 http cache semver@https://registry.npmjs.org/semver/-/semver-6.3.1.tgz 0ms (cache hit)
1963 http cache gensync@https://registry.npmjs.org/gensync/-/gensync-1.0.0-beta.2.tgz 0ms (cache hit)
1964 http cache debug@https://registry.npmjs.org/debug/-/debug-4.4.3.tgz 0ms (cache hit)
1965 http cache convert-source-map@https://registry.npmjs.org/convert-source-map/-/convert-source-map-2.0.0.tgz 0ms (cache hit)
1966 http cache @babel/types@https://registry.npmjs.org/@babel/types/-/types-7.28.6.tgz 0ms (cache hit)
1967 http cache @jridgewell/remapping@https://registry.npmjs.org/@jridgewell/remapping/-/remapping-2.3.5.tgz 0ms (cache hit)
1968 http cache @babel/traverse@https://registry.npmjs.org/@babel/traverse/-/traverse-7.28.6.tgz 0ms (cache hit)
1969 http cache @babel/template@https://registry.npmjs.org/@babel/template/-/template-7.28.6.tgz 0ms (cache hit)
1970 http cache @babel/parser@https://registry.npmjs.org/@babel/parser/-/parser-7.28.6.tgz 0ms (cache hit)
1971 http cache @babel/helpers@https://registry.npmjs.org/@babel/helpers/-/helpers-7.28.6.tgz 0ms (cache hit)
1972 http cache @babel/helper-module-transforms@https://registry.npmjs.org/@babel/helper-module-transforms/-/helper-module-transforms-7.28.6.tgz 0ms (cache hit)
1973 http cache @babel/helper-compilation-targets@https://registry.npmjs.org/@babel/helper-compilation-targets/-/helper-compilation-targets-7.28.6.tgz 0ms (cache hit)
1974 http cache @babel/code-frame@https://registry.npmjs.org/@babel/code-frame/-/code-frame-7.28.6.tgz 0ms (cache hit)
1975 http cache @babel/generator@https://registry.npmjs.org/@babel/generator/-/generator-7.28.6.tgz 0ms (cache hit)
1976 http cache @rolldown/pluginutils@https://registry.npmjs.org/@rolldown/pluginutils/-/pluginutils-1.0.0-beta.27.tgz 0ms (cache hit)
1977 http cache @types/babel__core@https://registry.npmjs.org/@types/babel__core/-/babel__core-7.20.5.tgz 0ms (cache hit)
1978 http cache react-refresh@https://registry.npmjs.org/react-refresh/-/react-refresh-0.17.0.tgz 0ms (cache hit)
1979 http cache @babel/plugin-transform-react-jsx-source@https://registry.npmjs.org/@babel/plugin-transform-react-jsx-source/-/plugin-transform-react-jsx-source-7.27.1.tgz 0ms (cache hit)
1980 http cache @babel/core@https://registry.npmjs.org/@babel/core/-/core-7.28.6.tgz 0ms (cache hit)
1981 http cache @babel/plugin-transform-react-jsx-self@https://registry.npmjs.org/@babel/plugin-transform-react-jsx-self/-/plugin-transform-react-jsx-self-7.27.1.tgz 0ms (cache hit)
1982 http cache undici-types@https://registry.npmjs.org/undici-types/-/undici-types-7.16.0.tgz 0ms (cache hit)
1983 http cache @types/node@https://registry.npmjs.org/@types/node/-/node-25.0.10.tgz 0ms (cache hit)
1984 http cache csstype@https://registry.npmjs.org/csstype/-/csstype-3.2.3.tgz 0ms (cache hit)
1985 http cache iceberg-js@https://registry.npmjs.org/iceberg-js/-/iceberg-js-0.8.1.tgz 0ms (cache hit)
1986 http cache ws@https://registry.npmjs.org/ws/-/ws-8.19.0.tgz 0ms (cache hit)
1987 http cache @types/ws@https://registry.npmjs.org/@types/ws/-/ws-8.18.1.tgz 0ms (cache hit)
1988 http cache @types/phoenix@https://registry.npmjs.org/@types/phoenix/-/phoenix-1.6.7.tgz 0ms (cache hit)
1989 http cache tslib@https://registry.npmjs.org/tslib/-/tslib-2.8.1.tgz 0ms (cache hit)
1990 http cache @supabase/storage-js@https://registry.npmjs.org/@supabase/storage-js/-/storage-js-2.91.1.tgz 0ms (cache hit)
1991 http cache @supabase/realtime-js@https://registry.npmjs.org/@supabase/realtime-js/-/realtime-js-2.91.1.tgz 0ms (cache hit)
1992 http cache @supabase/postgrest-js@https://registry.npmjs.org/@supabase/postgrest-js/-/postgrest-js-2.91.1.tgz 0ms (cache hit)
1993 http cache @supabase/functions-js@https://registry.npmjs.org/@supabase/functions-js/-/functions-js-2.91.1.tgz 0ms (cache hit)
1994 http cache @types/prop-types@https://registry.npmjs.org/@types/prop-types/-/prop-types-15.7.15.tgz 0ms (cache hit)
1995 http cache typescript-eslint@https://registry.npmjs.org/typescript-eslint/-/typescript-eslint-8.53.1.tgz 0ms (cache hit)
1996 http cache typescript@https://registry.npmjs.org/typescript/-/typescript-5.9.3.tgz 0ms (cache hit)
1997 http cache @supabase/auth-js@https://registry.npmjs.org/@supabase/auth-js/-/auth-js-2.91.1.tgz 0ms (cache hit)
1998 http cache tailwindcss@https://registry.npmjs.org/tailwindcss/-/tailwindcss-3.4.19.tgz 0ms (cache hit)
1999 http cache react-dom@https://registry.npmjs.org/react-dom/-/react-dom-18.3.1.tgz 0ms (cache hit)
2000 http cache react@https://registry.npmjs.org/react/-/react-18.3.1.tgz 0ms (cache hit)
2001 http cache lucide-react@https://registry.npmjs.org/lucide-react/-/lucide-react-0.469.0.tgz 0ms (cache hit)
2002 http cache globals@https://registry.npmjs.org/globals/-/globals-15.15.0.tgz 0ms (cache hit)
2003 http cache eslint-plugin-react-refresh@https://registry.npmjs.org/eslint-plugin-react-refresh/-/eslint-plugin-react-refresh-0.4.26.tgz 0ms (cache hit)
2004 http cache eslint-plugin-react-hooks@https://registry.npmjs.org/eslint-plugin-react-hooks/-/eslint-plugin-react-hooks-5.2.0.tgz 0ms (cache hit)
2005 http cache eslint@https://registry.npmjs.org/eslint/-/eslint-9.39.2.tgz 0ms (cache hit)
2006 http cache clsx@https://registry.npmjs.org/clsx/-/clsx-2.1.1.tgz 0ms (cache hit)
2007 http cache postcss@https://registry.npmjs.org/postcss/-/postcss-8.5.6.tgz 0ms (cache hit)
2008 http cache autoprefixer@https://registry.npmjs.org/autoprefixer/-/autoprefixer-10.4.23.tgz 0ms (cache hit)
2009 http cache vite@https://registry.npmjs.org/vite/-/vite-6.4.1.tgz 0ms (cache hit)
2010 http cache @vitejs/plugin-react@https://registry.npmjs.org/@vitejs/plugin-react/-/plugin-react-4.7.0.tgz 0ms (cache hit)
2011 http cache @types/react-dom@https://registry.npmjs.org/@types/react-dom/-/react-dom-18.3.7.tgz 0ms (cache hit)
2012 http cache @types/react@https://registry.npmjs.org/@types/react/-/react-18.3.27.tgz 0ms (cache hit)
2013 http cache @supabase/supabase-js@https://registry.npmjs.org/@supabase/supabase-js/-/supabase-js-2.91.1.tgz 0ms (cache hit)
2014 http cache @eslint/js@https://registry.npmjs.org/@eslint/js/-/js-9.39.2.tgz 0ms (cache hit)
2015 http cache brace-expansion@https://registry.npmjs.org/brace-expansion/-/brace-expansion-2.0.2.tgz 0ms (cache hit)
2016 http cache semver@https://registry.npmjs.org/semver/-/semver-7.7.3.tgz 0ms (cache hit)
2017 http cache picomatch@https://registry.npmjs.org/picomatch/-/picomatch-4.0.3.tgz 0ms (cache hit)
2018 http cache ignore@https://registry.npmjs.org/ignore/-/ignore-7.0.5.tgz 0ms (cache hit)
2019 http cache fdir@https://registry.npmjs.org/fdir/-/fdir-6.5.0.tgz 0ms (cache hit)
2020 http cache minimatch@https://registry.npmjs.org/minimatch/-/minimatch-9.0.5.tgz 0ms (cache hit)
2021 http cache glob-parent@https://registry.npmjs.org/glob-parent/-/glob-parent-5.1.2.tgz 0ms (cache hit)
2022 http cache glob-parent@https://registry.npmjs.org/glob-parent/-/glob-parent-5.1.2.tgz 0ms (cache hit)
2023 http cache globals@https://registry.npmjs.org/globals/-/globals-14.0.0.tgz 0ms (cache hit)
2024 http cache eslint-visitor-keys@https://registry.npmjs.org/eslint-visitor-keys/-/eslint-visitor-keys-3.4.3.tgz 0ms (cache hit)
2025 http cache picomatch@https://registry.npmjs.org/picomatch/-/picomatch-4.0.3.tgz 0ms (cache hit)
2026 http cache fdir@https://registry.npmjs.org/fdir/-/fdir-6.5.0.tgz 0ms (cache hit)
2027 http fetch POST 200 https://registry.npmjs.org/-/npm/v1/security/advisories/bulk 479ms
2028 silly audit report {}
2029 info run fsevents@2.3.3 install node_modules/fsevents node-gyp rebuild
2030 info run fsevents@2.3.3 install { code: 1, signal: null }
2031 verbose reify failed optional dependency /Users/mitchellengare/Downloads/african-gbv-tracker-v2/node_modules/fsevents
2032 silly reify mark deleted [
2032 silly reify   '/Users/mitchellengare/Downloads/african-gbv-tracker-v2/node_modules/fsevents'
2032 silly reify ]
2033 info run esbuild@0.25.12 postinstall node_modules/esbuild node install.js
2034 info run esbuild@0.25.12 postinstall { code: 0, signal: null }
2035 silly ADD node_modules/isexe
2036 silly ADD
2037 silly ADD
2038 silly ADD
2039 silly ADD
2040 silly ADD
2041 silly ADD
2042 silly ADD
2043 silly ADD
2044 silly ADD
2045 silly ADD
2046 silly ADD
2047 silly ADD
2048 silly ADD
2049 silly ADD
2050 silly ADD
2051 silly ADD
2052 silly ADD
2053 silly ADD
2054 silly ADD
2055 silly ADD
2056 silly ADD
2057 silly ADD
2058 silly ADD node_modules/@rollup/rollup-darwin-arm64
2059 silly ADD
2060 silly ADD
2061 silly ADD
2062 silly ADD
2063 silly ADD
2064 silly ADD
2065 silly ADD
2066 silly ADD
2067 silly ADD
2068 silly ADD
2069 silly ADD
2070 silly ADD
2071 silly ADD
2072 silly ADD
2073 silly ADD
2074 silly ADD
2075 silly ADD
2076 silly ADD
2077 silly ADD
2078 silly ADD
2079 silly ADD
2080 silly ADD
2081 silly ADD
2082 silly ADD node_modules/@esbuild/darwin-arm64
2083 silly ADD
2084 silly ADD
2085 silly ADD
2086 silly ADD
2087 silly ADD node_modules/rollup
2088 silly ADD node_modules/esbuild
2089 silly ADD node_modules/punycode
2090 silly ADD node_modules/escalade
2091 silly ADD node_modules/@typescript-eslint/tsconfig-utils
2092 silly ADD node_modules/@typescript-eslint/project-service
2093 silly ADD node_modules/@typescript-eslint/types
2094 silly ADD node_modules/ts-api-utils
2095 silly ADD node_modules/@typescript-eslint/visitor-keys
2096 silly ADD node_modules/@typescript-eslint/type-utils
2097 silly ADD node_modules/@typescript-eslint/scope-manager
2098 silly ADD node_modules/@typescript-eslint/utils
2099 silly ADD node_modules/@typescript-eslint/typescript-estree
2100 silly ADD node_modules/@typescript-eslint/typescript-estree/node_modules/brace-expansion
2101 silly ADD node_modules/@typescript-eslint/typescript-estree/node_modules/semver
2102 silly ADD node_modules/@typescript-eslint/typescript-estree/node_modules/minimatch
2103 silly ADD node_modules/@typescript-eslint/parser
2104 silly ADD node_modules/@typescript-eslint/eslint-plugin
2105 silly ADD node_modules/@typescript-eslint/eslint-plugin/node_modules/ignore
2106 silly ADD node_modules/is-number
2107 silly ADD node_modules/thenify
2108 silly ADD node_modules/thenify-all
2109 silly ADD node_modules/object-assign
2110 silly ADD node_modules/any-promise
2111 silly ADD node_modules/ts-interface-checker
2112 silly ADD node_modules/tinyglobby
2113 silly ADD node_modules/tinyglobby/node_modules/picomatch
2114 silly ADD node_modules/tinyglobby/node_modules/fdir
2115 silly ADD node_modules/pirates
2116 silly ADD node_modules/mz
2117 silly ADD node_modules/lines-and-columns
2118 silly ADD node_modules/commander
2119 silly ADD node_modules/queue-microtask
2120 silly ADD node_modules/function-bind
2121 silly ADD node_modules/hasown
2122 silly ADD node_modules/supports-preserve-symlinks-flag
2123 silly ADD node_modules/path-parse
2124 silly ADD node_modules/is-core-module
2125 silly ADD node_modules/pify
2126 silly ADD node_modules/util-deprecate
2127 silly ADD node_modules/cssesc
2128 silly ADD node_modules/camelcase-css
2129 silly ADD node_modules/read-cache
2130 silly ADD node_modules/binary-extensions
2131 silly ADD node_modules/to-regex-range
2132 silly ADD node_modules/reusify
2133 silly ADD node_modules/run-parallel
2134 silly ADD node_modules/fastq
2135 silly ADD node_modules/@nodelib/fs.scandir
2136 silly ADD node_modules/merge2
2137 silly ADD node_modules/@nodelib/fs.walk
2138 silly ADD node_modules/@nodelib/fs.stat
2139 silly ADD node_modules/fill-range
2140 silly ADD node_modules/picomatch
2141 silly ADD node_modules/readdirp
2142 silly ADD node_modules/is-binary-path
2143 silly ADD
2144 silly ADD node_modules/braces
2145 silly ADD node_modules/anymatch
2146 silly ADD node_modules/sucrase
2147 silly ADD node_modules/resolve
2148 silly ADD node_modules/postcss-selector-parser
2149 silly ADD node_modules/postcss-nested
2150 silly ADD node_modules/postcss-load-config
2151 silly ADD node_modules/postcss-js
2152 silly ADD node_modules/postcss-import
2153 silly ADD node_modules/object-hash
2154 silly ADD node_modules/normalize-path
2155 silly ADD node_modules/micromatch
2156 silly ADD node_modules/lilconfig
2157 silly ADD node_modules/jiti
2158 silly ADD node_modules/fast-glob
2159 silly ADD node_modules/fast-glob/node_modules/glob-parent
2160 silly ADD node_modules/dlv
2161 silly ADD node_modules/didyoumean
2162 silly ADD node_modules/chokidar
2163 silly ADD node_modules/chokidar/node_modules/glob-parent
2164 silly ADD node_modules/arg
2165 silly ADD node_modules/@alloc/quick-lru
2166 silly ADD node_modules/has-flag
2167 silly ADD node_modules/shebang-regex
2168 silly ADD node_modules/scheduler
2169 silly ADD node_modules/loose-envify
2170 silly ADD node_modules/source-map-js
2171 silly ADD node_modules/nanoid
2172 silly ADD node_modules/callsites
2173 silly ADD node_modules/yocto-queue
2174 silly ADD node_modules/p-limit
2175 silly ADD node_modules/word-wrap
2176 silly ADD node_modules/fast-levenshtein
2177 silly ADD node_modules/deep-is
2178 silly ADD node_modules/concat-map
2179 silly ADD node_modules/balanced-match
2180 silly ADD node_modules/brace-expansion
2181 silly ADD node_modules/yallist
2182 silly ADD node_modules/p-locate
2183 silly ADD node_modules/type-check
2184 silly ADD node_modules/prelude-ls
2185 silly ADD node_modules/json-buffer
2186 silly ADD node_modules/argparse
2187 silly ADD node_modules/is-extglob
2188 silly ADD node_modules/resolve-from
2189 silly ADD node_modules/parent-module
2190 silly ADD node_modules/keyv
2191 silly ADD node_modules/flatted
2192 silly ADD node_modules/path-exists
2193 silly ADD node_modules/locate-path
2194 silly ADD node_modules/flat-cache
2195 silly ADD node_modules/acorn-jsx
2196 silly ADD node_modules/acorn
2197 silly ADD node_modules/estraverse
2198 silly ADD node_modules/esrecurse
2199 silly ADD node_modules/which
2200 silly ADD node_modules/shebang-command
2201 silly ADD node_modules/path-key
2202 silly ADD node_modules/color-name
2203 silly ADD node_modules/color-convert
2204 silly ADD node_modules/supports-color
2205 silly ADD node_modules/ansi-styles
2206 silly ADD node_modules/uri-js
2207 silly ADD node_modules/json-schema-traverse
2208 silly ADD node_modules/fast-json-stable-stringify
2209 silly ADD node_modules/@humanfs/core
2210 silly ADD node_modules/levn
2211 silly ADD node_modules/strip-json-comments
2212 silly ADD node_modules/js-yaml
2213 silly ADD node_modules/import-fresh
2214 silly ADD node_modules/@types/json-schema
2215 silly ADD node_modules/@eslint/object-schema
2216 silly ADD node_modules/optionator
2217 silly ADD node_modules/natural-compare
2218 silly ADD node_modules/minimatch
2219 silly ADD node_modules/lodash.merge
2220 silly ADD node_modules/json-stable-stringify-without-jsonify
2221 silly ADD node_modules/is-glob
2222 silly ADD node_modules/imurmurhash
2223 silly ADD node_modules/ignore
2224 silly ADD node_modules/glob-parent
2225 silly ADD node_modules/find-up
2226 silly ADD node_modules/file-entry-cache
2227 silly ADD node_modules/fast-deep-equal
2228 silly ADD node_modules/esutils
2229 silly ADD node_modules/esquery
2230 silly ADD node_modules/espree
2231 silly ADD node_modules/eslint-visitor-keys
2232 silly ADD node_modules/eslint-scope
2233 silly ADD node_modules/escape-string-regexp
2234 silly ADD node_modules/cross-spawn
2235 silly ADD node_modules/chalk
2236 silly ADD node_modules/ajv
2237 silly ADD node_modules/@types/estree
2238 silly ADD node_modules/@humanwhocodes/retry
2239 silly ADD node_modules/@humanwhocodes/module-importer
2240 silly ADD node_modules/@humanfs/node
2241 silly ADD node_modules/@eslint/plugin-kit
2242 silly ADD node_modules/@eslint/eslintrc
2243 silly ADD node_modules/@eslint/eslintrc/node_modules/globals
2244 silly ADD node_modules/@eslint/core
2245 silly ADD node_modules/@eslint/config-helpers
2246 silly ADD node_modules/@eslint/config-array
2247 silly ADD node_modules/@eslint-community/regexpp
2248 silly ADD node_modules/@eslint-community/eslint-utils
2249 silly ADD node_modules/@eslint-community/eslint-utils/node_modules/eslint-visitor-keys
2250 silly ADD node_modules/ms
2251 silly ADD node_modules/update-browserslist-db
2252 silly ADD node_modules/node-releases
2253 silly ADD node_modules/electron-to-chromium
2254 silly ADD node_modules/baseline-browser-mapping
2255 silly ADD node_modules/postcss-value-parser
2256 silly ADD node_modules/fraction.js
2257 silly ADD node_modules/caniuse-lite
2258 silly ADD node_modules/@types/babel__traverse
2259 silly ADD node_modules/@types/babel__template
2260 silly ADD node_modules/@types/babel__generator
2261 silly ADD node_modules/@jridgewell/resolve-uri
2262 silly ADD node_modules/@jridgewell/sourcemap-codec
2263 silly ADD node_modules/@babel/helper-string-parser
2264 silly ADD node_modules/@babel/helper-globals
2265 silly ADD node_modules/@babel/helper-plugin-utils
2266 silly ADD node_modules/@babel/helper-module-imports
2267 silly ADD node_modules/lru-cache
2268 silly ADD node_modules/browserslist
2269 silly ADD node_modules/@babel/helper-validator-option
2270 silly ADD node_modules/@babel/compat-data
2271 silly ADD node_modules/jsesc
2272 silly ADD node_modules/@jridgewell/trace-mapping
2273 silly ADD node_modules/@jridgewell/gen-mapping
2274 silly ADD node_modules/picocolors
2275 silly ADD node_modules/js-tokens
2276 silly ADD node_modules/@babel/helper-validator-identifier
2277 silly ADD node_modules/semver
2278 silly ADD node_modules/json5
2279 silly ADD node_modules/gensync
2280 silly ADD node_modules/debug
2281 silly ADD node_modules/convert-source-map
2282 silly ADD node_modules/@jridgewell/remapping
2283 silly ADD node_modules/@babel/types
2284 silly ADD node_modules/@babel/traverse
2285 silly ADD node_modules/@babel/template
2286 silly ADD node_modules/@babel/parser
2287 silly ADD node_modules/@babel/helpers
2288 silly ADD node_modules/@babel/helper-module-transforms
2289 silly ADD node_modules/@babel/helper-compilation-targets
2290 silly ADD node_modules/@babel/generator
2291 silly ADD node_modules/@babel/code-frame
2292 silly ADD node_modules/react-refresh
2293 silly ADD node_modules/@types/babel__core
2294 silly ADD node_modules/@rolldown/pluginutils
2295 silly ADD node_modules/@babel/plugin-transform-react-jsx-source
2296 silly ADD node_modules/@babel/plugin-transform-react-jsx-self
2297 silly ADD node_modules/@babel/core
2298 silly ADD node_modules/undici-types
2299 silly ADD node_modules/@types/node
2300 silly ADD node_modules/csstype
2301 silly ADD node_modules/@types/prop-types
2302 silly ADD node_modules/iceberg-js
2303 silly ADD node_modules/ws
2304 silly ADD node_modules/@types/ws
2305 silly ADD node_modules/@types/phoenix
2306 silly ADD node_modules/tslib
2307 silly ADD node_modules/@supabase/storage-js
2308 silly ADD node_modules/@supabase/realtime-js
2309 silly ADD node_modules/@supabase/postgrest-js
2310 silly ADD node_modules/@supabase/functions-js
2311 silly ADD node_modules/@supabase/auth-js
2312 silly ADD node_modules/typescript-eslint
2313 silly ADD node_modules/typescript
2314 silly ADD node_modules/tailwindcss
2315 silly ADD node_modules/react-dom
2316 silly ADD node_modules/react
2317 silly ADD node_modules/lucide-react
2318 silly ADD node_modules/globals
2319 silly ADD node_modules/eslint-plugin-react-refresh
2320 silly ADD node_modules/eslint-plugin-react-hooks
2321 silly ADD node_modules/eslint
2322 silly ADD node_modules/clsx
2323 silly ADD node_modules/postcss
2324 silly ADD node_modules/autoprefixer
2325 silly ADD node_modules/vite
2326 silly ADD node_modules/vite/node_modules/picomatch
2327 silly ADD node_modules/vite/node_modules/fdir
2328 silly ADD node_modules/@vitejs/plugin-react
2329 silly ADD node_modules/@types/react-dom
2330 silly ADD node_modules/@types/react
2331 silly ADD node_modules/@supabase/supabase-js
2332 silly ADD node_modules/@eslint/js
2333 verbose cwd /Users/mitchellengare/Downloads/african-gbv-tracker-v2
2334 verbose os Darwin 24.6.0
2335 verbose node v23.11.0
2336 verbose npm  v10.9.2
2337 verbose exit 0
2338 info ok
